state,sheet,legacy_agency,legacy_city,legacy_county,legacy_ori,status,needs_review,current_ori,current_name,current_type,current_county
NY,LAW ENFORCEMENT AGENCIE NEWYORK,ADAMS PD,ADAMS,JEFFERSON,NY0222000,current,,NY0222000,Adams Village Police Department,city,Jefferson
NY,LAW ENFORCEMENT AGENCIE NEWYORK,ADDISON PD,ADDISON,STEUBEN,NY0502000,current,,NY0502000,Addison Town and Village Police Department,city,Steuben
NY,LAW ENFORCEMENT AGENCIE NEWYORK,AFTON PD,AFTON,CHENANGO,NY0062000,current,yes,NY0062000,Lakewood-Busti Police Department,city,Chautauqua
NY,LAW ENFORCEMENT AGENCIE NEWYORK,AKRON VILLAGE PD,AKRON,ERIE,NY0143200,current,,NY0143200,Akron Village Police Department,city,Erie
NY,LAW ENFORCEMENT AGENCIE NEWYORK,AKWESASNE INDIAN RESERVATPD,HOGANSBURG,FRANKLIN,NY0162500,not_found,,,,,
NY,LAW ENFORCEMENT AGENCIE NEWYORK,ALBANY PD,ALBANY,ALBANY,NY0010100,current,,NY0010100,Albany Police Department,city,Albany
NY,LAW ENFORCEMENT AGENCIE NEWYORK,*CAPITAL POLICE,ALBANY,ALBANY,NY0015400,not_found,,,,,
NY,LAW ENFORCEMENT AGENCIE NEWYORK,*DEPARTMENT OF ENVIRONMENT CONSERVATION,ALBANY,ALBANY,NYC015600,not_found,,,,,
NY,LAW ENFORCEMENT AGENCIE NEWYORK,*MENANDS PD,ALBANY,ALBANY,NY0012500,current,,NY0012500,Menands Village Police Department,city,Albany
NY,LAW ENFORCEMENT AGENCIE NEWYORK,*SHERIFF'S OFFICE,ALBANY,ALBANY,NY0010000,current,,NY0010000,Albany County Sheriff's Office,county,Albany
NY,LAW ENFORCEMENT AGENCIE NEWYORK,*STATE UNIVERSITY PD,ALBANY,ALBANY,NY0010400,not_found,,,,,
NY,LAW ENFORCEMENT AGENCIE NEWYORK,*NEW YORK STATE ALBANY DIVISION OF,ALBANY,BRONX,NY1011100,not_found,,,,,
NY,LAW ENFORCEMENT AGENCIE NEWYORK,*CAPITOL BUILDING SECURITY POLICE,ALBANY,N/A,NY1011000,not_found,,,,,
NY,LAW ENFORCEMENT AGENCIE NEWYORK,*NEW YORK STATE POLICE DIVISION HEADQUARTERS,ALBANY,N/A,NY1010000,current,,NY1010000,New York State Police,state_police,
NY,LAW ENFORCEMENT AGENCIE NEWYORK,*STATE POLICE-THRUWAY,ALBANY,N/A,NY1010500,not_found,,,,,
NY,LAW ENFORCEMENT AGENCIE NEWYORK,ALBION PD,ALBION,ORLEANS,NY0362000,current,,NY0362000,Albion Village Police Department,city,Orleans
NY,LAW ENFORCEMENT AGENCIE NEWYORK,*STATE POLICE,ALBION,N/A,NY1360100,not_found,,,,,
NY,LAW ENFORCEMENT AGENCIE NEWYORK,*SHERIFF’S OFFICE,ALBION,ORLEANS,NY0360000,current,,NY0360000,Orleans County Sheriff's Office,county,Orleans
NY,LAW ENFORCEMENT AGENCIE NEWYORK,ALDEN PD,ALDEN,ERIE,NY0142000,not_found,,,,,
NY,LAW ENFORCEMENT AGENCIE NEWYORK,ALEXANDRIA BAY PD,ALEXANDRIA BAY,JEFFERSON,NY0222100,current,,NY0222100,Alexandria Bay Village Police Department,city,Jefferson
NY,LAW ENFORCEMENT AGENCIE NEWYORK,*THOUSAND ISLAND STATE PARK COMMISSION,ALEXANDRIA BAY,JEFFERSON,NY0229000,current,,NY0229000,State Park: Thousand Island Region,other_state,
NY,LAW ENFORCEMENT AGENCIE NEWYORK,*STATE POLICE,ALEXANDRIA BAY,N/A,NY1220300,not_found,,,,,
NY,LAW ENFORCEMENT AGENCIE NEWYORK,ALFRED PD,ALFRED,ALLEGANY,NY0022000,current,,NY0022000,Alfred Village Police Department,city,Allegany
NY,LAW ENFORCEMENT AGENCIE NEWYORK,*STATE UNIVERSITY AGRICULTAND TECHNICAL COLLEGE PD,ALFRED,ALLEGANY,NY0020400,not_found,,,,,
NY,LAW ENFORCEMENT AGENCIE NEWYORK,ALLEGANY PD,ALLEGANY,CATTARAUGUS,NY0042000,current,,NY0042000,Allegany Village Police Department,city,Cattaraugus
NY,LAW ENFORCEMENT AGENCIE NEWYORK,ALLEGANY STATE PARK COMMISSION,SALAMANCA,CATTARAUGUS,NY0049000,current,,NY0049000,State Park: Allegany Region,other_state,
NY,LAW ENFORCEMENT AGENCIE NEWYORK,*STATE POLICE,ALLEGANY,N/A,NY1040100,not_found,,,,,
NY,LAW ENFORCEMENT AGENCIE NEWYORK,ALMOND PD,ALMOND,ALLEGANY,NY0023000,not_found,,,,,
NY,LAW ENFORCEMENT AGENCIE NEWYORK,ALMOND VILLAGE PD,ALMOND,STEUBEN,NY050S500,not_found,,,,,
NY,LAW ENFORCEMENT AGENCIE NEWYORK,ALTAMONT PD,ALTAMONT,ALBANY,NY0012100,current,,NY0012100,Altamont Village Police Department,city,Albany
NY,LAW ENFORCEMENT AGENCIE NEWYORK,AMHERST TOWN PD,WILLIAMSVILLE,ERIE,NY0145100,current,,NY0145100,Amherst Town Police Department,city,Erie
NY,LAW ENFORCEMENT AGENCIE NEWYORK,AMITY PD,BELMONT,ALLEGANY,NY0025400,not_found,,,,,
NY,LAW ENFORCEMENT AGENCIE NEWYORK,AMITYVILLE PD,AMITYVILLE,SUFFOLK,NY0512000,current,,NY0512000,Amityville Village Police Department,city,Suffolk
NY,LAW ENFORCEMENT AGENCIE NEWYORK,AMSTERDAM PD,AMSTERDAM,MONTGOMERY,NY0280100,current,,NY0280100,Amsterdam Police Department,city,Montgomery
NY,LAW ENFORCEMENT AGENCIE NEWYORK,ANDOVER PD,ANDOVER,ALLEGANY,NY0022200,current,,NY0022200,Andover Village Police Department,city,Allegany
NY,LAW ENFORCEMENT AGENCIE NEWYORK,ANGELICA PD,ANGELICA,ALLEGANY,NY0022300,current,,NY0022300,Angelica Village Police Department,city,Allegany
NY,LAW ENFORCEMENT AGENCIE NEWYORK,ANGOLA PD,ANGOLA,ERIE,NY0142800,not_found,,,,,
NY,LAW ENFORCEMENT AGENCIE NEWYORK,ARCADE PD,ARCADE,WYOMING,NY0602000,current,,NY0602000,Arcade Village Police Department,city,Wyoming
NY,LAW ENFORCEMENT AGENCIE NEWYORK,ARDSLEY PD,ARDSLEY,WESTCHESTER,NY0592400,current,,NY0592400,Ardsley Village Police Department,city,Westchester
NY,LAW ENFORCEMENT AGENCIE NEWYORK,ARKPORT PD,ARKPORT,STEUBEN,NY0503100,not_found,,,,,
NY,LAW ENFORCEMENT AGENCIE NEWYORK,ARLINGTON PD,POUGHKEEPSIE,DUTCHESS,NY0130300,not_found,,,,,
NY,LAW ENFORCEMENT AGENCIE NEWYORK,ASHAROKEN PD,NORTHPORT,SUFFOLK,NY0514400,current,,NY0514400,Asharoken Village Police Department,city,Suffolk
NY,LAW ENFORCEMENT AGENCIE NEWYORK,ATHENS PD,ATHENS,GREENE,NY0192000,current,,NY0192000,Athens Village Police Department,city,Greene
NY,LAW ENFORCEMENT AGENCIE NEWYORK,ATTICA VILLAGE PD,ATTICA,WYOMING,NY0602100,current,,NY0602100,Attica Village Police Department,city,"Genesee, Wyoming"
NY,LAW ENFORCEMENT AGENCIE NEWYORK,AUBURN CITY PD,AUBURN,CAYUGA,NY0050100,current,,NY0050100,Auburn Police Department,city,Cayuga
NY,LAW ENFORCEMENT AGENCIE NEWYORK,*SHERIFF’S OFFICE,AUBURN,CAYUGA,NY0050000,current,,NY0050000,Cayuga County Sheriff's Office,county,Cayuga
NY,LAW ENFORCEMENT AGENCIE NEWYORK,*STATE POLICE,AUBURN,N/A,NY1050100,not_found,,,,,
NY,LAW ENFORCEMENT AGENCIE NEWYORK,AURORA PD,AURORA,ERIE,NY0145200,not_found,,,,,
NY,LAW ENFORCEMENT AGENCIE NEWYORK,AVOCA TOWN PD,AVOCA,STEUBEN,NY0505100,not_found,,,,,
NY,LAW ENFORCEMENT AGENCIE NEWYORK,AVOCA VILLAGE PD,AVOCA,STEUBEN,NY0502100,not_found,,,,,
NY,LAW ENFORCEMENT AGENCIE NEWYORK,AVON PD,AVON,LIVINGTON,NY0252000,current,,NY0252000,Avon Village Police Department,city,Livingston
NY,LAW ENFORCEMENT AGENCIE NEWYORK,BABYLON TOWN PD,BABYLON TOWN,SUFFOLK,NY051P200,not_found,,,,,
NY,LAW ENFORCEMENT AGENCIE NEWYORK,BABYLON VILLAGE PD,BABYLON,SUFFOLK,NY0510300,not_found,,,,,
NY,LAW ENFORCEMENT AGENCIE NEWYORK,*LONG ISLAND STATE PARK COMMISSION,BABYLON,SUFFOLK,NY0519000,current,,NY0519000,State Park: Long Island Region,other_state,
NY,LAW ENFORCEMENT AGENCIE NEWYORK,BAINBRIDGE PD,BAINBRIDGE,CHENANGO,NY0082100,current,,NY0082100,Bainbridge Village Police Department,city,Chenango
NY,LAW ENFORCEMENT AGENCIE NEWYORK,BALDWINSVILLE PD,BALDWINSVILLE,ONONDAGA,NY0332700,current,,NY0332700,Baldwinsville Village Police Department,city,Onondaga
NY,LAW ENFORCEMENT AGENCIE NEWYORK,BALLSTON SPA PD,BALLSTON SPA,SARATOGA,NY0452000,current,,NY0452000,Ballston Spa Village Police Department,city,Saratoga
NY,LAW ENFORCEMENT AGENCIE NEWYORK,*GALWAY PD,BALLSTON SPA,SARATOGA,NY0456900,not_found,,,,,
NY,LAW ENFORCEMENT AGENCIE NEWYORK,*SHERIFF’S OFFICE,BALLSTON SPA,SARATOGA,NY0450000,current,,NY0450000,Saratoga County Sheriff's Office,county,Saratoga
NY,LAW ENFORCEMENT AGENCIE NEWYORK,BARKER PD,BARKER,NIAGARA,NY0312400,not_found,,,,,
NY,LAW ENFORCEMENT AGENCIE NEWYORK,*SOMERSET TOWN PD,BARKER,NIAGARA,NY0315900,current,,NY0315900,Somerset Town Police Department,city,Niagara
NY,LAW ENFORCEMENT AGENCIE NEWYORK,BATAVIA PD,BATAVIA,GENESEE,NY0180100,current,,NY0180100,Batavia Police Department,city,Genesee
NY,LAW ENFORCEMENT AGENCIE NEWYORK,*SHERIFF'S OFFICE,BATAVIA,GENESEE,NY0180000,current,,NY0180000,Genesee County Sheriff's Office,county,Genesee
NY,LAW ENFORCEMENT AGENCIE NEWYORK,*STATE POLICE,BATAVIA,N/A,NY1180100,not_found,,,,,
NY,LAW ENFORCEMENT AGENCIE NEWYORK,BATH VILLAGE PD,BATH,STEUBEN,NY0502200,current,,NY0502200,Bath Village Police Department,city,Steuben
NY,LAW ENFORCEMENT AGENCIE NEWYORK,*STATE POLICE,BATH,N/A,NY1500100,not_found,,,,,
NY,LAW ENFORCEMENT AGENCIE NEWYORK,*SHERIFF'S OFFICE,BATH,STEUBEN,NY0500000,current,,NY0500000,Steuben County Sheriff's Office,county,Steuben
NY,LAW ENFORCEMENT AGENCIE NEWYORK,BAYVILLE PD,BAYVILLE,NASSAU,NY0290800,not_found,,,,,
NY,LAW ENFORCEMENT AGENCIE NEWYORK,BEACON CITY PD,BEACON,DUTCHESS,NY0130100,current,,NY0130100,Beacon Police Department,city,Dutchess
NY,LAW ENFORCEMENT AGENCIE NEWYORK,BEDFORD PD,BEDFORD,WESTCHESTER,NY0595000,current,,NY0595000,Bedford Town Police Department,city,Westchester
NY,LAW ENFORCEMENT AGENCIE NEWYORK,BELLE TERRE PD,PORT JEFFERSON,SUFFOLK,NY0514700,not_found,,,,,
NY,LAW ENFORCEMENT AGENCIE NEWYORK,BELLEROSE PD,JAMAICA,NASSAU,NY0294200,not_found,,,,,
NY,LAW ENFORCEMENT AGENCIE NEWYORK,BELLPORT PD,BELLPORT,SUFFOLK,NY0510400,not_found,,,,,
NY,LAW ENFORCEMENT AGENCIE NEWYORK,BELMONT PD,BELMONT,ALLEGANY,NY0022100,current,,NY0022100,Belmont Village Police Department,city,Allegany
NY,LAW ENFORCEMENT AGENCIE NEWYORK,*AMITY PD,BELMONT,ALLEGANY,NY0025400,not_found,,,,,
NY,LAW ENFORCEMENT AGENCIE NEWYORK,*SHERIFF'S OFFICE,BELMONT,ALLEGANY,NY0020000,current,,NY0020000,Allegany County Sheriff's Office,county,Allegany
NY,LAW ENFORCEMENT AGENCIE NEWYORK,BEMUS POINT PD,BEMUS POINT,CHAUTAUQUA,NY0063300,not_found,,,,,
NY,LAW ENFORCEMENT AGENCIE NEWYORK,BETHLEHEM PD,DELMAR,ALBANY,NY0015100,current,,NY0015100,Bethlehem Town Police Department,city,Albany
NY,LAW ENFORCEMENT AGENCIE NEWYORK,BIG FLATS PD,BIG FLATS,CHEMUNG,NY0075200,not_found,,,,,
NY,LAW ENFORCEMENT AGENCIE NEWYORK,BINGHAMTON PD,BINGHAMTON,BROOME,NY0030100,current,,NY0030100,Binghamton Police Department,city,Broome
NY,LAW ENFORCEMENT AGENCIE NEWYORK,*PORT DICKINSON PD,BINGHAMTON,BROOME,NY0032000,current,,NY0032000,Port Dickinson Village Police Department,city,Broome
NY,LAW ENFORCEMENT AGENCIE NEWYORK,*SHERIFFS OFFICE,BINGHAMTON,BROOME,NY0030000,current,,NY0030000,Broome County Sheriff's Office,county,Broome
NY,LAW ENFORCEMENT AGENCIE NEWYORK,*STATE UNIVERSITY PD,BINGHAMTON,BROOME,NY0030400,not_found,,,,,
NY,LAW ENFORCEMENT AGENCIE NEWYORK,*STATE POLICE,BINGHAMTON,N/A,NY1030100,not_found,,,,,
NY,LAW ENFORCEMENT AGENCIE NEWYORK,BLACK RIVER PD,BLACK RIVER,JEFFERSON,NY0223400,current,,NY0223400,Black River Police Department,city,Jefferson
NY,LAW ENFORCEMENT AGENCIE NEWYORK,BLASDELL PD,BUFFALO,ERIE,NY0142900,current,,NY0142900,Blasdell Village Police Department,city,Erie
NY,LAW ENFORCEMENT AGENCIE NEWYORK,BLOOMING GROVE TOWN PD,WASHINGTONVILLE,ORANGE,NY0357300,current,,NY0357300,Blooming Grove Town Police Department,city,Orange
NY,LAW ENFORCEMENT AGENCIE NEWYORK,BOLIVAR PD,BOLIVAR,ALLEGANY,NY0022400,current,,NY0022400,Bolivar Village Police Department,city,Allegany
NY,LAW ENFORCEMENT AGENCIE NEWYORK,BOLTON PD,BOLTON LANDING,WARREN,NY0565000,current,,NY0565000,Bolton Town Police Department,city,Warren
NY,LAW ENFORCEMENT AGENCIE NEWYORK,BOONVILLE PD,BOONVILLE,ONEIDA,NY0322100,current,,NY0322100,Boonville Village Police Department,city,Oneida
NY,LAW ENFORCEMENT AGENCIE NEWYORK,BOSTON PD,BOSTON,ERIE,NY0145300,not_found,,,,,
NY,LAW ENFORCEMENT AGENCIE NEWYORK,BRANT PD,BRANT,ERIE,NY0145400,current,,NY0145400,Brant Town Police Department,city,Erie
NY,LAW ENFORCEMENT AGENCIE NEWYORK,BREWSTER VILLAGE PD,BREWSTER,PUTNAM,NY0392200,current,,NY0392200,Brewster Police Department,city,Putnam
NY,LAW ENFORCEMENT AGENCIE NEWYORK,*STATE POLICE,BREWSTER,N/A,NY1390200,not_found,,,,,
NY,LAW ENFORCEMENT AGENCIE NEWYORK,BRIARCLIFF MANOR PD,BRIARCLIFF MANOR,WESTCHESTER,NY0593100,current,,NY0593100,Briarcliff Manor Village Police Department,city,Westchester
NY,LAW ENFORCEMENT AGENCIE NEWYORK,BRIGHTON PD,ROCHESTER,MONROE,NY0275000,current,,NY0275000,Brighton Town Police Department,city,Monroe
NY,LAW ENFORCEMENT AGENCIE NEWYORK,BRIGHTWATERS PD,BRIGHTWATERS,SUFFOLK,NY0510500,not_found,,,,,
NY,LAW ENFORCEMENT AGENCIE NEWYORK,BROADALBIN PD,BROADALBIN,FULTON,NY01723W,not_found,,,,,
NY,LAW ENFORCEMENT AGENCIE NEWYORK,BROCKPORT PD,BROCKPORT,MONROE,NY0272800,current,,NY0272800,Brockport Village Police Department,city,Monroe
NY,LAW ENFORCEMENT AGENCIE NEWYORK,*STATE UNIVERSITY COLLEGE PD,BROCKPORT,MONROE,NY0276900,not_found,,,,,
NY,LAW ENFORCEMENT AGENCIE NEWYORK,BROCTON PD,BROCTON,CHAUTAUQUA,NY0063000,not_found,,,,,
NY,LAW ENFORCEMENT AGENCIE NEWYORK,BRONXVILLE PD,BRONXVILLE,WESTCHESTER,NY0592200,current,,NY0592200,Bronxville Village Police Department,city,Westchester
NY,LAW ENFORCEMENT AGENCIE NEWYORK,BROOKHAVEN PD,BROOKHAVEN,SUFFOLK,NY0510600,not_found,,,,,
NY,LAW ENFORCEMENT AGENCIE NEWYORK,*STATE UNIVERSITY DOWNSTATMEDICAL COLLEGE PD,BROOKLYN,KINGS,NY0230400,not_found,,,,,
NY,LAW ENFORCEMENT AGENCIE NEWYORK,BROOKVILLE PD,GLEN HEAD,NASSAU,NY0298700,not_found,,,,,
NY,LAW ENFORCEMENT AGENCIE NEWYORK,BROWNVILLE PD,BROWNVILLE,JEFFERSON,NY0222300,current,,NY0222300,Brownville Village Police Department,city,Jefferson
NY,LAW ENFORCEMENT AGENCIE NEWYORK,BUCHANAN PD,BUCHANAN,WESTCHESTER,NY0594100,current,,NY0594100,Buchanan Village Police Department,city,Westchester
NY,LAW ENFORCEMENT AGENCIE NEWYORK,BUFFALO PD,BUFFALO,ERIE,NY0140100,current,,NY0140100,Buffalo Police Department,city,Erie
NY,LAW ENFORCEMENT AGENCIE NEWYORK,*BLASDELL PD,BUFFALO,ERIE,NY0142900,current,,NY0142900,Blasdell Village Police Department,city,Erie
NY,LAW ENFORCEMENT AGENCIE NEWYORK,*CHEEKTOWAGA PD,BUFFALO,ERIE,NY0145500,current,,NY0145500,Cheektowaga Town Police Department,city,Erie
NY,LAW ENFORCEMENT AGENCIE NEWYORK,*ERIE COUNTY DEPARTMENT OFCENTRAL POLICE SERVICES,BUFFALO,ERIE,NY0143S00,not_found,,,,,
NY,LAW ENFORCEMENT AGENCIE NEWYORK,*KENMORE PD,BUFFALO,ERIE,NY0140400,current,,NY0140400,Kenmore Village Police Department,city,Erie
NY,LAW ENFORCEMENT AGENCIE NEWYORK,*LACKAWANNA PD,BUFFALO,ERIE,NY0140200,current,,NY0140200,Lackawanna Police Department,city,Erie
NY,LAW ENFORCEMENT AGENCIE NEWYORK,*SHERIFF'S OFFICE,BUFFALO,ERIE,NY0140000,current,,NY0140000,Erie County Sheriff's Office,county,Erie
NY,LAW ENFORCEMENT AGENCIE NEWYORK,*SLOAN PD,BUFFALO,ERIE,NY0Í42500,not_found,,,,,
NY,LAW ENFORCEMENT AGENCIE NEWYORK,*STATE UNIVERSITY COLLEGE,BUFFALO,ERIE,NY0146800,not_found,,,,,
NY,LAW ENFORCEMENT AGENCIE NEWYORK,*STATE UNIVERSITY PD,BUFFALO,ERIE,NY0146900,not_found,,,,,
NY,LAW ENFORCEMENT AGENCIE NEWYORK,*WEST SENECA PD,BUFFALO,ERIE,NY0147400,current,,NY0147400,West Seneca Town Police Department,city,Erie
NY,LAW ENFORCEMENT AGENCIE NEWYORK,*WILLIAMSVILLE PD,BUFFALO,ERIE,NY0147500,not_found,,,,,
NY,LAW ENFORCEMENT AGENCIE NEWYORK,*STATE POLICE-THRUWAY,BUFFALO,N/A,NY1140400,not_found,,,,,
NY,LAW ENFORCEMENT AGENCIE NEWYORK,BURNS TOWN PD,CANASERAGA,ALLEGANY,NY0023100,not_found,,,,,
NY,LAW ENFORCEMENT AGENCIE NEWYORK,BUSTI PD,JAMESTOWN,CHAUTAUQUA,NY0065100,not_found,,,,,
NY,LAW ENFORCEMENT AGENCIE NEWYORK,CALEDONIA PD,CALEDONIA,LIVINGTON,NY0252100,current,,NY0252100,Caledonia Village Police Department,city,Livingston
NY,LAW ENFORCEMENT AGENCIE NEWYORK,CALEDONIA TOWN PD,CALEDONIA,LIVINGTON,NY0255100,not_found,,,,,
NY,LAW ENFORCEMENT AGENCIE NEWYORK,CAMBRIDGE PD,CAMBRIDGE,WASHINGTON,NY0572100,current,,NY0572100,Cambridge Village Police Department,city,Washington
NY,LAW ENFORCEMENT AGENCIE NEWYORK,CAMDEN PD,CAMDEN,ONEIDA,NY0322300,current,,NY0322300,Camden Village Police Department,city,Oneida
NY,LAW ENFORCEMENT AGENCIE NEWYORK,CAMILLUS TOWN PD,CAMILLUS,ONONDAGA,NY0335000,current,,NY0335000,Camillus Town and Village Police Department,city,Onondaga
NY,LAW ENFORCEMENT AGENCIE NEWYORK,CAMILLUS VILLAGE PD,CAMILLUS,ONONDAGA,NY0332000,not_found,,,,,
NY,LAW ENFORCEMENT AGENCIE NEWYORK,CANAJOHARIE PD,CANAJOHARIE,MONTGOMERY,NY0282200,current,,NY0282200,Canajoharie Village Police Department,city,Montgomery
NY,LAW ENFORCEMENT AGENCIE NEWYORK,CANANDAIGUA PD,CANANDAIGUA,ONTARIO,NY0342900,current,,NY0342900,Canandaigua Police Department,city,Ontario
NY,LAW ENFORCEMENT AGENCIE NEWYORK,*STATE POLICE,CANANDAIGUA,N/A,NY1340100,not_found,,,,,
NY,LAW ENFORCEMENT AGENCIE NEWYORK,*SHERIFF’S OFFICE,CANANDAIGUA,ONTARIO,NY0340000,current,,NY0340000,Ontario County Sheriff's Office,county,Ontario
NY,LAW ENFORCEMENT AGENCIE NEWYORK,CANASERAGA PD,CANASERAGA,ALLEGANY,NY0022500,not_found,,,,,
NY,LAW ENFORCEMENT AGENCIE NEWYORK,*BURNS TOWN PD,CANASERAGA,ALLEGANY,NY0023100,not_found,,,,,
NY,LAW ENFORCEMENT AGENCIE NEWYORK,CANASTOTA PD,CANASTOTA,MADISON,NY0262600,current,,NY0262600,Canastota Village Police Department,city,Madison
NY,LAW ENFORCEMENT AGENCIE NEWYORK,CANDOR PD,CANDOR,TIOGA,NY0532100,not_found,,,,,
NY,LAW ENFORCEMENT AGENCIE NEWYORK,CANISTEO PD,CANISTEO,STEUBEN,NY0502400,current,,NY0502400,Canisteo Village Police Department,city,Steuben
NY,LAW ENFORCEMENT AGENCIE NEWYORK,CANTON PD,CANTON,ST. LAWRENCE,NY0442000,current,,NY0442000,Canton Village Police Department,city,St Lawrence
NY,LAW ENFORCEMENT AGENCIE NEWYORK,STATE POLICE,CANTON,N/A,NY1440100,not_found,,,,,
NY,LAW ENFORCEMENT AGENCIE NEWYORK,*SHERIFF'S OFFICE,CANTON,ST. LAWRENCE,NY0440000,current,,NY0440000,St. Lawrence County Sheriff's Office,county,St Lawrence
NY,LAW ENFORCEMENT AGENCIE NEWYORK,*STATE UNIVERSITY AGRICULTAND TECHNICAL COLLEGE PD,CANTON,ST. LAWRENCE,NY0446900,not_found,,,,,
NY,LAW ENFORCEMENT AGENCIE NEWYORK,CAPE VINCENT PD,CAPE VINCENT,JEFFERSON,NY0222600,current,,NY0222600,Cape Vincent Village Police Department,city,Jefferson
NY,LAW ENFORCEMENT AGENCIE NEWYORK,CAPITAL POLICE,ALBANY,ALBANY,NY0015400,not_found,,,,,
NY,LAW ENFORCEMENT AGENCIE NEWYORK,CAPITOL BUILDING SECURITY,ALBANY,N/A,NY1011000,not_found,,,,,
NY,LAW ENFORCEMENT AGENCIE NEWYORK,POLICE CARMEL PD,CARMEL,PUTNAM,NY0395000,current,,NY0395000,Carmel Town Police Department,city,Putnam
NY,LAW ENFORCEMENT AGENCIE NEWYORK,*KENT TOWN PD,CARMEL,PUTNAM,NY0395100,current,,NY0395100,Kent Town Police Department,city,Putnam
NY,LAW ENFORCEMENT AGENCIE NEWYORK,*SHERIFF'S OFFICE,CARMEL,PUTNAM,NY0390000,current,,NY0390000,Putnam County Sheriff's Office,county,Putnam
NY,LAW ENFORCEMENT AGENCIE NEWYORK,CARROLL PD,FREWSBURG,CHAUTAUQUA,NY0065200,current,,NY0065200,Carroll Town Police Department,city,Chautauqua
NY,LAW ENFORCEMENT AGENCIE NEWYORK,CARROLLTOWN TOWN PD,LIMESTONE,CATTARAUGUS,NY0040200,not_found,,,,,
NY,LAW ENFORCEMENT AGENCIE NEWYORK,CARTHAGE PD,CARTHAGE,JEFFERSON,NY0223800,current,,NY0223800,Carthage Village Police Department,city,Jefferson
NY,LAW ENFORCEMENT AGENCIE NEWYORK,*WEST CARTHAGE VILLAGE PD CARTHAGE,,JEFFERSON,NY0222700,current,,NY0222700,West Carthage Village Police Department,city,Jefferson
NY,LAW ENFORCEMENT AGENCIE NEWYORK,CASSADAGA PD,CASSADAGA,CHAUTAUQUA,NY0063500,not_found,,,,,
NY,LAW ENFORCEMENT AGENCIE NEWYORK,CASTELTON-ON-HUDSON PD,CASTLETON-ON-HUDSON,RENSSELAER,NY0412400,not_found,,,,,
NY,LAW ENFORCEMENT AGENCIE NEWYORK,*GENESSEE STATE PARK COMMISSION,CASTILE,WYOMING,NY0609000,current,,NY0609000,State Park: Genesee Region,other_state,
NY,LAW ENFORCEMENT AGENCIE NEWYORK,*SCHODACK PD,CASTLETON ON-HUDSON,RENSSELAER,NY0415400,current,,NY0415400,Schodack Town Police Department,city,Rensselaer
NY,LAW ENFORCEMENT AGENCIE NEWYORK,CATSKILL PD,CATSKILL,GREENE,NY0192100,current,,NY0192100,Catskill Village Police Department,city,Greene
NY,LAW ENFORCEMENT AGENCIE NEWYORK,*SHERIFF’S OFFICE,CATSKILL,GREENE,NY0190000,current,,NY0190000,Greene County Sheriff's Office,county,Greene
NY,LAW ENFORCEMENT AGENCIE NEWYORK,CATTARAUGUS PD,CATTARAUGUS,CATTARAUGUS,NY0042600,current,,NY0042600,Cattaraugus Village Police Department,city,Cattaraugus
NY,LAW ENFORCEMENT AGENCIE NEWYORK,CAYUGA HEIGHTS PD,ITHACA,TOMPKINS,NY0542500,current,,NY0542500,Cayuga Heights Village Police Department,city,Tompkins
NY,LAW ENFORCEMENT AGENCIE NEWYORK,CAYUGA PD,CAYUGA,CAYUGA,NY0052000,not_found,,,,,
NY,LAW ENFORCEMENT AGENCIE NEWYORK,CAZENOVIA PD,CAZENOVIA,MADISON,NY0262100,current,,NY0262100,Cazenovia Village Police Department,city,Madison
NY,LAW ENFORCEMENT AGENCIE NEWYORK,CEDARHURST PD,CEDARHURST,NASSAU,NY0291000,not_found,,,,,
NY,LAW ENFORCEMENT AGENCIE NEWYORK,CELORON PD,CELORON,CHAUTAUQUA,NY0062400,not_found,,,,,
NY,LAW ENFORCEMENT AGENCIE NEWYORK,CENTRAL NEW YORK STATE PARK COMMISSION,JAMESVILLE,ONONDAGA,NY0339000,current,,NY0339000,State Park: Central Region,other_state,
NY,LAW ENFORCEMENT AGENCIE NEWYORK,CENTRAL SQUARE PD,CENTRAL SQUARE,OSWEGO,NY0372300,current,,NY0372300,Central Square Village Police Department,city,Oswego
NY,LAW ENFORCEMENT AGENCIE NEWYORK,CENTRE ISLAND VILLAGE PD,OYSTER BAY,NASSAU,NY0294700,current,,NY0294700,Centre Island Village Police Department,city,Nassau
NY,LAW ENFORCEMENT AGENCIE NEWYORK,CHAMPLAIN PD,CHAMPLAIN,CLINTON,NY0092100,not_found,,,,,
NY,LAW ENFORCEMENT AGENCIE NEWYORK,CHARLOTTE TOWN PD,SINCLAIRVILLE,CHAUTAUQUA,NY0067300,not_found,,,,,
NY,LAW ENFORCEMENT AGENCIE NEWYORK,CHARLTON PD,BALLSTON LAKE,SARATOGA,NY0455100,not_found,,,,,
NY,LAW ENFORCEMENT AGENCIE NEWYORK,CHATHAM VILLAGE PD,CHATHAM,COLUMBIA,NY0102000,current,,NY0102000,Chatham Village Police Department,city,Columbia
NY,LAW ENFORCEMENT AGENCIE NEWYORK,CHAUMONT PD,CHAUMONT,JEFFERSON,NY0223500,not_found,,,,,
NY,LAW ENFORCEMENT AGENCIE NEWYORK,CHEEKTOWAGA PD,BUFFALO,ERIE,NY0145500,current,,NY0145500,Cheektowaga Town Police Department,city,Erie
NY,LAW ENFORCEMENT AGENCIE NEWYORK,CHERRY CREEK PD,CHERRY CREEK,CHAUTAUQUA,NY0062300,not_found,,,,,
NY,LAW ENFORCEMENT AGENCIE NEWYORK,CHERRY VALLEY PD,CHERRY VALLEY,OTSEGO,NY0382100,not_found,,,,,
NY,LAW ENFORCEMENT AGENCIE NEWYORK,CHESTER PD,CHESTER,ORANGE,NY0352100,current,,NY0352100,Chester Village Police Department,city,Orange
NY,LAW ENFORCEMENT AGENCIE NEWYORK,*TOWN OF CHESTER POLICE DEPARTMENT,CHESTER,ORANGE,NY0357700,current,,NY0357700,Chester Town Police Department,city,Orange
NY,LAW ENFORCEMENT AGENCIE NEWYORK,*STATE POLICE,CHESTERTOWN,N/A,NY1560100,not_found,,,,,
NY,LAW ENFORCEMENT AGENCIE NEWYORK,CHITTENANGO PD,CHITTENANGO,MADISON,NY0262900,current,,NY0262900,Chittenango Village Police Department,city,Madison
NY,LAW ENFORCEMENT AGENCIE NEWYORK,CICERO TOWN PD,CICERO,ONONDAGA,NY0335100,current,,NY0335100,Cicero Town Police Department,city,Onondaga
NY,LAW ENFORCEMENT AGENCIE NEWYORK,CLARKSTOWN PD,NEW CITY,ROCKLAND,NY0435000,current,,NY0435000,Clarkstown Town Police Department,city,Rockland
NY,LAW ENFORCEMENT AGENCIE NEWYORK,CLAY PD,CLAY,ONONDAGA,NY0335200,not_found,,,,,
NY,LAW ENFORCEMENT AGENCIE NEWYORK,CLAYTON PD,CLAYTON,JEFFERSON,NY0222800,current,,NY0222800,Clayton Village Police Department,city,Jefferson
NY,LAW ENFORCEMENT AGENCIE NEWYORK,CLEVELAND PD,CLEVELAND,OSWEGO,NY0372100,not_found,,,,,
NY,LAW ENFORCEMENT AGENCIE NEWYORK,CLIFTON SPRINGS PD,CLIFTON SPRINGS,ONTARIO,NY0342100,current,,NY0342100,Clifton Springs Village Police Department,city,Ontario
NY,LAW ENFORCEMENT AGENCIE NEWYORK,CLINTON PD,CLINTON,ONEIDA,NY0322500,not_found,,,,,
NY,LAW ENFORCEMENT AGENCIE NEWYORK,CLYDE PD,CLYDE,WAYNE,NY0582200,current,,NY0582200,Clyde Village Police Department,city,Wayne
NY,LAW ENFORCEMENT AGENCIE NEWYORK,COBLESKILL VILLAGE PD,COBLESKILL,SCHOHARIE,NY0472000,current,,NY0472000,Cobleskill Village Police Department,city,Schoharie
NY,LAW ENFORCEMENT AGENCIE NEWYORK,*STATE UNIVERSITY AGRICULTAND TECHNICAL COLLEGE PD,COBLESKILL,SCHOHARIE,NY0470400,not_found,,,,,
NY,LAW ENFORCEMENT AGENCIE NEWYORK,COEYMANS TOWN PD,COEYMANS,ALBANY,NY0015800,current,,NY0015800,Coeymans Town Police Department,city,Albany
NY,LAW ENFORCEMENT AGENCIE NEWYORK,COHOCTON PD,COHOCTON,STEUBEN,NY0502500,current,,NY0502500,Cohocton Town Police Department,city,Steuben
NY,LAW ENFORCEMENT AGENCIE NEWYORK,COHOES PD,COHOES,ALBANY,NY0010200,current,,NY0010200,Cohoes Police Department,city,Albany
NY,LAW ENFORCEMENT AGENCIE NEWYORK,COLCHESTER TOWN PD,DOWNSVILLE,DELAWARE,NY0124200,current,,NY0124200,Colchester Town Police Department,city,Delaware
NY,LAW ENFORCEMENT AGENCIE NEWYORK,COLD SPRING PD,COLD SPRING,PUTNAM,NY0392000,current,,NY0392000,Cold Spring Village Police Department,city,Putnam
NY,LAW ENFORCEMENT AGENCIE NEWYORK,*NELSONVILLE VILLAGE PD,COLD SPRING,PUTNAM,NY0392100,not_found,,,,,
NY,LAW ENFORCEMENT AGENCIE NEWYORK,*PHILLIPSTOWN PD,COLD SPRING,PUTNAM,NY0395300,not_found,,,,,
NY,LAW ENFORCEMENT AGENCIE NEWYORK,COLONIE PD,NEWTONVILLE,ALBANY,NY0015300,current,,NY0015300,Colonie Town Police Department,city,Albany
NY,LAW ENFORCEMENT AGENCIE NEWYORK,CONCORD PD,SPRINGVILLE,ERIE,NY0145900,not_found,,,,,
NY,LAW ENFORCEMENT AGENCIE NEWYORK,CONSTANTIA PD,CONSTANTIA,OSWEGO,NY0375300,not_found,,,,,
NY,LAW ENFORCEMENT AGENCIE NEWYORK,COOPERSTOWN PD,COOPERSTOWN,OTSEGO,NY0382400,current,,NY0382400,Cooperstown Village Police Department,city,Otsego
NY,LAW ENFORCEMENT AGENCIE NEWYORK,*SHERIFF'S OFFICE,COOPERSTOWN,OTSEGO,NY0380000,current,,NY0380000,Otsego County Sheriff's Office,county,Otsego
NY,LAW ENFORCEMENT AGENCIE NEWYORK,COPAKE TOWN POLICE DEPARTMENT,COPAKE,COLUMBIA,NY0105000,not_found,,,,,
NY,LAW ENFORCEMENT AGENCIE NEWYORK,COPENHAGEN PD,COPENHAGEN,LEWIS,NY0242100,not_found,,,,,
NY,LAW ENFORCEMENT AGENCIE NEWYORK,CORFU PD,CORFU,GENESEE,NY0182500,current,,NY0182500,Corfu Village Police Department,city,Genesee
NY,LAW ENFORCEMENT AGENCIE NEWYORK,CORINTH PD,CORINTH,SARATOGA,NY0452100,not_found,,,,,
NY,LAW ENFORCEMENT AGENCIE NEWYORK,CORNELL UNIVERSITY,ITHACA,TOMPKINS,NY0541100,not_found,,,,,
NY,LAW ENFORCEMENT AGENCIE NEWYORK,CORNING PD,CORNING,STEUBEN,NY0500100,current,,NY0500100,Corning Police Department,city,Steuben
NY,LAW ENFORCEMENT AGENCIE NEWYORK,*SOUTH CORNING PD,CORNING,STEUBEN,NY0503200,not_found,,,,,
NY,LAW ENFORCEMENT AGENCIE NEWYORK,CORNWALL TOWN PD,CORNWALL,ORANGE,NY0355200,current,,NY0355200,Cornwall Town Police Department,city,Orange
NY,LAW ENFORCEMENT AGENCIE NEWYORK,CORNWALL VILLAGE PD,CORNWALL-ON-THE- HUDSON,ORANGE,NY0352200,current,,NY0352200,Cornwall-on-Hudson Village Police Department,city,Orange
NY,LAW ENFORCEMENT AGENCIE NEWYORK,CORTLAND PD,CORTLAND,CORTLAND,NY0110100,current,,NY0110100,Cortland Police Department,city,Cortland
NY,LAW ENFORCEMENT AGENCIE NEWYORK,*SHERIFF’S OFFICE,CORTLAND,CORTLAND,NY0110000,current,,NY0110000,Cortland County Sheriff's Office,county,Cortland
NY,LAW ENFORCEMENT AGENCIE NEWYORK,*STATE UNIVERSITY COLLEGE,CORTLAND,CORTLAND,NY0110400,not_found,,,,,
NY,LAW ENFORCEMENT AGENCIE NEWYORK,*STATE POLICE,CORTLAND,N/A,NY1110100,not_found,,,,,
NY,LAW ENFORCEMENT AGENCIE NEWYORK,COVE NECK VILLAGE PD,OYSTER BAY,NASSAU,NY0296200,not_found,,,,,
NY,LAW ENFORCEMENT AGENCIE NEWYORK,COXSACKIE PD,COXSACKIE,GREENE,NY0192200,current,,NY0192200,Coxsackie Village Police Department,city,Greene
NY,LAW ENFORCEMENT AGENCIE NEWYORK,CROGHAN PD,CROGHAN,LEWIS,NY0242000,not_found,,,,,
NY,LAW ENFORCEMENT AGENCIE NEWYORK,CROTON-ON-HUDSON PD,CROTON-ON-HUDSON,WESTCHESTER,NY0592100,current,,NY0592100,Croton-on-Hudson Village Police Department,city,Westchester
NY,LAW ENFORCEMENT AGENCIE NEWYORK,CUBA PD,CUBA,ALLEGANY,NY0022600,current,,NY0022600,Cuba Town Police Department,city,Allegany
NY,LAW ENFORCEMENT AGENCIE NEWYORK,DANNEMORA PD,DANNEMORA,CLINTON,NY0092300,not_found,,,,,
NY,LAW ENFORCEMENT AGENCIE NEWYORK,DANSVILLE PD,DANSVILLE,LIVINGTON,NY0252700,current,,NY0252700,Dansville Village Police Department,city,Livingston
NY,LAW ENFORCEMENT AGENCIE NEWYORK,DEERPARK TOWN PD,HUGUENOT,ORANGE,NY0357100,current,,NY0357100,Deerpark Town Police Department,city,Orange
NY,LAW ENFORCEMENT AGENCIE NEWYORK,DEFERIET PD,DEFERIET,JEFFERSON,NY0224000,not_found,,,,,
NY,LAW ENFORCEMENT AGENCIE NEWYORK,DELHI VILLAGE PD,DELHI,DELAWARE,NY0122100,current,,NY0122100,Delhi Village Police Department,city,Delaware
NY,LAW ENFORCEMENT AGENCIE NEWYORK,*SHERIFF'S OFFICE,DELHI,DELAWARE,NY0120000,current,,NY0120000,Delaware County Sheriff's Office,county,Delaware
NY,LAW ENFORCEMENT AGENCIE NEWYORK,*STATE UNIVERSITY AGRICULTAND TECHNICAL COLLEGE PD,DELHI,DELAWARE,NY0120400,not_found,,,,,
NY,LAW ENFORCEMENT AGENCIE NEWYORK,DEPARTMENT OF ENVIRONMENTCONSERVATION,ALBANY,ALBANY,NY0015600,not_found,,,,,
NY,LAW ENFORCEMENT AGENCIE NEWYORK,DEPARTMENT OF MOTOR,NEW YORK,N/A,NYDMVNY00,not_found,,,,,
NY,LAW ENFORCEMENT AGENCIE NEWYORK,DEPEW PD,DEPEW,ERIE,NY0142400,current,,NY0142400,Depew Village Police Department,city,Erie
NY,LAW ENFORCEMENT AGENCIE NEWYORK,DEPOSIT PD,DEPOSIT,BROOME,NY0032200,not_found,,,,,
NY,LAW ENFORCEMENT AGENCIE NEWYORK,*STATE POLICE,DEPOSIT,N/A,NY1120200,not_found,,,,,
NY,LAW ENFORCEMENT AGENCIE NEWYORK,DEWITT PD,EAST SYRACUSE,ONONDAGA,NY0335300,current,,NY0335300,Dewitt Town Police Department,city,Onondaga
NY,LAW ENFORCEMENT AGENCIE NEWYORK,DEXTER PD,DEXTER,JEFFERSON,NY0222400,current,,NY0222400,Dexter Village Police Department,city,Jefferson
NY,LAW ENFORCEMENT AGENCIE NEWYORK,DOBBS FERRY PD,DOBBS FERRY,WESTCHESTER,NY0592500,current,,NY0592500,Dobbs Ferry Village Police Department,city,Westchester
NY,LAW ENFORCEMENT AGENCIE NEWYORK,DOLGEVILLE VILLAGE PD,DOLGEVILLE,HERKIMER,NY0212500,current,,NY0212500,Dolgeville Village Police Department,city,"Fulton, Herkimer"
NY,LAW ENFORCEMENT AGENCIE NEWYORK,DRESDEN PD,DRESDEN,YATES,NY0612300,not_found,,,,,
NY,LAW ENFORCEMENT AGENCIE NEWYORK,*STATE POLICE,DRESDEN,N/A,NY1610100,not_found,,,,,
NY,LAW ENFORCEMENT AGENCIE NEWYORK,DRYDEN PD,DRYDEN,TOMPKINS,NY0542000,current,,NY0542000,Dryden Village Police Department,city,Tompkins
NY,LAW ENFORCEMENT AGENCIE NEWYORK,DUNDEE PD,DUNDEE,YATES,NY0612200,not_found,,,,,
NY,LAW ENFORCEMENT AGENCIE NEWYORK,DUNKIRK CITY PD,DUNKIRK,CHAUTAUQUA,NY0060100,current,,NY0060100,Dunkirk Police Department,city,Chautauqua
NY,LAW ENFORCEMENT AGENCIE NEWYORK,EARLVILLE PD,EARLVILLE,CHENANGO,NY0082600,not_found,,,,,
NY,LAW ENFORCEMENT AGENCIE NEWYORK,EARLVILLE PD,EARLVILLE,MADISON,NY0262400,not_found,,,,,
NY,LAW ENFORCEMENT AGENCIE NEWYORK,EAST AURORA PD,EAST AURORA,ERIE,NY0142200,current,,NY0142200,East Aurora-Aurora Town Police Department,city,Erie
NY,LAW ENFORCEMENT AGENCIE NEWYORK,*STATE POLICE,EAST AURORA,N/A,NY1140300,not_found,,,,,
NY,LAW ENFORCEMENT AGENCIE NEWYORK,*TOWN OF DURHAM POLICE DEPARTMENT,EAST DURHAM,GREENE,NY0195100,current,,NY0195100,Durham Town Police Department,city,Greene
NY,LAW ENFORCEMENT AGENCIE NEWYORK,EAST FISHKILL TOWN PD,HOPEWELL JUNCTION,DUTCHESS,NY0136600,current,,NY0136600,East Fishkill Town Police Department,city,Dutchess
NY,LAW ENFORCEMENT AGENCIE NEWYORK,EAST GREENBRUSH PD,EAST GREENBRUSH,RENSSELAER,NY0415200,current,,NY0415200,East Greenbush Town Police Department,city,Rensselaer
NY,LAW ENFORCEMENT AGENCIE NEWYORK,*STATE POLICE,EAST GREENBUSH,N/A,NY1410200,not_found,,,,,
NY,LAW ENFORCEMENT AGENCIE NEWYORK,EAST HAMPTON TOWN PD,EAST HAMPTON,SUFFOLK,NY0515200,current,,NY0515200,East Hampton Town Police Department,city,Suffolk
NY,LAW ENFORCEMENT AGENCIE NEWYORK,EAST HAMPTON VILLAGE PD,EAST HAMPTON,SUFFOLK,NY0513200,current,,NY0513200,East Hampton Village Police Department,city,Suffolk
NY,LAW ENFORCEMENT AGENCIE NEWYORK,EAST HILLS PD,ROSLYN,NASSAU,NY0291100,not_found,,,,,
NY,LAW ENFORCEMENT AGENCIE NEWYORK,EAST ROCHESTER PD,EAST ROCHESTER,MONROE,NY0272400,current,,NY0272400,East Rochester Village Police Department,city,Monroe
NY,LAW ENFORCEMENT AGENCIE NEWYORK,EAST ROCKAWAY PD,EAST ROCKAWAY,NASSAU,NY0291200,not_found,,,,,
NY,LAW ENFORCEMENT AGENCIE NEWYORK,EAST SYRACUSE VILLAGE PD,EAST SYRACUSE,ONONDAGA,NY0332100,not_found,,,,,
NY,LAW ENFORCEMENT AGENCIE NEWYORK,DEWITT PD,EAST SYRACUSE,ONONDAGA,NY0335300,current,,NY0335300,Dewitt Town Police Department,city,Onondaga
NY,LAW ENFORCEMENT AGENCIE NEWYORK,EAST WILLISTON PD,EAST WILLISTON,NASSAU,NY0291300,not_found,,,,,
NY,LAW ENFORCEMENT AGENCIE NEWYORK,EASTCHESTER PD,EASTCHESTER,WESTCHESTER,NY0595200,current,,NY0595200,Eastchester Town Police Department,city,Westchester
NY,LAW ENFORCEMENT AGENCIE NEWYORK,EDEN PD,EDEN,ERIE,NY0146100,current,,NY0146100,Eden Town Police Department,city,Erie
NY,LAW ENFORCEMENT AGENCIE NEWYORK,ELBRIDGE PD,ELBRIDGE,ONONDAGA,NY0332300,not_found,,,,,
NY,LAW ENFORCEMENT AGENCIE NEWYORK,ELLENVILLE PD,ELLENVILLE,ULSTER,NY0552600,current,,NY0552600,Ellenville Village Police Department,city,Ulster
NY,LAW ENFORCEMENT AGENCIE NEWYORK,*STATE POLICE,ELLENVILLE,N/A,NY1550100,not_found,,,,,
NY,LAW ENFORCEMENT AGENCIE NEWYORK,ELLICOTT TOWN PD,FALCONER,CHAUTAUQUA,NY0065900,current,,NY0065900,Ellicott Town Police Department,city,Chautauqua
NY,LAW ENFORCEMENT AGENCIE NEWYORK,ELLICOTTVILLE TOWN PD,ELLICOTTVILLE,CATTARAUGUS,NY0045800,not_found,,,,,
NY,LAW ENFORCEMENT AGENCIE NEWYORK,ELLICOTTVILLE VILLAGE PD,ELLICOTTVILLE,CATTARAUGUS,NY0042300,current,,NY0042300,Ellicottville Police Department,city,Cattaraugus
NY,LAW ENFORCEMENT AGENCIE NEWYORK,ELLINGTON TOWN PD,ELLINGTON,CHAUTAUQUA,NY0067700,not_found,,,,,
NY,LAW ENFORCEMENT AGENCIE NEWYORK,ELMIRA HEIGHTS PD,ELMIRA,CHEMUNG,NY0072100,current,,NY0072100,Elmira Heights Village Police Department,city,Chemung
NY,LAW ENFORCEMENT AGENCIE NEWYORK,ELMIRA PD,ELMIRA,CHEMUNG,NY0070100,current,,NY0070100,Elmira Police Department,city,Chemung
NY,LAW ENFORCEMENT AGENCIE NEWYORK,ELMIRA TOWN PD,ELMIRA,CHEMUNG,NY0075500,current,,NY0075500,Elmira Town Police Department,city,Chemung
NY,LAW ENFORCEMENT AGENCIE NEWYORK,*SHERIFF’S OFFICE,ELMIRA,CHEMUNG,NY0070000,current,,NY0070000,Chemung County Sheriff's Office,county,Chemung
NY,LAW ENFORCEMENT AGENCIE NEWYORK,*SOUTHPORT PD,ELMIRA,CHEMUNG,NY0075800,not_found,,,,,
NY,LAW ENFORCEMENT AGENCIE NEWYORK,*WEST ELMIRA PD,ELMIRA,CHEMUNG,NY0072500,not_found,,,,,
NY,LAW ENFORCEMENT AGENCIE NEWYORK,ELMSFORD PD,ELMSFORD,WESTCHESTER,NY0593900,current,,NY0593900,Elmsford Village Police Department,city,Westchester
NY,LAW ENFORCEMENT AGENCIE NEWYORK,ENDICOTT PD,ENDICOTT,BROOME,NY0030200,current,,NY0030200,Endicott Village Police Department,city,Broome
NY,LAW ENFORCEMENT AGENCIE NEWYORK,ERIE COUNTY DEPARTMENT OFCENTRAL POLICE SERVICES,BUFFALO,ERIE,NY0143500,not_found,,,,,
NY,LAW ENFORCEMENT AGENCIE NEWYORK,EVANS PD,ERIE COUNTY,ERIE,NY0146300,current,,NY0146300,Evans Town Police Department,city,Erie
NY,LAW ENFORCEMENT AGENCIE NEWYORK,ESOPUS TOWN PD,ESOPUS,ULSTER,NY0559700,current,,NY0559700,Olive Town Police Department,city,Ulster
NY,LAW ENFORCEMENT AGENCIE NEWYORK,EVANS PD,ERIE COUNTY,ERIE,NY0146300,current,,NY0146300,Evans Town Police Department,city,Erie
NY,LAW ENFORCEMENT AGENCIE NEWYORK,FABIUS PD,FABIUS,ONONDAGA,NY0332500,not_found,,,,,
NY,LAW ENFORCEMENT AGENCIE NEWYORK,FAIR HAVEN VILLAGE PD,FAIR HAVEN,CAYUGA,NY0052700,not_found,,,,,
NY,LAW ENFORCEMENT AGENCIE NEWYORK,FAIRPORT PD,FAIRPORT,MONROE,NY0272500,current,,NY0272500,Fairport Village Police Department,city,Monroe
NY,LAW ENFORCEMENT AGENCIE NEWYORK,FALCONER PD,FALCONER,CHAUTAUQUA,NY,not_found,,,,,
NY,LAW ENFORCEMENT AGENCIE NEWYORK,*ELLICOTT TOWN PD,FALCONER,CHAUTAUQUA,NY0065900,current,,NY0065900,Ellicott Town Police Department,city,Chautauqua
NY,LAW ENFORCEMENT AGENCIE NEWYORK,*STATE POLICE,FALCONER,N/A,NY1060100,not_found,,,,,
NY,LAW ENFORCEMENT AGENCIE NEWYORK,FALLSBURG PD,SOUTH FALLSBURG,SULLIVAN,NY0525400,current,,NY0525400,Fallsburg Town Police Department,city,Sullivan
NY,LAW ENFORCEMENT AGENCIE NEWYORK,FARMINGDALE PD,FARMINGDALE,NASSAU,NY0291400,not_found,,,,,
NY,LAW ENFORCEMENT AGENCIE NEWYORK,*STATE UNIVERSITY AGRICULTAND TECHICAL COLLEGE PD,FARMINGDALE,NASSAU,NY0296800,not_found,,,,,
NY,LAW ENFORCEMENT AGENCIE NEWYORK,FAYETTEVILLE PD,FAYETTEVILLE,ONONDAGA,NY0332800,not_found,,,,,
NY,LAW ENFORCEMENT AGENCIE NEWYORK,FINGER LAKES STATE PARK COMMISSION,TRUMANSBURG,TOMPKINS,NY0549000,current,,NY0549000,State Park: Finger Lakes Region,other_state,
NY,LAW ENFORCEMENT AGENCIE NEWYORK,FISHKILL TOWN PD,FISHKILL,DUTCHESS,NY0136400,current,,NY0136400,Fishkill Town Police Department,city,Dutchess
NY,LAW ENFORCEMENT AGENCIE NEWYORK,FISHKILL VILLAGE PD,FISHKILL,DUTCHESS,NY0132000,current,,NY0132000,Fishkill Village Police Department,city,Dutchess
NY,LAW ENFORCEMENT AGENCIE NEWYORK,*STATE POLICE,FISHKILL,N/A,NY1130100,not_found,,,,,
NY,LAW ENFORCEMENT AGENCIE NEWYORK,FLEISCHMANNS PD,FLEISCHMANNS,DELAWARE,NY0123000,not_found,,,,,
NY,LAW ENFORCEMENT AGENCIE NEWYORK,FLORAL PARK PD,FLORAL PARK,NASSAU,NY0290300,current,,NY0290300,Floral Park Village Police Department,city,Nassau
NY,LAW ENFORCEMENT AGENCIE NEWYORK,FLORIDA PD,FLORIDA,ORANGE,NY0353400,current,,NY0353400,Florida Village Police Department,city,Orange
NY,LAW ENFORCEMENT AGENCIE NEWYORK,FLOWER HILL PD,PORT WASHINGTON,NASSAU,NY0291500,not_found,,,,,
NY,LAW ENFORCEMENT AGENCIE NEWYORK,FORESTVILLE PD,FORESTVILLE,CHAUTAUQUA,NY0062600,not_found,,,,,
NY,LAW ENFORCEMENT AGENCIE NEWYORK,*HANOVER PD,FORESTVILLE,CHAUTAUQUA,NY0066300,not_found,,,,,
NY,LAW ENFORCEMENT AGENCIE NEWYORK,FORT EDWARD PD,FORT EDWARD,WASHINGTON,NY0572400,not_found,,,,,
NY,LAW ENFORCEMENT AGENCIE NEWYORK,FORT MONTGOMERY PD,FORT MONTGOMERY,ORANGE,NY0352700,current,,NY0352700,Montgomery Village Police Department,city,Orange
NY,LAW ENFORCEMENT AGENCIE NEWYORK,*HIGHLANDS PD,FORT MONTGOMERY,ORANGE,NY0355800,current,,NY0355800,Highlands Town Police Department,city,Orange
NY,LAW ENFORCEMENT AGENCIE NEWYORK,FORT PLAIN PD,FORT PLAIN,MONTGOMERY,NY0282400,current,,NY0282400,Fort Plain Village Police Department,city,Montgomery
NY,LAW ENFORCEMENT AGENCIE NEWYORK,*STATE UNIVERSITY MARITIMECOLLEGE PD,FORT SCHUYLER,BRONX,NY0620400,not_found,,,,,
NY,LAW ENFORCEMENT AGENCIE NEWYORK,FRANKFORT PD,FRANKFORT,HERKIMER,NY0212100,current,,NY0212100,Frankfort Village Police Department,city,Herkimer
NY,LAW ENFORCEMENT AGENCIE NEWYORK,FRANKLINVILLE PD,FRANKLINVILLE,CATTARAUGUS,NY0042400,current,,NY0042400,Franklinville Village Police Department,city,Cattaraugus
NY,LAW ENFORCEMENT AGENCIE NEWYORK,*STATE POLICE,FRANKLINVILLE,N/A,NY1040200,not_found,,,,,
NY,LAW ENFORCEMENT AGENCIE NEWYORK,FREDONIA PD,FREDONIA,CHAUTAUQUA,NY0062900,current,,NY0062900,Fredonia Village Police Department,city,Chautauqua
NY,LAW ENFORCEMENT AGENCIE NEWYORK,*POMFRET TOWN PD,FREDONIA,CHAUTAUQUA,NY0067600,not_found,,,,,
NY,LAW ENFORCEMENT AGENCIE NEWYORK,*STATE UNIVERSITY COLLEGE,FREDONIA,CHAUTAUQUA,NY0060400,not_found,,,,,
NY,LAW ENFORCEMENT AGENCIE NEWYORK,*STATE POLICE,FREDONIA,N/A,NY1060200,not_found,,,,,
NY,LAW ENFORCEMENT AGENCIE NEWYORK,*STATE POLICE-THRUWAY,FREDONIA,N/A,NY1060300,not_found,,,,,
NY,LAW ENFORCEMENT AGENCIE NEWYORK,FREEDOM TOWN PD,FREEDOM,CATTARAUGUS,NY0046100,not_found,,,,,
NY,LAW ENFORCEMENT AGENCIE NEWYORK,FREEPORT PD,FREEPORT,NASSAU,NY0290400,current,,NY0290400,Freeport Village Police Department,city,Nassau
NY,LAW ENFORCEMENT AGENCIE NEWYORK,FREEVILLE PD,FREEVU.LE,TOMPKINS,NY0542100,not_found,,,,,
NY,LAW ENFORCEMENT AGENCIE NEWYORK,FRIENDSHIP PD,FRIENDSHIP,ALLEGANY,NY0022700,not_found,,,,,
NY,LAW ENFORCEMENT AGENCIE NEWYORK,FULTON PD,FULTON,OSWEGO,NY0370100,current,,NY0370100,Fulton City Police Department,city,Oswego
NY,LAW ENFORCEMENT AGENCIE NEWYORK,*STATE POLICE,FULTON,N/A,NY1370100,not_found,,,,,
NY,LAW ENFORCEMENT AGENCIE NEWYORK,*STATE POLICE-THRUWAY,FULTONVILLE,N/A,NY1280200,not_found,,,,,
NY,LAW ENFORCEMENT AGENCIE NEWYORK,GAINESVILLE VILLAGE PD,GAINESVILLE,WYOMING,NY0602900,not_found,,,,,
NY,LAW ENFORCEMENT AGENCIE NEWYORK,*PIKE VILLAGE PD,GAINESVILLE,WYOMING,NY0602600,not_found,,,,,
NY,LAW ENFORCEMENT AGENCIE NEWYORK,GALWAY PD,BALLSTON SPA,SARATOGA,NY0456900,not_found,,,,,
NY,LAW ENFORCEMENT AGENCIE NEWYORK,GARDEN CITY PD,GARDEN CITY,NASSAU,NY0290500,current,,NY0290500,Garden City Village Police Department,city,Nassau
NY,LAW ENFORCEMENT AGENCIE NEWYORK,GATES TOWN PD,ROCHESTER,MONROE,NY0275300,current,,NY0275300,Gates Town Police Department,city,Monroe
NY,LAW ENFORCEMENT AGENCIE NEWYORK,GEDDES PD,SOLVAY,ONONDAGA,NY0335600,current,,NY0335600,Geddes Town Police Department,city,Onondaga
NY,LAW ENFORCEMENT AGENCIE NEWYORK,GENESEO PD,GENESEO,LIVINGTON,NY0252200,current,,NY0252200,Geneseo Village Police Department,city,Livingston
NY,LAW ENFORCEMENT AGENCIE NEWYORK,*SHERIFF'S OFFICE,GENESEO,LIVINGSTON,NY0250000,current,,NY0250000,Livingston County Sheriff's Office,county,Livingston
NY,LAW ENFORCEMENT AGENCIE NEWYORK,*STATE UNIVERSITY COLLEGE,GENESEO,LIVINGTON,NY0250400,not_found,,,,,
NY,LAW ENFORCEMENT AGENCIE NEWYORK,*STATE POLICE,GENESEO,N/A,NY1250100,not_found,,,,,
NY,LAW ENFORCEMENT AGENCIE NEWYORK,GENESSEE STATE PARK COMMISSION,CASTILE,WYOMING,NY0609000,current,,NY0609000,State Park: Genesee Region,other_state,
NY,LAW ENFORCEMENT AGENCIE NEWYORK,GENEVA PD,GENEVA,ONTARIO,NY0340200,current,,NY0340200,Geneva Police Department,city,Ontario
NY,LAW ENFORCEMENT AGENCIE NEWYORK,GERMANTOWN PD,GERMANTOWN,COLUMBIA,NY0100400,not_found,,,,,
NY,LAW ENFORCEMENT AGENCIE NEWYORK,GLEN COVE PD,GLEN COVE,NASSAU,NY0290100,current,,NY0290100,Glen Cove Police Department,city,Nassau
NY,LAW ENFORCEMENT AGENCIE NEWYORK,*BROOKVILLE PD,GLEN HEAD,NASSAU,NY0298700,not_found,,,,,
NY,LAW ENFORCEMENT AGENCIE NEWYORK,*OLD BROOKVILLE PD,GLEN HEAD,NASSAU,NY0297200,current,,NY0297200,Old Brookville Village Police Department,city,Nassau
NY,LAW ENFORCEMENT AGENCIE NEWYORK,*UPPER BROOKVILLE PD,GLEN HEAD,NASSAU,NY0295400,not_found,,,,,
NY,LAW ENFORCEMENT AGENCIE NEWYORK,GLEN PARK PD,WATERTOWN,JEFFERSON,NY0222500,current,,NY0222500,Glen Park Village Police Department,city,Jefferson
NY,LAW ENFORCEMENT AGENCIE NEWYORK,*SOUTH GLENS FALLS PD,GLENS FALLS,SARATOGA,NY0452400,current,,NY0452400,South Glens Falls Village Police Department,city,Saratoga
NY,LAW ENFORCEMENT AGENCIE NEWYORK,GLENS FALLS,GLENS FALLS,WARREN,NY0560100,current,,NY0560100,Glens Falls Police Department,city,Warren
NY,LAW ENFORCEMENT AGENCIE NEWYORK,GLENVILLE PD,SCOTIA,SCHENECTADY,NY0465100,current,,NY0465100,Glenville Town Police Department,city,Schenectady
NY,LAW ENFORCEMENT AGENCIE NEWYORK,GLOVERSVILLE PD,GLOVERSVILLE,FULTON,NY0170100,current,,NY0170100,Gloversville Police Department,city,Fulton
NY,LAW ENFORCEMENT AGENCIE NEWYORK,GOSHEN PD,GOSHEN,ORANGE,NY0352300,current,,NY0352300,Goshen Village Police Department,city,Orange
NY,LAW ENFORCEMENT AGENCIE NEWYORK,*SHERIFF’S OFFICE,GOSHEN,ORANGE,NY0350000,current,,NY0350000,Orange County Sheriff's Office,county,Orange
NY,LAW ENFORCEMENT AGENCIE NEWYORK,GOUVERNEUR PD,GOUVERNEUR,"ST, LAWRENCE",NY0442300,current,,NY0442300,Gouverneur Village Police Department,city,St Lawrence
NY,LAW ENFORCEMENT AGENCIE NEWYORK,*STATE POLICE,GOUVERNEUR,N/A,NY1440200,not_found,,,,,
NY,LAW ENFORCEMENT AGENCIE NEWYORK,GOWANDA PD,GOWANDA,CATTARAUGUS,NY0042700,not_found,,,,,
NY,LAW ENFORCEMENT AGENCIE NEWYORK,GOWANDA VILLAGE PD,GOWANDA,ERIE,NY0142600,current,,NY0142600,Gowanda Village Police Department,city,"Cattaraugus, Erie"
NY,LAW ENFORCEMENT AGENCIE NEWYORK,GRAND ISLAND PD,GRAND ISLAND,ERIE,NY0146400,current,,NY0146400,Grand Island Police Department,city,Erie
NY,LAW ENFORCEMENT AGENCIE NEWYORK,GRANDVIEW ON HUDSON VILLAPD,NYACK,ROCKLAND,NY0432300,not_found,,,,,
NY,LAW ENFORCEMENT AGENCIE NEWYORK,GRANVILLE PD,GRANVILLE,WASHINGTON,NY0572500,current,,NY0572500,Granville Village Police Department,city,Washington
NY,LAW ENFORCEMENT AGENCIE NEWYORK,GREAT NECK ESTATE VILLAGE,GREAT NECK,NASSAU,NY0293300,current,,NY0293300,Great Neck Estates Village Police Department,city,Nassau
NY,LAW ENFORCEMENT AGENCIE NEWYORK,GREAT NECK PD,GREAT NECK,NASSAU,NY0291600,not_found,,,,,
NY,LAW ENFORCEMENT AGENCIE NEWYORK,GREAT NECK PLAZA PD,GREAT NECK,NASSAU,NY0291700,not_found,,,,,
NY,LAW ENFORCEMENT AGENCIE NEWYORK,*KENSINGTON PD,GREAT NECK,NASSAU,NY0294100,current,,NY0294100,Kensington Village Police Department,city,Nassau
NY,LAW ENFORCEMENT AGENCIE NEWYORK,*KINGS POINT PD,GREAT NECK,NASSAU,NY0294400,current,,NY0294400,Kings Point Village Police Department,city,Nassau
NY,LAW ENFORCEMENT AGENCIE NEWYORK,*THOMASTON PD,GREAT NECK,NASSAU,NY029270Ö,not_found,,,,,
NY,LAW ENFORCEMENT AGENCIE NEWYORK,GREECE PD,ROCHESTER,MONROE,NY0275400,current,,NY0275400,Greece Town Police Department,city,Monroe
NY,LAW ENFORCEMENT AGENCIE NEWYORK,GREEN ISLAND PD,TROY,ALBANY,NY0012000,current,,NY0012000,Green Island Village Police Department,city,Albany
NY,LAW ENFORCEMENT AGENCIE NEWYORK,GREENBURGH PD,WHITE PLAINS,WESTCHESTER,NY0595300,current,,NY0595300,Greenburgh Town Police Department,city,Westchester
NY,LAW ENFORCEMENT AGENCIE NEWYORK,GREENE PD,GREENE,CHENANGO,NY0082200,current,,NY0082200,Greene Village Police Department,city,Chenango
NY,LAW ENFORCEMENT AGENCIE NEWYORK,GREENPORT PD,GREENPORT,SUFFOLK,NY0512700,not_found,,,,,
NY,LAW ENFORCEMENT AGENCIE NEWYORK,GREENPORT TOWN PD,HUDSON,COLUMBIA,NY0100300,current,,NY0100300,Greenport Town Police Department,city,Columbia
NY,LAW ENFORCEMENT AGENCIE NEWYORK,GREENVILLE PD,GREENVILLE,; GREENE,NY0192400,not_found,,,,,
NY,LAW ENFORCEMENT AGENCIE NEWYORK,GREENVILLE TOWN,PORT JERVIS,ORANGE,NY0357500,not_found,,,,,
NY,LAW ENFORCEMENT AGENCIE NEWYORK,GREENWICH PD,GREENWICH,WASHINGTON,NY0572200,current,,NY0572200,Greenwich Village Police Department,city,Washington
NY,LAW ENFORCEMENT AGENCIE NEWYORK,GREENWOOD LAKE PD,GREENWOOD LAKE,ORANGE,NY0353300,current,,NY0353300,Greenwood Lake Village Police Department,city,Orange
NY,LAW ENFORCEMENT AGENCIE NEWYORK,GROTON PD,GROTON,TOMPKINS,NY0542200,current,,NY0542200,Groton Village Police Department,city,Tompkins
NY,LAW ENFORCEMENT AGENCIE NEWYORK,GUILDERLAND TOWN PD,GUILDERLAND,ALBANY,NY0015200,current,,NY0015200,Guilderland Town Police Department,city,Albany
NY,LAW ENFORCEMENT AGENCIE NEWYORK,HAGUE TOWN PD,HAGUE,WARREN,NY0565300,not_found,,,,,
NY,LAW ENFORCEMENT AGENCIE NEWYORK,HAMBURG TOWN PD,HAMBURG,ERIE,NY0146500,current,,NY0146500,Hamburg Town Police Department,city,Erie
NY,LAW ENFORCEMENT AGENCIE NEWYORK,HAMBURG VILLAGE PD,HAMBURG,ERIE,NY0143000,current,,NY0143000,Hamburg Village Police Department,city,Erie
NY,LAW ENFORCEMENT AGENCIE NEWYORK,HAMILTON PD,HAMILTON,MADISON,NYÇ262500,not_found,,,,,
NY,LAW ENFORCEMENT AGENCIE NEWYORK,HAMMONDSPORT PD,HAMMONDSPORT,STEUBEN,NY0502800,current,,NY0502800,Hammondsport Village Police Department,city,Steuben
NY,LAW ENFORCEMENT AGENCIE NEWYORK,*URBANA TOWN PD,HAMMONDSPORT,STEUBEN,NY0507600,not_found,,,,,
NY,LAW ENFORCEMENT AGENCIE NEWYORK,HAMPTON BAYS VILLAGE PD,HAMPTON BAYS,SUFFOLK,NY0517000,not_found,,,,,
NY,LAW ENFORCEMENT AGENCIE NEWYORK,*SOUTHAMPTON TOWN PD,HAMPTON BAYS,SUFFOLK,NY0515800,current,,NY0515800,Southampton Town Police Department,city,Suffolk
NY,LAW ENFORCEMENT AGENCIE NEWYORK,HANCOCK VILLAGE PD,HANCOCK,DELAWARE,NY0122400,current,,NY0122400,Hancock Village Police Department,city,Delaware
NY,LAW ENFORCEMENT AGENCIE NEWYORK,HANNIBAL VILLAGE PD,HANNIBAL,OSWEGO,NY0372200,not_found,,,,,
NY,LAW ENFORCEMENT AGENCIE NEWYORK,HANOVER PD,FORESTVILLE,CHAUTAUQUA,NY0066300,not_found,,,,,
NY,LAW ENFORCEMENT AGENCIE NEWYORK,HARRISON PD,HARRISON,WESTCHESTER,NY0595400,current,,NY0595400,Harrison Town Police Department,city,Westchester
NY,LAW ENFORCEMENT AGENCIE NEWYORK,HARRISVILLE PD,HARRISVILLE,LEWIS,NY0242200,not_found,,,,,
NY,LAW ENFORCEMENT AGENCIE NEWYORK,HASTINGS ON HUDSON PD,HASTINGS ON HUDSON,WESTCHESTER,NY0592600,current,,NY0592600,Hastings-on-Hudson Village Police Department,city,Westchester
NY,LAW ENFORCEMENT AGENCIE NEWYORK,HAVERSTRAW TOWN PD,GARNERVILLE,ROCKLAND,NY0435100,current,,NY0435100,Haverstraw Town Police Department,city,Rockland
NY,LAW ENFORCEMENT AGENCIE NEWYORK,HAVERSTRAW VILLAGE PD,HAVERSTRAW,ROCKLAND,NY0432100,not_found,,,,,
NY,LAW ENFORCEMENT AGENCIE NEWYORK,HEAD OF THE HARBOR PD,ST. JAMES,SUFFOLK,NY0514600,current,,NY0514600,Head of the Harbor Village Police Department,city,Suffolk
NY,LAW ENFORCEMENT AGENCIE NEWYORK,HEMPSTEAD PD,HEMPSTEAD,NASSAU,NY0290600,current,,NY0290600,Hempstead Village Police Department,city,Nassau
NY,LAW ENFORCEMENT AGENCIE NEWYORK,HENDERSON TOWN PD,HENDERSON,JEFFERSON,NY0224100,not_found,,,,,
NY,LAW ENFORCEMENT AGENCIE NEWYORK,HERKIMER PD,HERKIMER,HERKIMER,NY0212400,current,,NY0212400,Herkimer Village Police Department,city,Herkimer
NY,LAW ENFORCEMENT AGENCIE NEWYORK,*SHERIFF'S OFFICE,HERKIMER,HERKIMER,NY0210000,current,,NY0210000,Herkimer County Sheriff's Office,county,Herkimer
NY,LAW ENFORCEMENT AGENCIE NEWYORK,*STATE POLICE,HERKIMER,N/A,NY1210100,not_found,,,,,
NY,LAW ENFORCEMENT AGENCIE NEWYORK,HIGHLAND FALLS PD,HIGHLAND FALLS,ORANGE,NY0352400,current,,NY0352400,Highland Falls Village Police Department,city,Orange
NY,LAW ENFORCEMENT AGENCIE NEWYORK,*WOODBURY TOWN PD,HIGHLAND MILLS,ORANGE,NY0356900,current,,NY0356900,Woodbury Town Police Department,city,Orange
NY,LAW ENFORCEMENT AGENCIE NEWYORK,HIGHLAND PD,HIGHLAND,ULSTER,NY0550200,not_found,,,,,
NY,LAW ENFORCEMENT AGENCIE NEWYORK,*STATE POLICE,HIGHLAND,N/A,NY1550300,not_found,,,,,
NY,LAW ENFORCEMENT AGENCIE NEWYORK,HIGHLANDS PD,FORT MONTGOMERY,ORANGE,NY0355800,current,,NY0355800,Highlands Town Police Department,city,Orange
NY,LAW ENFORCEMENT AGENCIE NEWYORK,*LLOYD PD,HIGHLAND,ULSTER,NY0555600,current,,NY0555600,Lloyd Town Police Department,city,Ulster
NY,LAW ENFORCEMENT AGENCIE NEWYORK,HOLLAND PATENT PD,HOLLAND PATENT,ONEIDA,NY0323000,not_found,,,,,
NY,LAW ENFORCEMENT AGENCIE NEWYORK,HOLLAND PD,HOLLAND,ERIE,NY0146600,not_found,,,,,
NY,LAW ENFORCEMENT AGENCIE NEWYORK,HOLLEY PD,HOLLEY,ORLEANS,NY0362100,current,,NY0362100,Holley Village Police Department,city,Orleans
NY,LAW ENFORCEMENT AGENCIE NEWYORK,HOMER PD,HOMER,CORTLAND,NY0112000,current,,NY0112000,Homer Village Police Department,city,Cortland
NY,LAW ENFORCEMENT AGENCIE NEWYORK,HONEOYE FALLS PD,HONEOYE FALLS,MONROE,NY0272100,not_found,,,,,
NY,LAW ENFORCEMENT AGENCIE NEWYORK,HOOSICK FALLS PD,HOOSICK FALLS,RENSSELAER,NY0412000,current,,NY0412000,Hoosick Falls Village Police Department,city,Rensselaer
NY,LAW ENFORCEMENT AGENCIE NEWYORK,HORNELL PD,HORNELL,STEUBEN,NY0500200,current,,NY0500200,Hornell Police Department,city,Steuben
NY,LAW ENFORCEMENT AGENCIE NEWYORK,*NORTH HORNELL PD,HORNELL,STEUBEN,NY0503400,current,,NY0503400,North Hornell Village Police Department,city,Steuben
NY,LAW ENFORCEMENT AGENCIE NEWYORK,HORSEHEADS PD,HORSEHEADS,CHEMUNG,NY0072200,current,,NY0072200,Horseheads Village Police Department,city,Chemung
NY,LAW ENFORCEMENT AGENCIE NEWYORK,*STATE POLICE,HORSEHEADS,N/A,NY1070100,not_found,,,,,
NY,LAW ENFORCEMENT AGENCIE NEWYORK,HUDSON FAILS PD,HUDSON FALLS,WASHINGTON,NY0572600,current,,NY0572600,Hudson Falls Village Police Department,city,Washington
NY,LAW ENFORCEMENT AGENCIE NEWYORK,HUDSON PD,HUDSON,COLUMBIA,NY01001C0,not_found,,,,,
NY,LAW ENFORCEMENT AGENCIE NEWYORK,*GREENPORT TOWN PD,HUDSON,COLUMBIA,NY0100300,current,,NY0100300,Greenport Town Police Department,city,Columbia
NY,LAW ENFORCEMENT AGENCIE NEWYORK,*SHERIFF'S OFFICE,HUDSON,COLUMBIA,NY0100000,current,,NY0100000,Columbia County Sheriff's Office,county,Columbia
NY,LAW ENFORCEMENT AGENCIE NEWYORK,HUNTER TOWN PD,TANNERSVILLE,GREENE,NY0195000,current,,NY0195000,Hunter Town Police Department,city,Greene
NY,LAW ENFORCEMENT AGENCIE NEWYORK,HUNTER VILLAGE PD,HUNTER,GREENE,NY0192300,not_found,,,,,
NY,LAW ENFORCEMENT AGENCIE NEWYORK,HUNTINGTON BAY PD,HUNTINGTON,SUFFOLK,NY0513600,current,,NY0513600,Huntington Bay Village Police Department,city,Suffolk
NY,LAW ENFORCEMENT AGENCIE NEWYORK,HUNTINGTON PD,HUNTINGTON,SUFFOLK,NY0510700,not_found,,,,,
NY,LAW ENFORCEMENT AGENCIE NEWYORK,*LLOYD HARBOR PD,HUNTINGTON,SUFFOLK,NY0513700,current,,NY0513700,Lloyd Harbor Village Police Department,city,Suffolk
NY,LAW ENFORCEMENT AGENCIE NEWYORK,HURLEY PD,HURLEY,ULSTER,NY0559600,not_found,,,,,
NY,LAW ENFORCEMENT AGENCIE NEWYORK,HYDE PARK TOWNSHIP PD,HYDE PARK,DUTCHESS,NY0136500,current,,NY0136500,Hyde Park Town Police Department,city,Dutchess
NY,LAW ENFORCEMENT AGENCIE NEWYORK,*ROOSEVELT,HYDE PARK,DUTCHESS,NY0139500,not_found,,,,,
NY,LAW ENFORCEMENT AGENCIE NEWYORK,*TACONIC STATE PARK COMMISSION,HYDE PARK,DUTCHESS,NY0139000,current,,NY0139000,State Park: Taconic Region,other_state,
NY,LAW ENFORCEMENT AGENCIE NEWYORK,ILION PD,ILION,HERKIMER,NY0212200,current,,NY0212200,Ilion Village Police Department,city,Herkimer
NY,LAW ENFORCEMENT AGENCIE NEWYORK,INDEPENDENCE PD,WHITESVILLE,ALLEGANY,NY0027000,current,,NY0027000,Independence Town Police Department,city,Allegany
NY,LAW ENFORCEMENT AGENCIE NEWYORK,INLET TOWN PD,INLET,HAMILTON,NY0205000,current,,NY0205000,Inlet Town Police Department,city,Hamilton
NY,LAW ENFORCEMENT AGENCIE NEWYORK,INTERLAKEN PD,INTERLAKEN,SENECA,NY0492000,current,,NY0492000,Interlaken Village Police Department,city,Seneca
NY,LAW ENFORCEMENT AGENCIE NEWYORK,IRONDEQUOIT PD,ROCHESTER,MONROE,NY0270200,current,,NY0270200,Irondequoit Town Police Department,city,Monroe
NY,LAW ENFORCEMENT AGENCIE NEWYORK,IRVINGTON PD,IRVINGTON,WESTCHESTER,NY0592700,current,,NY0592700,Irvington Village Police Department,city,Westchester
NY,LAW ENFORCEMENT AGENCIE NEWYORK,ISLAND PARK PD,ISLAND PARK,NASSAU,NY0291800,not_found,,,,,
NY,LAW ENFORCEMENT AGENCIE NEWYORK,ISLIP PD,ISLIP,SUFFOLK,NY0510800,not_found,,,,,
NY,LAW ENFORCEMENT AGENCIE NEWYORK,ITHACA PD,ITHACA,TOMPKINS,NY0540100,current,,NY0540100,Ithaca Police Department,city,Tompkins
NY,LAW ENFORCEMENT AGENCIE NEWYORK,*STATE POLICE,ITHACA,N/A,NY1540100,not_found,,,,,
NY,LAW ENFORCEMENT AGENCIE NEWYORK,*CAYUGA HEIGHTS PD,ITHACA,TOMPKINS,NY0542500,current,,NY0542500,Cayuga Heights Village Police Department,city,Tompkins
NY,LAW ENFORCEMENT AGENCIE NEWYORK,*CORNELL UNIVERSITY,ITHACA,TOMPKINS,NY0541100,not_found,,,,,
NY,LAW ENFORCEMENT AGENCIE NEWYORK,*SHERIFF'S OFFICE,ITHACA,TOMPKINS,NY0540000,current,,NY0540000,Tompkins County Sheriff's Office,county,Tompkins
NY,LAW ENFORCEMENT AGENCIE NEWYORK,JAMESTOWN CITY PD,JAMESTOWN,CHAUTAUQUA,NY0060200,current,,NY0060200,Jamestown Police Department,city,Chautauqua
NY,LAW ENFORCEMENT AGENCIE NEWYORK,*BUSTI PD,JAMESTOWN,CHAUTAUQUA,NY0065100,not_found,,,,,
NY,LAW ENFORCEMENT AGENCIE NEWYORK,*CENTRAL NEW YORK STATE PARK COMMISSION,JAMESVILLE,ONONDAGA,NY0339000,current,,NY0339000,State Park: Central Region,other_state,
NY,LAW ENFORCEMENT AGENCIE NEWYORK,JAY TOWN PD,AUSABLE FORKS,ESSEX,NY0155000,not_found,,,,,
NY,LAW ENFORCEMENT AGENCIE NEWYORK,JOHNSBURG PD,JOHNSBURG,WARREN,NY0565500,not_found,,,,,
NY,LAW ENFORCEMENT AGENCIE NEWYORK,JOHNSON CITY PD,JOHNSON CITY,BROOME,NY0030300,current,,NY0030300,Johnson City Village Police Department,city,Broome
NY,LAW ENFORCEMENT AGENCIE NEWYORK,JOHNSTOWN PD,JOHNSTOWN,FULTON,NY0170200,current,,NY0170200,Johnstown Police Department,city,Fulton
NY,LAW ENFORCEMENT AGENCIE NEWYORK,*SHERIFF'S OFFICE,JOHNSTOWN,FULTON,NY0170000,current,,NY0170000,Fulton County Sheriff's Office,county,Fulton
NY,LAW ENFORCEMENT AGENCIE NEWYORK,JORDAN PD,JORDAN,ONONDAGA,NY0332400,current,,NY0332400,Jordan Village Police Department,city,Onondaga
NY,LAW ENFORCEMENT AGENCIE NEWYORK,KEESEVILLE PD,KEESEVILLE,CLINTON,NY0092000,not_found,,,,,
NY,LAW ENFORCEMENT AGENCIE NEWYORK,KEESEVILLE VILLAGE PD,KEESEVILLE,ESSEX,NY0152000,not_found,,,,,
NY,LAW ENFORCEMENT AGENCIE NEWYORK,KENMORE PD,BUFFALO,ERIE,NY0140400,current,,NY0140400,Kenmore Village Police Department,city,Erie
NY,LAW ENFORCEMENT AGENCIE NEWYORK,*TONAWANDA TOWN PD,KENMORE,ERIE,NY0147200,current,,NY0147200,Tonawanda Town Police Department,city,Erie
NY,LAW ENFORCEMENT AGENCIE NEWYORK,KENSINGTON PD,GREAT NECK,NASSAU,NY0294100,current,,NY0294100,Kensington Village Police Department,city,Nassau
NY,LAW ENFORCEMENT AGENCIE NEWYORK,KENT TOWN PD,CARMEL,PUTNAM,NY0395100,current,,NY0395100,Kent Town Police Department,city,Putnam
NY,LAW ENFORCEMENT AGENCIE NEWYORK,KIANTONE PD,FREWSBURG,CHAUTAUQUA,NY0066500,not_found,,,,,
NY,LAW ENFORCEMENT AGENCIE NEWYORK,KINGS POINT PD,GREAT NECK,NASSAU,NY0294400,current,,NY0294400,Kings Point Village Police Department,city,Nassau
NY,LAW ENFORCEMENT AGENCIE NEWYORK,KINGSTON PD,KINGSTON,ULSTER,NY0550100,current,,NY0550100,Kingston Police Department,city,Ulster
NY,LAW ENFORCEMENT AGENCIE NEWYORK,*STATE POLICE-THRUWAY,KINGSTON,N/A,NY1550400,not_found,,,,,
NY,LAW ENFORCEMENT AGENCIE NEWYORK,*STATE POLICE,KINGSTON,N/A,NY1550200,not_found,,,,,
NY,LAW ENFORCEMENT AGENCIE NEWYORK,*SHERIFF’S OFFICE,KINGSTON,ULSTER,NY0550000,current,,NY0550000,Ulster County Sheriff's Office,county,Ulster
NY,LAW ENFORCEMENT AGENCIE NEWYORK,*ULSTER TOWN PD,KINGSTON,ULSTER,NY0559500,current,,NY0559500,Ulster Town Police Department,city,Ulster
NY,LAW ENFORCEMENT AGENCIE NEWYORK,LACKAWANNA PD,BUFFALO,ERIE,NY0140200,current,,NY0140200,Lackawanna Police Department,city,Erie
NY,LAW ENFORCEMENT AGENCIE NEWYORK,LAKE GEORGE TOWN PD,LAKE GEORGE,WARREN,NY0565100,not_found,,,,,
NY,LAW ENFORCEMENT AGENCIE NEWYORK,LAKE GEORGE VILLAGE PD,LAKE GEORGE,WARREN,NY0562000,not_found,,,,,
NY,LAW ENFORCEMENT AGENCIE NEWYORK,*SHERIFF’S OFFICE,LAKE GEORGE,WARREN,NY0560000,current,,NY0560000,Warren County Sheriff's Office,county,Warren
NY,LAW ENFORCEMENT AGENCIE NEWYORK,LAKE LUZERNE TOWN PD,LAKE LUZERNE,WARREN,NY0565600,not_found,,,,,
NY,LAW ENFORCEMENT AGENCIE NEWYORK,LAKE LUZERNE VILLAGE PD,LAKE LUZERNE,WARREN,NY0566100,not_found,,,,,
NY,LAW ENFORCEMENT AGENCIE NEWYORK,LAKE PLACID PD,LAKE PLACID,ESSEX,NY0152300,current,,NY0152300,Lake Placid Village Police Department,city,Essex
NY,LAW ENFORCEMENT AGENCIE NEWYORK,*SHERIFF'S OFFICE,LAKE PLEASANT,HAMILTON,NY0200000,current,,NY0200000,Hamilton County Sheriff's Office,county,Hamilton
NY,LAW ENFORCEMENT AGENCIE NEWYORK,LAKE SUCCESS PD,LAKE SUCCESS,NASSAU,NY0296300,current,,NY0296300,Lake Success Village Police Department,city,Nassau
NY,LAW ENFORCEMENT AGENCIE NEWYORK,LAKEWOOD PD,LAKEWOOD,CHAUTAUQUA,NY0062000,current,,NY0062000,Lakewood-Busti Police Department,city,Chautauqua
NY,LAW ENFORCEMENT AGENCIE NEWYORK,LANCASTER TOWN PD,LANCASTER,ERIE,NY0146700,current,,NY0146700,Lancaster Town Police Department,city,Erie
NY,LAW ENFORCEMENT AGENCIE NEWYORK,LANCASTER VILLAGE PD,LANCASTER,ERIE,NY0143100,not_found,,,,,
NY,LAW ENFORCEMENT AGENCIE NEWYORK,LARCHMONT PD,LARCHMONT,WESTCHESTER,NY0592900,current,,NY0592900,Larchmont Village Police Department,city,Westchester
NY,LAW ENFORCEMENT AGENCIE NEWYORK,LAUREL HOLLOW PD,SYOSSET,NASSAU,NY0294900,not_found,,,,,
NY,LAW ENFORCEMENT AGENCIE NEWYORK,LAWRENCE PD,LAWRENCE,NASSAU,NY0291900,not_found,,,,,
NY,LAW ENFORCEMENT AGENCIE NEWYORK,LE ROY PD,LEROY,GENESEE,NY0182300,current,,NY0182300,Le Roy Village Police Department,city,Genesee
NY,LAW ENFORCEMENT AGENCIE NEWYORK,LETCHWORTH STATE PARK PD,LETCHWORTH,WYOMING,NY0601000,not_found,,,,,
NY,LAW ENFORCEMENT AGENCIE NEWYORK,LEWISBORO PD,SOUTH SALEM,WESTCHESTER,NY0597000,not_found,,,,,
NY,LAW ENFORCEMENT AGENCIE NEWYORK,LEWISBORO TOWN PD,SOUTH SALEM,WESTCHESTER,NY0595500,current,,NY0595500,Lewisboro Town Police Department,city,Westchester
NY,LAW ENFORCEMENT AGENCIE NEWYORK,LEWISTON PD,LEWISTON,NIAGARA,NY0312100,not_found,,,,,
NY,LAW ENFORCEMENT AGENCIE NEWYORK,*STATE POLICE,LEWISTON,N/A,NY1310100,not_found,,,,,
NY,LAW ENFORCEMENT AGENCIE NEWYORK,LIBERTY PD,LIBERTY,SULLIVAN,NY0522000,current,,NY0522000,Liberty Village Police Department,city,Sullivan
NY,LAW ENFORCEMENT AGENCIE NEWYORK,LIMA PD,LIMA,LIVINGTON,NY0252400,not_found,,,,,
NY,LAW ENFORCEMENT AGENCIE NEWYORK,LIMESTONE VILLAGE PD,LIMESTONE,CATTARAUGUS,NY0042100,not_found,,,,,
NY,LAW ENFORCEMENT AGENCIE NEWYORK,*CARROLLTOWN TOWN PD,LIMESTONE,CATTARAUGUS,NY0040200,not_found,,,,,
NY,LAW ENFORCEMENT AGENCIE NEWYORK,LINDENHURST PD,LINDENHURST,SUFFOLK,NY0510900,not_found,,,,,
NY,LAW ENFORCEMENT AGENCIE NEWYORK,LITTLE FALLS PD,LITTLE FALLS,HERKIMER,NY0212900,current,,NY0212900,Little Falls Police Department,city,Herkimer
NY,LAW ENFORCEMENT AGENCIE NEWYORK,LITTLE VALLEY PD,LITTLE VALLEY,CATTARAUGUS,NY0042500,not_found,,,,,
NY,LAW ENFORCEMENT AGENCIE NEWYORK,*SHERIFF'S OFFICE,LITTLE VALLEY,CATTARAUGUS,NY0040000,current,,NY0040000,Cattaraugus County Sheriff's Office,county,Cattaraugus
NY,LAW ENFORCEMENT AGENCIE NEWYORK,LIVERPOOL PD,LIVERPOOL,ONONDAGA,NY0333100,current,,NY0333100,Liverpool Village Police Department,city,Onondaga
NY,LAW ENFORCEMENT AGENCIE NEWYORK,LIVONIA PD,LIVONIA,LIVINGTON,NY0252500,not_found,,,,,
NY,LAW ENFORCEMENT AGENCIE NEWYORK,LLOYD HARBOR PD,HUNTINGTON,SUFFOLK,NY0513700,current,,NY0513700,Lloyd Harbor Village Police Department,city,Suffolk
NY,LAW ENFORCEMENT AGENCIE NEWYORK,LLOYD PD,HIGHLAND,ULSTER,NY0555600,current,,NY0555600,Lloyd Town Police Department,city,Ulster
NY,LAW ENFORCEMENT AGENCIE NEWYORK,LOCKPORT PD,LOCKPORT,NIAGARA,NY0310100,current,,NY0310100,Lockport Police Department,city,Niagara
NY,LAW ENFORCEMENT AGENCIE NEWYORK,*SHERIFF'S OFFICE,LOCKPORT,NIAGARA,NY0310000,current,,NY0310000,Niagara County Sheriff's Office,county,Niagara
NY,LAW ENFORCEMENT AGENCIE NEWYORK,LONG BEACH PD,LONG BEACH,NASSAU,NY0290200,current,,NY0290200,Long Beach Police Department,city,Nassau
NY,LAW ENFORCEMENT AGENCIE NEWYORK,LONG ISLAND STATE PARK COMMISSION,BABYLON,SUFFOLK,NY0519000,current,,NY0519000,State Park: Long Island Region,other_state,
NY,LAW ENFORCEMENT AGENCIE NEWYORK,LOWVILLE PD,LOWVILLE,LEWIS,NY0242400,current,,NY0242400,Lowville Village Police Department,city,Lewis
NY,LAW ENFORCEMENT AGENCIE NEWYORK,*SHERIFF'S OFFICE,LOWVILLE,LEWIS,NY0240000,current,,NY0240000,Lewis County Sheriff's Office,county,Lewis
NY,LAW ENFORCEMENT AGENCIE NEWYORK,*STATE POLICE,LOWVILLE,N/A,NY1240100,not_found,,,,,
NY,LAW ENFORCEMENT AGENCIE NEWYORK,LYNBROOK PD,LYNBROOK,NASSAU,NY0290700,current,,NY0290700,Lynbrook Village Police Department,city,Nassau
NY,LAW ENFORCEMENT AGENCIE NEWYORK,LYNDONVILLE PD,LYNDONVILLE,ORLEANS,NY0362300,not_found,,,,,
NY,LAW ENFORCEMENT AGENCIE NEWYORK,*YATES TOWN PD,LYNDONVILLE,ORLEANS,NY0365900,not_found,,,,,
NY,LAW ENFORCEMENT AGENCIE NEWYORK,LYONS FALLS PD,LYONS FALLS,LEWIS,NY0242500,not_found,,,,,
NY,LAW ENFORCEMENT AGENCIE NEWYORK,LYONS VILLAGE PD,LYONS,WAYNE,NY0582300,not_found,,,,,
NY,LAW ENFORCEMENT AGENCIE NEWYORK,*SHERIFF’S OFFICE,LYONS,WAYNE,NY0580000,current,,NY0580000,Wayne County Sheriff's Office,county,Wayne
NY,LAW ENFORCEMENT AGENCIE NEWYORK,MACEDON TOWN PD,MACEDON,WAYNE,NY0585500,not_found,,,,,
NY,LAW ENFORCEMENT AGENCIE NEWYORK,MACEDON VILLAGE PD,MACEDON,WAYNE,NY0582400,not_found,,,,,
NY,LAW ENFORCEMENT AGENCIE NEWYORK,MALONE PD,MALONE,FRANKLIN,NY0162400,current,,NY0162400,Malone Village Police Department,city,Franklin
NY,LAW ENFORCEMENT AGENCIE NEWYORK,*SHERIFF'S OFFICE,MALONE,FRANKLIN,NY0160000,current,,NY0160000,Franklin County Sheriff's Office,county,Franklin
NY,LAW ENFORCEMENT AGENCIE NEWYORK,*STATE POLICE,MALONE,N/A,NY1160100,not_found,,,,,
NY,LAW ENFORCEMENT AGENCIE NEWYORK,MALVERNE PD,MALVERNE,NASSAU,NY0293900,current,,NY0293900,Malverne Village Police Department,city,Nassau
NY,LAW ENFORCEMENT AGENCIE NEWYORK,MAMAKATING PD,WURTSBORO,SULLIVAN,NY0526000,not_found,,,,,
NY,LAW ENFORCEMENT AGENCIE NEWYORK,MAMARONECK TOWN PD,MAMARONECK,WESTCHESTER,NY0595600,current,,NY0595600,Mamaroneck Town Police Department,city,Westchester
NY,LAW ENFORCEMENT AGENCIE NEWYORK,MAMARONECK VILLAGE PD,MAMARONECK,WESTCHESTER,NY0590900,current,,NY0590900,Mamaroneck Village Police Department,city,Westchester
NY,LAW ENFORCEMENT AGENCIE NEWYORK,MANCHESTER PD,MANCHESTER,ONTARIO,NY0342200,not_found,,,,,
NY,LAW ENFORCEMENT AGENCIE NEWYORK,MANLIUS PD,MANLIUS,ONONDAGA,NY0332900,current,,NY0332900,Manlius Town Police Department,city,Onondaga
NY,LAW ENFORCEMENT AGENCIE NEWYORK,MANORHAVEN PD,PORT WASHINGTON,NASSAU,NY0292000,not_found,,,,,
NY,LAW ENFORCEMENT AGENCIE NEWYORK,MARATHON PD,MARATHON,CORTLAND,NY0112200,not_found,,,,,
NY,LAW ENFORCEMENT AGENCIE NEWYORK,MARCELLUS PD,MARCELLUS,ONONDAGA,NY0333000,current,,NY0333000,Marcellus Village Police Department,city,Onondaga
NY,LAW ENFORCEMENT AGENCIE NEWYORK,MARGARETVILLE PD,MARGARETVILLE,DELAWARE,NY0122600,not_found,,,,,
NY,LAW ENFORCEMENT AGENCIE NEWYORK,*STATE POLICE,MARGARETVILLE,N/A,NY1120300,not_found,,,,,
NY,LAW ENFORCEMENT AGENCIE NEWYORK,MARLBORO PD,MILTON,ULSTER,NY0555800,current,,NY0555800,Marlborough Town Police Department,city,Ulster
NY,LAW ENFORCEMENT AGENCIE NEWYORK,MASSAPEQUA PARK PD,MASSAPEQUA PARK,NASSAU,NY0292100,not_found,,,,,
NY,LAW ENFORCEMENT AGENCIE NEWYORK,MASSENA PD,MASSENA,ST. LAWRENCE,NY0440200,current,,NY0440200,Massena Village Police Department,city,St Lawrence
NY,LAW ENFORCEMENT AGENCIE NEWYORK,*STATE POLICE,MASSENA,N/A,NY1440300,not_found,,,,,
NY,LAW ENFORCEMENT AGENCIE NEWYORK,MATINECOCK PD,LOCUST VALLEY,NASSAU,NY0296600,not_found,,,,,
NY,LAW ENFORCEMENT AGENCIE NEWYORK,MAYBROOK PD,MAYBROOK,ORANGE,NY0353200,current,,NY0353200,Maybrook Village Police Department,city,Orange
NY,LAW ENFORCEMENT AGENCIE NEWYORK,MAYFIELD PD,MAYFIELD,FULTON,NY0172400,not_found,,,,,
NY,LAW ENFORCEMENT AGENCIE NEWYORK,*STATE POLICE,MAYFIELD,N/A,NY1170100,not_found,,,,,
NY,LAW ENFORCEMENT AGENCIE NEWYORK,MAYVILLE PD,MAYVILLE,CHAUTAUQUA,NY0062200,not_found,,,,,
NY,LAW ENFORCEMENT AGENCIE NEWYORK,*SHERIFF’S OFFICE,MAYVILLE,CHAUTAUQUA,NY0060000,current,,NY0060000,Chautauqua County Sheriff's Office,county,Chautauqua
NY,LAW ENFORCEMENT AGENCIE NEWYORK,MCGRAW PD,MCGRAW,CORTLAND,NY0112100,not_found,,,,,
NY,LAW ENFORCEMENT AGENCIE NEWYORK,MECHANICVILLE PD,MECHANICVILLE,SARATOGA,NY0452300,current,,NY0452300,Mechanicville Police Department,city,Saratoga
NY,LAW ENFORCEMENT AGENCIE NEWYORK,MEDINA PD,MEDINA,ORLEANS,NY0362200,current,,NY0362200,Medina Village Police Department,city,Orleans
NY,LAW ENFORCEMENT AGENCIE NEWYORK,MENANDS PD,ALBANY,ALBANY,NY0012500,current,,NY0012500,Menands Village Police Department,city,Albany
NY,LAW ENFORCEMENT AGENCIE NEWYORK,MEXICO TOWN PD,MEXICO,OSWEGO,NY0372400,not_found,,,,,
NY,LAW ENFORCEMENT AGENCIE NEWYORK,MIDDLEBURG PD,MIDDLEBURG,SCHOHARIE,NY0472200,not_found,,,,,
NY,LAW ENFORCEMENT AGENCIE NEWYORK,MIDDLEPORT PD,MIDDLEPORT,NIAGARA,NY0312000,current,,NY0312000,Middleport Village Police Department,city,Niagara
NY,LAW ENFORCEMENT AGENCIE NEWYORK,MIDDLETOWN PD,MIDDLETOWN,ORANGE,NY0350100,current,,NY0350100,Middletown Police Department,city,Orange
NY,LAW ENFORCEMENT AGENCIE NEWYORK,*STATE POLICE,MIDDLETOWN,N/A,NY1350100,not_found,,,,,
NY,LAW ENFORCEMENT AGENCIE NEWYORK,*MOUNT HOPE TOWN PD,MIDDLETOWN,ORANGE,NY0355000,current,,NY0355000,Mount Hope Town Police Department,city,Orange
NY,LAW ENFORCEMENT AGENCIE NEWYORK,MILL NECK PD,MILL NECK,NASSAU,NY0293100,not_found,,,,,
NY,LAW ENFORCEMENT AGENCIE NEWYORK,MILLBROOK VILLAGE PD,MILLBROOK,DUTCHESS,NY0132800,current,,NY0132800,Millbrook Village Police Department,city,Dutchess
NY,LAW ENFORCEMENT AGENCIE NEWYORK,MILLERTON PD,MILLERTON,DUTCHESS,NY0132100,current,,NY0132100,Millerton Village Police Department,city,Dutchess
NY,LAW ENFORCEMENT AGENCIE NEWYORK,*NORTHEAST PD,MILLERTON,DUTCHESS,NY0135900,not_found,,,,,
NY,LAW ENFORCEMENT AGENCIE NEWYORK,MILLPORT PD,MILLPORT,CHEMUNG,NY0072400,not_found,,,,,
NY,LAW ENFORCEMENT AGENCIE NEWYORK,MINA PD,FINDLEY LAKE,CHAUTAUGUA,NY0067800,not_found,,,,,
NY,LAW ENFORCEMENT AGENCIE NEWYORK,MINEOLA PD,MINEOLA,NASSAU,NY0292200,not_found,,,,,
NY,LAW ENFORCEMENT AGENCIE NEWYORK,*NASSAU COUNTY PD,MINEOLA,NASSAU,NY0290000,current,,NY0290000,Nassau County Police Department,county,Nassau
NY,LAW ENFORCEMENT AGENCIE NEWYORK,*SHERIFF'S OFFICE,MINEOLA,NASSAU,NY0299000,not_found,,,,,
NY,LAW ENFORCEMENT AGENCIE NEWYORK,MINOA PD,MINOA,ONONDAGA,NY0333400,not_found,,,,,
NY,LAW ENFORCEMENT AGENCIE NEWYORK,MOHAWK PD,MOHAWK,HERKIMER,NY0212300,current,,NY0212300,Mohawk Village Police Department,city,Herkimer
NY,LAW ENFORCEMENT AGENCIE NEWYORK,MONROE PD,MONROE,ORANGE,NY0352600,current,,NY0352600,Monroe Village Police Department,city,Orange
NY,LAW ENFORCEMENT AGENCIE NEWYORK,*STATE POLICE,MONROE,N/A,NY1350200,not_found,,,,,
NY,LAW ENFORCEMENT AGENCIE NEWYORK,MONTGOMERY TOWN PD,WALDEN,ORANGE,NY0357400,current,,NY0357400,Montgomery Town Police Department,city,Orange
NY,LAW ENFORCEMENT AGENCIE NEWYORK,MONTICELLO PD,MONTICELLO,SULLIVAN,NY0522200,current,,NY0522200,Monticello Village Police Department,city,Sullivan
NY,LAW ENFORCEMENT AGENCIE NEWYORK,*SHERIFF'S OFFICE,MONTICELLO,SULLIVAN,NY0520000,current,,NY0520000,Sullivan County Sheriff's Office,county,Sullivan
NY,LAW ENFORCEMENT AGENCIE NEWYORK,MONTOUR FALLS PD,MONTOUR FALLS,SCHUYLER,NY0482300,not_found,,,,,
NY,LAW ENFORCEMENT AGENCIE NEWYORK,MORAVIA PD,MORAVIA,CAYUGA,NY0052600,current,,NY0052600,Moravia Village Police Department,city,Cayuga
NY,LAW ENFORCEMENT AGENCIE NEWYORK,MORRIS TOWN PD,MORRIS,OTSEGO,NY0386100,not_found,,,,,
NY,LAW ENFORCEMENT AGENCIE NEWYORK,MORRIS VILLAGE PD,MORRIS,OTSEGO,NY0382600,not_found,,,,,
NY,LAW ENFORCEMENT AGENCIE NEWYORK,*STATE UNIVERSITY AGRICULTAND TECHNICAL COLLEGE PD,MORRISVILLE,MADISON,NY0260400,not_found,,,,,
NY,LAW ENFORCEMENT AGENCIE NEWYORK,*STATE POLICE,MORRISVILLE,N/A,NY1260200,not_found,,,,,
NY,LAW ENFORCEMENT AGENCIE NEWYORK,MOUNT HOPE TOWN PD,MIDDLETOWN,ORANGE,NY0355000,current,,NY0355000,Mount Hope Town Police Department,city,Orange
NY,LAW ENFORCEMENT AGENCIE NEWYORK,MOUNT KISCO PD,MOUNT KISCO,WESTCHESTER,NY0592000,not_found,,,,,
NY,LAW ENFORCEMENT AGENCIE NEWYORK,MOUNT MORRIS PD,MOUNT MORRIS,LIVINGTON,NY0252600,current,,NY0252600,Mount Morris Village Police Department,city,Livingston
NY,LAW ENFORCEMENT AGENCIE NEWYORK,MOUNT PLEASANT PP,HAWTHORNE,WESTCHESTER,NY0595700,current,,NY0595700,Mount Pleasant Town Police Department,city,Westchester
NY,LAW ENFORCEMENT AGENCIE NEWYORK,MOUNT VERNON PD,MOUNT VERNON,WESTCHESTER,NY0590300,current,,NY0590300,Mount Vernon Police Department,city,Westchester
NY,LAW ENFORCEMENT AGENCIE NEWYORK,MUNSEY PARK PD,MANHASSET,NASSAU,NY0292300,not_found,,,,,
NY,LAW ENFORCEMENT AGENCIE NEWYORK,MUTTONTOWN PD,SYOSSET,NASSAU,NY0297900,not_found,,,,,
NY,LAW ENFORCEMENT AGENCIE NEWYORK,NAPLES PD,NAPLES,ONTARIO,NY0342400,not_found,,,,,
NY,LAW ENFORCEMENT AGENCIE NEWYORK,NASSAU COUNTY PD,MINEOLA,NASSAU,NY0290000,current,,NY0290000,Nassau County Police Department,county,Nassau
NY,LAW ENFORCEMENT AGENCIE NEWYORK,NASSAU VILLAGE PD,NASSAU,RENSSELAER,NY0412100,current,,NY0412100,Nassau Village Police Department,city,Rensselaer
NY,LAW ENFORCEMENT AGENCIE NEWYORK,NELSONVILLE VILLAGE PD',COLD SPRING,PUTNAM,NY0392100,not_found,,,,,
NY,LAW ENFORCEMENT AGENCIE NEWYORK,NEW BERLIN PD,NEW BERLIN,CHENANGO,NY0082300,not_found,,,,,
NY,LAW ENFORCEMENT AGENCIE NEWYORK,NEW CASTLE PD,CHAPPAQUA,WESTCHESTER,NY0595B00,likely_ocr_error,,NY0595800,New Castle Town Police Department,city,Westchester
NY,LAW ENFORCEMENT AGENCIE NEWYORK,*CLARKSTOWN PD,NEW CITY,ROCKLAND,NY0435000,current,,NY0435000,Clarkstown Town Police Department,city,Rockland
NY,LAW ENFORCEMENT AGENCIE NEWYORK,*SHERIFF'S OFFICE,NEW CITY,ROCKLAND,NY0430000,current,,NY0430000,Rockland County Sheriff's Office,county,Rockland
NY,LAW ENFORCEMENT AGENCIE NEWYORK,NEW HARTFORD TOWN PD,NEW HARTFORD,ONEIDA,NY0324100,current,,NY0324100,New Hartford Town and Village Police Department,city,Oneida
NY,LAW ENFORCEMENT AGENCIE NEWYORK,NEW HARTFORD VILLAGE PD,NEW HARTFORD,ONEIDA,NY0322700,not_found,,,,,
NY,LAW ENFORCEMENT AGENCIE NEWYORK,*STATE POLICE,NEW HARTFORD,N/A,NY1320100,not_found,,,,,
NY,LAW ENFORCEMENT AGENCIE NEWYORK,NEW HYDE PARK PD,NEW HYDE PARK,NASSAU,NY0292400,not_found,,,,,
NY,LAW ENFORCEMENT AGENCIE NEWYORK,*STATE POLICE,NEW LEBANON,N/A,NY110020C,not_found,,,,,
NY,LAW ENFORCEMENT AGENCIE NEWYORK,NEW PALTZ TOWN PD,NEW PALTZ,ULSTER,NY0552700,current,,NY0552700,New Paltz Town and Village Police Department,city,Ulster
NY,LAW ENFORCEMENT AGENCIE NEWYORK,NEW PALTZ VILLAGE PD,NEW PALTZ,ULSTER,NY0552200,not_found,,,,,
NY,LAW ENFORCEMENT AGENCIE NEWYORK,*STATE UNIVERSITY COLLEGE,NEW PALTZ,ULSTER,NY0550400,not_found,,,,,
NY,LAW ENFORCEMENT AGENCIE NEWYORK,NEW ROCHELLE PD,NEW ROCHELLE,WESTCHESTER,NY0590400,current,,NY0590400,New Rochelle Police Department,city,Westchester
NY,LAW ENFORCEMENT AGENCIE NEWYORK,*STATE POLICE-THRUWAY,NEW ROCHELLE,N/A,NY1590500,not_found,,,,,
NY,LAW ENFORCEMENT AGENCIE NEWYORK,NEW WINDSOR TOWN PD,NEW WINDSOR,ORANGE,NY0356700,current,,NY0356700,New Windsor Town Police Department,city,Orange
NY,LAW ENFORCEMENT AGENCIE NEWYORK,NEW YORK CITY HOUSING AUTHORITY PD,NEW YORK,NEW YORK,NY0307200,not_found,,,,,
NY,LAW ENFORCEMENT AGENCIE NEWYORK,NEW YORK CITY TRANSIT PD,NEW YORK,KINGS,NY0232300,not_found,,,,,
NY,LAW ENFORCEMENT AGENCIE NEWYORK,NEW YORK MILLS PD,NEW YORK MILLS,ONEIDA,NY0324000,current,,NY0324000,New York Mills Village Police Department,city,Oneida
NY,LAW ENFORCEMENT AGENCIE NEWYORK,NEW YORK PD,NEW YORK,NEW YORK,NY0303000,current,,NY0303000,New York City Police Department,city,
NY,LAW ENFORCEMENT AGENCIE NEWYORK,NEW YORK PORT AUTHORITY,NEW YORK,NEW YORK,NY0307000,not_found,,,,,
NY,LAW ENFORCEMENT AGENCIE NEWYORK,NEW YORK STATE ALBANY DIVISION OF,ALBANY,BRONX,NY1011100,not_found,,,,,
NY,LAW ENFORCEMENT AGENCIE NEWYORK,NEW YORK STATE POLICE DIVISION HEADQUARTERS,ALBANY,N/A,NY1010000,current,,NY1010000,New York State Police,state_police,
NY,LAW ENFORCEMENT AGENCIE NEWYORK,*SHERIFF'S OFFICE,NEW YORK,BRONX,NY0620000,not_found,,,,,
NY,LAW ENFORCEMENT AGENCIE NEWYORK,*SHERIFF’S OFFICE,NEW YORK,KINGS,NY0230000,not_found,,,,,
NY,LAW ENFORCEMENT AGENCIE NEWYORK,*DEPARTMENT OF MOTOR VEHICLES,NEW YORK,N/A,NYDMVNY00,not_found,,,,,
NY,LAW ENFORCEMENT AGENCIE NEWYORK,*PENN CENTRAL RAILROAD PD,NEW YORK,NEW YORK,NY0304000,not_found,,,,,
NY,LAW ENFORCEMENT AGENCIE NEWYORK,*SHERIFF’S OFFICE,NEW YORK,NEW YORK,NY0300000,not_found,,,,,
NY,LAW ENFORCEMENT AGENCIE NEWYORK,*STATE PARK AND RECREATION COMMISSION FOR THE,NEW YORK,NEW YORK,NY0303100,current,,NY0303100,State Park: New York City Region,other_state,
NY,LAW ENFORCEMENT AGENCIE NEWYORK,*TRIBOROUGH BRIDGE AND TUNNEL AUTHORITY,NEW YORK,NEW YORK,NY0307100,not_found,,,,,
NY,LAW ENFORCEMENT AGENCIE NEWYORK,*WATERFRONT COMMISSION OF NEW YORK HARBOR,NEW YORK,NEW YORK,NY0303200,not_found,,,,,
NY,LAW ENFORCEMENT AGENCIE NEWYORK,*SHERIFF’S OFFICE,NEW YORK,QUEENS,NY04000Q0,not_found,,,,,
NY,LAW ENFORCEMENT AGENCIE NEWYORK,*SHERIFF'S OFFICE,NEW YORK,RICHMOND,NY0420000,not_found,,,,,
NY,LAW ENFORCEMENT AGENCIE NEWYORK,NEWARK PD,NEWARK,WAYNE,NY0582000,current,,NY0582000,Newark Village Police Department,city,Wayne
NY,LAW ENFORCEMENT AGENCIE NEWYORK,NEWARK VALLEY PD,NEWARK VALLEY,TIOGA,NY0532200,not_found,,,,,
NY,LAW ENFORCEMENT AGENCIE NEWYORK,*STATE POLICE,NEWARK,N/A,NY1580100,not_found,,,,,
NY,LAW ENFORCEMENT AGENCIE NEWYORK,NEWBURGH CITY PD,NEWBURGH,ORANGE,NY0350200,current,,NY0350200,Newburgh Police Department,city,Orange
NY,LAW ENFORCEMENT AGENCIE NEWYORK,NEWBURGH TOWN PD,NEWBURGH,ORANGE,NY0356300,current,,NY0356300,Newburgh Town Police Department,city,Orange
NY,LAW ENFORCEMENT AGENCIE NEWYORK,*STATE POLICE,NEWBURGH,N/A,NY1350300,not_found,,,,,
NY,LAW ENFORCEMENT AGENCIE NEWYORK,STATE POLICE-THRUWAY,NEWBURGH,N/A,NY1350400,not_found,,,,,
NY,LAW ENFORCEMENT AGENCIE NEWYORK,NEWFANE TOWN PD,NEWFANE,NIAGARA,NY0315600,not_found,,,,,
NY,LAW ENFORCEMENT AGENCIE NEWYORK,NIAGARA FALLS PD,NIAGARA FALLS,NIAGARA,NY0310200,current,,NY0310200,Niagara Falls Police Department,city,Niagara
NY,LAW ENFORCEMENT AGENCIE NEWYORK,NIAGARA FRONTIER STATE PARK COMMISSION,NIAGARA FALLS,NIAGARA,NY0319000,current,,NY0319000,State Park: Niagara Region,other_state,
NY,LAW ENFORCEMENT AGENCIE NEWYORK,NIAGARA TOWN PD,NIAGARA FALLS,NIAGARA,NY0315500,current,,NY0315500,Niagara Town Police Department,city,Niagara
NY,LAW ENFORCEMENT AGENCIE NEWYORK,NICHOLS PD,NICHOLS,TIOGA,NY0532300,not_found,,,,,
NY,LAW ENFORCEMENT AGENCIE NEWYORK,NISKAYUNA PD,SCHENECTADY,SCHENECTADY,NY0465200,current,,NY0465200,Niskayuna Town Police Department,city,Schenectady
NY,LAW ENFORCEMENT AGENCIE NEWYORK,NISSEQUOQUE PD,"ST, JAMES",SUFFOLK,NY0514100,current,,NY0514100,Nissequogue Village Police Department,city,Suffolk
NY,LAW ENFORCEMENT AGENCIE NEWYORK,NORTH CASTLE PD,ARMONK,WESTCHESTER,NY0595900,current,,NY0595900,North Castle Town Police Department,city,Westchester
NY,LAW ENFORCEMENT AGENCIE NEWYORK,NORTH COLLINS TOWN PD,NORTH COLLINS,ERIE,NY0147000,not_found,,,,,
NY,LAW ENFORCEMENT AGENCIE NEWYORK,NORTH COLLINS VILLAGE PD,NORTH COLLINS,ERIE,NY0143400,not_found,,,,,
NY,LAW ENFORCEMENT AGENCIE NEWYORK,NORTH GREENBUSH TOWN PD,RENSSELAER,RENSSELAER,NY0415300,current,,NY0415300,North Greenbush Town Police Department,city,Rensselaer
NY,LAW ENFORCEMENT AGENCIE NEWYORK,NORTH HARMONY PD,STOW,CHAUTAUQUA,NY0067500,not_found,,,,,
NY,LAW ENFORCEMENT AGENCIE NEWYORK,NORTH HORNELL PD,HORNELL,STEUBEN,NY0503400,current,,NY0503400,North Hornell Village Police Department,city,Steuben
NY,LAW ENFORCEMENT AGENCIE NEWYORK,NORTH SALEM PD,NORTH SALEM,WESTCHESTER,NY0597100,not_found,,,,,
NY,LAW ENFORCEMENT AGENCIE NEWYORK,NORTH SYRACUSE PD,SYRACUSE,ONONDAGA,NY0333500,current,,NY0333500,North Syracuse Village Police Department,city,Onondaga
NY,LAW ENFORCEMENT AGENCIE NEWYORK,*STATE POLICE,NORTH SYRACUSE,N/A,NY1330100,not_found,,,,,
NY,LAW ENFORCEMENT AGENCIE NEWYORK,NORTH TARRYTOWN PD,NORTH TARRYTOWN,WESTCHESTER,NY0593200,current,,NY0593200,Sleepy Hollow Village Police Department,city,Westchester
NY,LAW ENFORCEMENT AGENCIE NEWYORK,NORTH TONAWANDA PD,NORTH TONAWANDA,NIAGARA,NY0310300,current,,NY0310300,North Tonawanda Police Department,city,Niagara
NY,LAW ENFORCEMENT AGENCIE NEWYORK,NORTHEAST PD,MILLERTON,DUTCHESS,NY0135900,not_found,,,,,
NY,LAW ENFORCEMENT AGENCIE NEWYORK,NORTHPORT PD,NORTHPORT,SUFFOLK,NY0512500,current,,NY0512500,Northport Village Police Department,city,Suffolk
NY,LAW ENFORCEMENT AGENCIE NEWYORK,*VETERANS ADMINISTRATION HOSPITAL PD,NORTHPORT,N/A,NYVA00100,not_found,,,,,
NY,LAW ENFORCEMENT AGENCIE NEWYORK,NORTHVILLE PD,NORTHVILLE,FULTON,NY0172100,current,,NY0172100,Northville Village Police Department,city,Fulton
NY,LAW ENFORCEMENT AGENCIE NEWYORK,NORWICH PD,NORWICH,CHENANGO,NY0082400,current,,NY0082400,Norwich Police Department,city,Chenango
NY,LAW ENFORCEMENT AGENCIE NEWYORK,*SHERIFF'S OFFICE,NORWICH,CHENANGO,NY0080000,current,,NY0080000,Chenango County Sheriff's Office,county,Chenango
NY,LAW ENFORCEMENT AGENCIE NEWYORK,*STATE POLICE,NORWICH,N/A,NY1080100,not_found,,,,,
NY,LAW ENFORCEMENT AGENCIE NEWYORK,NORWOOD PD,NORWOOD,ST. LAWRENCE,NY0442800,current,,NY0442800,Norwood Village Police Department,city,St Lawrence
NY,LAW ENFORCEMENT AGENCIE NEWYORK,NUNDA TOWN PD,NUNDA,LIVINGTON,NY0256000,current,,NY0256000,Nunda Town and Village Police Department,city,Livingston
NY,LAW ENFORCEMENT AGENCIE NEWYORK,NUNDA VILLAGE PD,NUNDA,LIVINGTON,NY0252800,not_found,,,,,
NY,LAW ENFORCEMENT AGENCIE NEWYORK,NYACK PD,NYACK,ROCKLAND,NY0432400,not_found,,,,,
NY,LAW ENFORCEMENT AGENCIE NEWYORK,*GRANDVIEW ON HUDSON VILLAPD,NYACK,ROCKLAND,NY0432300,not_found,,,,,
NY,LAW ENFORCEMENT AGENCIE NEWYORK,*SOUTH NYACK PD,NYACK,ROCKLAND,NY0432600,not_found,,,,,
NY,LAW ENFORCEMENT AGENCIE NEWYORK,OAKFIELD TOWN PD,OAKFIELD,GENESEE,NY0185900,not_found,,,,,
NY,LAW ENFORCEMENT AGENCIE NEWYORK,OAKFIELD VILLAGE-PD,OAKFIELD,GENESEE,NY0182400,not_found,,,,,
NY,LAW ENFORCEMENT AGENCIE NEWYORK,OCEAN BEACH PD,OCEAN BEACH,SUFFOLK,NY0513300,current,,NY0513300,Ocean Beach Village Police Department,city,Suffolk
NY,LAW ENFORCEMENT AGENCIE NEWYORK,OGDEN PD,SPENCERPORT,MONROE,NY0275900,current,,NY0275900,Ogden Town Police Department,city,Monroe
NY,LAW ENFORCEMENT AGENCIE NEWYORK,OGDENSBURG PD,OGDENSBURG,ST. LAWRENCE,NY0440100,current,,NY0440100,Ogdensburg Police Department,city,St Lawrence
NY,LAW ENFORCEMENT AGENCIE NEWYORK,*STATE POLICE,OGDENSBURG,N/A,NY1440400,not_found,,,,,
NY,LAW ENFORCEMENT AGENCIE NEWYORK,OLD BROOKVILLE PD,GLEN HEAD,NASSAU,NY0297200,current,,NY0297200,Old Brookville Village Police Department,city,Nassau
NY,LAW ENFORCEMENT AGENCIE NEWYORK,*WEBB PD,OLD FORGE,HERKIMER,NY0216700,current,,NY0216700,Webb Town Police Department,city,Herkimer
NY,LAW ENFORCEMENT AGENCIE NEWYORK,*STATE POLICE,OLD FORGE,N/A,NYÌ210300,not_found,,,,,
NY,LAW ENFORCEMENT AGENCIE NEWYORK,OLD WESTBURY PD,WESTBURY,NASSAU,NY0294300,current,,NY0294300,Old Westbury Village Police Department,city,Nassau
NY,LAW ENFORCEMENT AGENCIE NEWYORK,*STATE UNIVERSITY COLLEGE,OLD WESTBURY,NASSAU,NY0296900,not_found,,,,,
NY,LAW ENFORCEMENT AGENCIE NEWYORK,OLEAN CITY PD,OLEAN,CATTARAUGUS,NY0040100,current,,NY0040100,Olean Police Department,city,Cattaraugus
NY,LAW ENFORCEMENT AGENCIE NEWYORK,OLIVE TOWN PD,WEST SHOKAN,ULSTER,NY0559800,not_found,,,,,
NY,LAW ENFORCEMENT AGENCIE NEWYORK,ONEIDA PD,ONEIDA,MADISON,NY0260100,current,,NY0260100,Oneida Police Department,city,Madison
NY,LAW ENFORCEMENT AGENCIE NEWYORK,*STATE POLICE,ONEIDA,N/A,NY1260100,not_found,,,,,
NY,LAW ENFORCEMENT AGENCIE NEWYORK,ONEONTA PD,ONEONTA,OTSEGO,NY038010G,not_found,,,,,
NY,LAW ENFORCEMENT AGENCIE NEWYORK,*STATE POLICE,ONEONTA,N/A,NY1380100,not_found,,,,,
NY,LAW ENFORCEMENT AGENCIE NEWYORK,*STATE UNIVERSITY COLLEGE,ONEONTA,OTSEGO,NY0380400,not_found,,,,,
NY,LAW ENFORCEMENT AGENCIE NEWYORK,ORANGETOWN PD,ORANGEBURG,ROCKLAND,NY0435200,current,,NY0435200,Orangetown Town Police Department,city,Rockland
NY,LAW ENFORCEMENT AGENCIE NEWYORK,ORCHARD PARK PD,ORCHARD PARK,ERIE,NY0146000,current,,NY0146000,Orchard Park Town Police Department,city,Erie
NY,LAW ENFORCEMENT AGENCIE NEWYORK,*STATE POLICE,ORCHARD PARK,BRONX,NY1140500,not_found,,,,,
NY,LAW ENFORCEMENT AGENCIE NEWYORK,ORISKANY FALLS PD,ORISKANY FALLS,ONEIDA,NY0322000,not_found,,,,,
NY,LAW ENFORCEMENT AGENCIE NEWYORK,ORISKANY PD,ORISKANY,ONEIDA,NY0323900,current,,NY0323900,Oriskany Village Police Department,city,Oneida
NY,LAW ENFORCEMENT AGENCIE NEWYORK,*SHERIFF'S OFFICE,ORISKANY,ONEIDA,NY0320000,current,,NY0320000,Oneida County Sheriff's Office,county,Oneida
NY,LAW ENFORCEMENT AGENCIE NEWYORK,OSSINING PD,OSSINING,WESTCHESTER,NY0596100,not_found,,,,,
NY,LAW ENFORCEMENT AGENCIE NEWYORK,OSSINING TOWN PD,OSSINING,WESTCHESTER,NY0597300,not_found,,,,,
NY,LAW ENFORCEMENT AGENCIE NEWYORK,OSSINING VILLAGE PD,OSSINING,WESTCHESTER,NY0590500,current,,NY0590500,Ossining Village Police Department,city,Westchester
NY,LAW ENFORCEMENT AGENCIE NEWYORK,OSWEGO PD,OSWEGO,OSWEGO,NY0370200,current,,NY0370200,Oswego City Police Department,city,Oswego
NY,LAW ENFORCEMENT AGENCIE NEWYORK,*SHERIFF'S OFFICE,OSWEGO,OSWEGO,NY0370000,current,,NY0370000,Oswego County Sheriff's Office,county,Oswego
NY,LAW ENFORCEMENT AGENCIE NEWYORK,*STATE UNIVERSITY COLLEGE,OSWEGO,OSWEGO,NY0370400,not_found,,,,,
NY,LAW ENFORCEMENT AGENCIE NEWYORK,OVID VILLAGE PD,OVID,SENECA,NY0492400,not_found,,,,,
NY,LAW ENFORCEMENT AGENCIE NEWYORK,OWEGO VILLAGE PD,OWEGO,TIOGA,NY0532400,current,,NY0532400,Owego Village Police Department,city,Tioga
NY,LAW ENFORCEMENT AGENCIE NEWYORK,*STATE POLICE,OWEGO,N/A,NY1530100,not_found,,,,,
NY,LAW ENFORCEMENT AGENCIE NEWYORK,*SHERIFF'S OFFICE,OWEGO,TIOGA,NY0530000,current,,NY0530000,Tioga County Sheriff's Office,county,Tioga
NY,LAW ENFORCEMENT AGENCIE NEWYORK,OXFORD TOWN PD,OXFORD,CHENANGO,NY0086300,not_found,,,,,
NY,LAW ENFORCEMENT AGENCIE NEWYORK,OXFORD VILLAGE PD,OXFORD,CHENANGO,NY0082500,current,,NY0082500,Oxford Village Police Department,city,Chenango
NY,LAW ENFORCEMENT AGENCIE NEWYORK,DYSTER BAY COVE PD,OYSTER BAY,NASSAU,NY0298800,current,,NY0298800,Oyster Bay Cove Village Police Department,city,Nassau
NY,LAW ENFORCEMENT AGENCIE NEWYORK,*CENTRE ISLAND VILLAGE PD,OYSTER BAY,NASSAU,NY0294700,current,,NY0294700,Centre Island Village Police Department,city,Nassau
NY,LAW ENFORCEMENT AGENCIE NEWYORK,*COVE NECK VILLAGE PD,OYSTER BAY,NASSAU,NY0296200,not_found,,,,,
NY,LAW ENFORCEMENT AGENCIE NEWYORK,PAINTED POST PD,PAINTED POST,STEUBEN,NY0502600,current,,NY0502600,Painted Post Village Police Department,city,Steuben
NY,LAW ENFORCEMENT AGENCIE NEWYORK,*STATE POLICE,PAINTED POST,N/A,NY1500200,not_found,,,,,
NY,LAW ENFORCEMENT AGENCIE NEWYORK,PALATINE BRIDGE TOWN PD,PALATINE BRIDGE,MONTGOMERY,HY0282900,not_found,,,,,
NY,LAW ENFORCEMENT AGENCIE NEWYORK,PALISADES INTERSTATE PARK COMMISSION,BEAR MOUNTAIN,ROCKLAND,NY0439000,current,,NY0439000,State Park: Palisades Region,other_state,
NY,LAW ENFORCEMENT AGENCIE NEWYORK,PALMYRA PD,PALMYRA,WAYNE,NY0582500,current,,NY0582500,Palmyra Village Police Department,city,Wayne
NY,LAW ENFORCEMENT AGENCIE NEWYORK,PARISH PD,PARISH,OSWEGO,NY0376200,not_found,,,,,
NY,LAW ENFORCEMENT AGENCIE NEWYORK,PATCHOGUE PD,PATCHOGUE,SUFFOLK,NY0511000,not_found,,,,,
NY,LAW ENFORCEMENT AGENCIE NEWYORK,PAWLING PD,PAWLING,DUTCHESS,NY0132200,not_found,,,,,
NY,LAW ENFORCEMENT AGENCIE NEWYORK,PEEKSKILL PD,PEEKSKILL,WESTCHESTER,NY0590100,current,,NY0590100,Peekskill Police Department,city,Westchester
NY,LAW ENFORCEMENT AGENCIE NEWYORK,*STATE POLICE,PEEKSKILL,N/A,NY1590200,not_found,,,,,
NY,LAW ENFORCEMENT AGENCIE NEWYORK,PELHAM MANOR PD,PELHAM,WESTCHESTER,NY0593700,current,,NY0593700,Pelham Manor Village Police Department,city,Westchester
NY,LAW ENFORCEMENT AGENCIE NEWYORK,PELHAM PD,PELHAM,WESTCHESTER,NY0593600,not_found,,,,,
NY,LAW ENFORCEMENT AGENCIE NEWYORK,*VILLAGE OF PELHAM PD,PELHAM,WESTCHESTER,NY0593500,current,,NY0593500,Pelham Village Police Department,city,Westchester
NY,LAW ENFORCEMENT AGENCIE NEWYORK,PENN CENTRAL RAILROAD PD,NEW YORK,NEW YORK,NY0304000,not_found,,,,,
NY,LAW ENFORCEMENT AGENCIE NEWYORK,PENN YAN PD,PENN YAN,YATES,NY0612000,current,,NY0612000,Penn Yan Village Police Department,city,Yates
NY,LAW ENFORCEMENT AGENCIE NEWYORK,*SHERIFF’S OFFICE,PENN YAN,YATES,NY0610000,current,,NY0610000,Yates County Sheriff's Office,county,Yates
NY,LAW ENFORCEMENT AGENCIE NEWYORK,PERRY PD,PERRY,WYOMING,NY0602300,current,,NY0602300,Perry Village Police Department,city,Wyoming
NY,LAW ENFORCEMENT AGENCIE NEWYORK,*TOWN OF PERRYSBURG PD,PERRYSBURG,CATTARAUGUS,NY0046300,not_found,,,,,
NY,LAW ENFORCEMENT AGENCIE NEWYORK,PHELPS PD,PHELPS,ONTARIO,NY0342500,current,,NY0342500,Phelps Village Police Department,city,Ontario
NY,LAW ENFORCEMENT AGENCIE NEWYORK,PHILADELPHIA PD,PHILADELPHIA,JEFFERSON,NY0223600,not_found,,,,,
NY,LAW ENFORCEMENT AGENCIE NEWYORK,PHILLIPSTOWN PD,COLD SPRING,PUTNAM,NY0395300,not_found,,,,,
NY,LAW ENFORCEMENT AGENCIE NEWYORK,PHILMONT VILLAGE PD,PHILMONT,COLUMBIA,NY0100200,current,,NY0100200,Philmont Village Police Department,city,Columbia
NY,LAW ENFORCEMENT AGENCIE NEWYORK,PHOENIX PD,PHOENIX,OSWEGO,NY0372900,current,,NY0372900,Phoenix Village Police Department,city,Oswego
NY,LAW ENFORCEMENT AGENCIE NEWYORK,PIERMONT PD,PIERMONT,ROCKLAND,NY0432500,current,,NY0432500,Piermont Village Police Department,city,Rockland
NY,LAW ENFORCEMENT AGENCIE NEWYORK,PIKE TOWN PD,PIKE,WYOMING,NY0606200,not_found,,,,,
NY,LAW ENFORCEMENT AGENCIE NEWYORK,PIKE VILLAGE PD,GAINESVILLE,WYOMING,NY0602600,not_found,,,,,
NY,LAW ENFORCEMENT AGENCIE NEWYORK,PINE PLAINS TOWN PD,PINE PLAINS,DUTCHESS,NY0135000,current,,NY0135000,Pine Plains Town Police Department,city,Dutchess
NY,LAW ENFORCEMENT AGENCIE NEWYORK,PLANDOME PD,MANHASSET,NASSAU,NY0293200,not_found,,,,,
NY,LAW ENFORCEMENT AGENCIE NEWYORK,PLATTEKILL PD,PLATTEKILL,ULSTER,NY0556100,current,,NY0556100,Plattekill Town Police Department,city,Ulster
NY,LAW ENFORCEMENT AGENCIE NEWYORK,PLATTSBURGH CITY PD,PLATTSBURGH,CLINTON,NY0090100,current,,NY0090100,Plattsburgh City Police Department,city,Clinton
NY,LAW ENFORCEMENT AGENCIE NEWYORK,*SHERIFF’S OFFICE,PLATTSBURGH,CLINTON,NY0990000,not_found,,,,,
NY,LAW ENFORCEMENT AGENCIE NEWYORK,*STATE UNIVERSITY COLLEGE,PLATTSBURGH,CLINTON,NY0090400,not_found,,,,,
NY,LAW ENFORCEMENT AGENCIE NEWYORK,*STATE POLICE,PLATTSBURG,N/A,NY1090100,not_found,,,,,
NY,LAW ENFORCEMENT AGENCIE NEWYORK,PLEASANT VALLEY PD,PLEASANT VALLEY,DUTCHESS,NY0135100,not_found,,,,,
NY,LAW ENFORCEMENT AGENCIE NEWYORK,PLEASANTVILLE PD,PLEASANTVILLE,WESTCHESTER,NY0593300,current,,NY0593300,Pleasantville Village Police Department,city,Westchester
NY,LAW ENFORCEMENT AGENCIE NEWYORK,POESTENKILL PD,POESTENKILL,RENSSELAER,NY0415600,not_found,,,,,
NY,LAW ENFORCEMENT AGENCIE NEWYORK,POMFRET TOWN PD,FREDONIA,CHAUTAUQUA,NY0067600,not_found,,,,,
NY,LAW ENFORCEMENT AGENCIE NEWYORK,PORT CHESTER PD,PORT CHESTER,WESTCHESTER,NY0590600,current,,NY0590600,Port Chester Village Police Department,city,Westchester
NY,LAW ENFORCEMENT AGENCIE NEWYORK,*RYE TOWN PD,PORT CHESTER,WESTCHESTER,NY0597200,current,,NY0597200,Rye Brook Village Police Department,city,Westchester
NY,LAW ENFORCEMENT AGENCIE NEWYORK,PORT DICKINSON PD,BINGHAMTON,BROOME,NY0032000,current,,NY0032000,Port Dickinson Village Police Department,city,Broome
NY,LAW ENFORCEMENT AGENCIE NEWYORK,PORT HENRY PD,PORT HENRY,ESSEX,NY0152200,not_found,,,,,
NY,LAW ENFORCEMENT AGENCIE NEWYORK,PORT JEFFERSON PD,PORT JEFFERSON,SUFFOLK,NY0511100,not_found,,,,,
NY,LAW ENFORCEMENT AGENCIE NEWYORK,*BELLE TERRE PD,PORT JEFFERSON,SUFFOLK,NY0514700,not_found,,,,,
NY,LAW ENFORCEMENT AGENCIE NEWYORK,PORT JERVIS PD,PORT JERVIS,ORANGE,NY0353500,current,,NY0353500,Port Jervis Police Department,city,Orange
NY,LAW ENFORCEMENT AGENCIE NEWYORK,*GREENVILLE TOWN,PORT JERVIS,ORANGE,NY0357500,not_found,,,,,
NY,LAW ENFORCEMENT AGENCIE NEWYORK,PORT WASHINGTON PD,PORT WASHINGTON,NASSAU,NY0295500,current,,NY0295500,Port Washington Police Department,city,Nassau
NY,LAW ENFORCEMENT AGENCIE NEWYORK,*FLOWER HILL PD,PORT WASHINGTON,NASSAU,NY0291500,not_found,,,,,
NY,LAW ENFORCEMENT AGENCIE NEWYORK,*MANORHAVEN PD,PORT WASHINGTON,NASSAU,NY0292000,not_found,,,,,
NY,LAW ENFORCEMENT AGENCIE NEWYORK,*SANOS POINT PD,PORT WASHINGTON,NASSAU,NY0293500,current,,NY0293500,Sands Point Village Police Department,city,Nassau
NY,LAW ENFORCEMENT AGENCIE NEWYORK,PORTVILLE PD,PORTVILLE,CATTARAUGUS,NY0042800,current,,NY0042800,Portville Village Police Department,city,Cattaraugus
NY,LAW ENFORCEMENT AGENCIE NEWYORK,POTSDAM PD,POTSDAM,ST. LAWRENCE,NY0442900,current,,NY0442900,Potsdam Village Police Department,city,St Lawrence
NY,LAW ENFORCEMENT AGENCIE NEWYORK,*STATE UNIVERSITY COLLEGE,POTSDAM,ST. LAWRENCE,NY0440400,not_found,,,,,
NY,LAW ENFORCEMENT AGENCIE NEWYORK,POUGHKEEPSIE CITY PD,POUGHKEEPSIE,DUTCHESS,NY0130200,current,,NY0130200,Poughkeepsie Police Department,city,Dutchess
NY,LAW ENFORCEMENT AGENCIE NEWYORK,POUGHKEEPSIE TOWN PD,POUGHKEEPSIE,DUTCHESS,N70136300,not_found,,,,,
NY,LAW ENFORCEMENT AGENCIE NEWYORK,*ARLINGTON PD,POUGHKEEPSIE,DUTCHESS,NY0130300,not_found,,,,,
NY,LAW ENFORCEMENT AGENCIE NEWYORK,*SHERIFF’S OFFICE,POUGHKEEPSIE,DUTCHESS,NY0130000,current,,NY0130000,Dutchess County Sheriff's Office,county,Dutchess
NY,LAW ENFORCEMENT AGENCIE NEWYORK,*STATE POLICE,POUGHKEEPSI,N/A,NY1130400,not_found,,,,,
NY,LAW ENFORCEMENT AGENCIE NEWYORK,POUND RIDGE PD,POUND RIDGE,WESTCHESTER,NY0596300,current,,NY0596300,Pound Ridge Town Police Department,city,Westchester
NY,LAW ENFORCEMENT AGENCIE NEWYORK,PRATTSBURG PD,PRATTSBURG,STEUBEN,NY0502700,not_found,,,,,
NY,LAW ENFORCEMENT AGENCIE NEWYORK,PULASKI PD,PULASKI,OSWEGO,NY0372600,current,,NY0372600,Pulaski Village Police Department,city,Oswego
NY,LAW ENFORCEMENT AGENCIE NEWYORK,STATE POLICE,PULASKI,N/A,NY1370200,not_found,,,,,
NY,LAW ENFORCEMENT AGENCIE NEWYORK,PUTNAM VALLEY PD,PUTNAM VALLEY,PUTNAM,NY0395400,not_found,,,,,
NY,LAW ENFORCEMENT AGENCIE NEWYORK,STATE POLICE,PUTNAM VALLEY,N/A,NY1390100,not_found,,,,,
NY,LAW ENFORCEMENT AGENCIE NEWYORK,QUEENSBURY PD,QUEENSBURY,WARREN,NY0565700,not_found,,,,,
NY,LAW ENFORCEMENT AGENCIE NEWYORK,QUOGUE PD,QUOGUE,SUFFOLK,NY0513900,current,,NY0513900,Quogue Village Police Department,city,Suffolk
NY,LAW ENFORCEMENT AGENCIE NEWYORK,RAMAPO PD,SUFFERN,ROCKLAND,NY0435300,current,,NY0435300,Ramapo Town Police Department,city,Rockland
NY,LAW ENFORCEMENT AGENCIE NEWYORK,RANDOLPH PD,RANDOLPH,CATTARAUGUS,NY0042900,not_found,,,,,
NY,LAW ENFORCEMENT AGENCIE NEWYORK,RAVENA PD,RAVENA,ALBANY,NY0012300,not_found,,,,,
NY,LAW ENFORCEMENT AGENCIE NEWYORK,RED HOOK PD,RED HOOK,DUTCHESS,NY0132500,current,,NY0132500,Red Hook Village Police Department,city,Dutchess
NY,LAW ENFORCEMENT AGENCIE NEWYORK,RENSSELAER PD,RENSSELAER,RENSSELAER,NY0410100,current,,NY0410100,Rensselaer City Police Department,city,Rensselaer
NY,LAW ENFORCEMENT AGENCIE NEWYORK,*NORTH GREENBUSH TOWN PD,RENSSELAER,RENSSELAER,NY0415300,current,,NY0415300,North Greenbush Town Police Department,city,Rensselaer
NY,LAW ENFORCEMENT AGENCIE NEWYORK,RHINEBECK PD,RHINEBECK,DUTCHESS,NY0132700,current,,NY0132700,Rhinebeck Village Police Department,city,Dutchess
NY,LAW ENFORCEMENT AGENCIE NEWYORK,*STATE POLICE,RHINEBECK,N/A,NY1130200,not_found,,,,,
NY,LAW ENFORCEMENT AGENCIE NEWYORK,RICHBURG PD,RICHBURG,ALLEGANY,NY0022900,not_found,,,,,
NY,LAW ENFORCEMENT AGENCIE NEWYORK,RICHFIELD SPRINGS PD,RICHFIELD SPRINGS,OTSEGO,NY0382000,not_found,,,,,
NY,LAW ENFORCEMENT AGENCIE NEWYORK,*STATE POLICE,RICHFIELD SPRINGS,N/A,NY1380200,not_found,,,,,
NY,LAW ENFORCEMENT AGENCIE NEWYORK,RICHMONDVILLE PD,RICHMONDVILLE,SCHOHARIE,NY0472300,not_found,,,,,
NY,LAW ENFORCEMENT AGENCIE NEWYORK,RIPLEY PD,RIPLEY,CHAUTAUQUA,NY0067000,not_found,,,,,
NY,LAW ENFORCEMENT AGENCIE NEWYORK,RIVERHEAD PD,RIVERHEAD,SUFFOLK,NY0515500,current,,NY0515500,Riverhead Town Police Department,city,Suffolk
NY,LAW ENFORCEMENT AGENCIE NEWYORK,*STATE POLICE,RIVERHEAD,N/A,NY1510100,not_found,,,,,
NY,LAW ENFORCEMENT AGENCIE NEWYORK,*SHERIFF’S OFFICE,RIVERHEAD,SUFFOLK,NY0510000,current,,NY0510000,Suffolk County Sheriff's Office,county,Suffolk
NY,LAW ENFORCEMENT AGENCIE NEWYORK,ROCHESTER PD,ROCHESTER,MONROE,NY0270100,current,,NY0270100,Rochester Police Department,city,Monroe
NY,LAW ENFORCEMENT AGENCIE NEWYORK,*BRIGHTON PD,ROCHESTER,MONROE,NY0275000,current,,NY0275000,Brighton Town Police Department,city,Monroe
NY,LAW ENFORCEMENT AGENCIE NEWYORK,*GATES TOWN PD,ROCHESTER,MONROE,NY0275300,current,,NY0275300,Gates Town Police Department,city,Monroe
NY,LAW ENFORCEMENT AGENCIE NEWYORK,*GREECE PD,ROCHESTER,MONROE,NY0275400,current,,NY0275400,Greece Town Police Department,city,Monroe
NY,LAW ENFORCEMENT AGENCIE NEWYORK,*IRONDEQUOIT PD,ROCHESTER,MONROE,NY0270200,current,,NY0270200,Irondequoit Town Police Department,city,Monroe
NY,LAW ENFORCEMENT AGENCIE NEWYORK,*SHERIFF’S OFFICE,ROCHESTER,MONROE,NY0270000,current,,NY0270000,Monroe County Sheriff's Office,county,Monroe
NY,LAW ENFORCEMENT AGENCIE NEWYORK,ROCKLAND TOWN PD,LIVINGSTON MANOR,SULLIVAN,NY0526300,not_found,,,,,
NY,LAW ENFORCEMENT AGENCIE NEWYORK,ROCKVILLE CENTRE PD,ROCKVILLE CENTRE,NASSAU,NY0290900,current,,NY0290900,Rockville Centre Village Police Department,city,Nassau
NY,LAW ENFORCEMENT AGENCIE NEWYORK,ROME PD,ROME,ONEIDA,NY0320100,current,,NY0320100,Rome Police Department,city,Oneida
NY,LAW ENFORCEMENT AGENCIE NEWYORK,ROOSEVELT,HYDE PARK,DUTCHESS,NY0139500,not_found,,,,,
NY,LAW ENFORCEMENT AGENCIE NEWYORK,ROSENDALE TOWN PD,ROSENDALE,ULSTER,NY0559100,current,,NY0559100,Rosendale Town Police Department,city,Ulster
NY,LAW ENFORCEMENT AGENCIE NEWYORK,ROSENDALE VILLAGE PD,ROSENDALE,ULSTER,NY0559000,not_found,,,,,
NY,LAW ENFORCEMENT AGENCIE NEWYORK,ROSLYN PD,ROSLYN,NASSAU,NY0292500,not_found,,,,,
NY,LAW ENFORCEMENT AGENCIE NEWYORK,*EAST HILLS PD,ROSLYN,NASSAU,NY0291100,not_found,,,,,
NY,LAW ENFORCEMENT AGENCIE NEWYORK,ROTTERDAM PD,ROTTERDAM,SCHENECTADY,NY0465400,current,,NY0465400,Rotterdam Town Police Department,city,Schenectady
NY,LAW ENFORCEMENT AGENCIE NEWYORK,ROUSES POINT PD,ROUSES POINT,CLINTON,NY0092200,not_found,,,,,
NY,LAW ENFORCEMENT AGENCIE NEWYORK,RUSHVILLE PD,RUSHVILLE,YATES,NY0612100,not_found,,,,,
NY,LAW ENFORCEMENT AGENCIE NEWYORK,RYE PD,RYE,WESTCHESTER,NY0590800,current,,NY0590800,Rye Police Department,city,Westchester
NY,LAW ENFORCEMENT AGENCIE NEWYORK,RYE TOWN PD,PORT CHESTER,WESTCHESTER,NY0597200,current,,NY0597200,Rye Brook Village Police Department,city,Westchester
NY,LAW ENFORCEMENT AGENCIE NEWYORK,SACKETS HARBOR PD,SACKETS HARBOR,JEFFERSON,NY0223300,current,,NY0223300,Sackets Harbor Village Police Department,city,Jefferson
NY,LAW ENFORCEMENT AGENCIE NEWYORK,SAG HARBOR PD,SAG HARBOR,SUFFOLK,NY0512400,current,,NY0512400,Sag Harbor Village Police Department,city,Suffolk
NY,LAW ENFORCEMENT AGENCIE NEWYORK,SAINT JOHNSVILLE PD,SAINT JOHNSVILLE,MONTGOMERY,NY0282800,current,,NY0282800,St. Johnsville Village Police Department,city,Montgomery
NY,LAW ENFORCEMENT AGENCIE NEWYORK,SALAMANCA CITY PD,SALAMANCA,CATTARAUGUS,NY0043300,current,,NY0043300,Salamanca Police Department,city,Cattaraugus
NY,LAW ENFORCEMENT AGENCIE NEWYORK,ALLEGANY STATE PARK COMMISSION,SALAMANCA,CATTARAUGUS,NY0049000,current,,NY0049000,State Park: Allegany Region,other_state,
NY,LAW ENFORCEMENT AGENCIE NEWYORK,SALEM PD,SALEM,WASHINGTON,NY0572700,not_found,,,,,
NY,LAW ENFORCEMENT AGENCIE NEWYORK,*STATE POLICE,SALEM,N/A,NY1570200,not_found,,,,,
NY,LAW ENFORCEMENT AGENCIE NEWYORK,*SHERIFF'S OFFICE,SALEM,WASHINGTON,NY0570000,current,,NY0570000,Washington County Sheriff's Office,county,Washington
NY,LAW ENFORCEMENT AGENCIE NEWYORK,SALTAIRE PD,SALEM SALTAIRE,SUFFOLK,NY0513000,not_found,,,,,
NY,LAW ENFORCEMENT AGENCIE NEWYORK,SAND LAKE TOWN PD,WEST SAND LAKE,RENSSELAER,NY0419000,not_found,,,,,
NY,LAW ENFORCEMENT AGENCIE NEWYORK,SANOS POINT PD,PORT WASHINGTON,NASSAU,NY0293500,current,,NY0293500,Sands Point Village Police Department,city,Nassau
NY,LAW ENFORCEMENT AGENCIE NEWYORK,SARANAC LAKE VILLAGE PD,SARANAC LAKE,ESSEX,NY0152400,not_found,,,,,
NY,LAW ENFORCEMENT AGENCIE NEWYORK,SARANAC LAKE VILLAGE PD,,FRANKLIN,NY0162300,current,,NY0162300,Saranac Lake Village Police Department,city,"Essex, Franklin"
NY,LAW ENFORCEMENT AGENCIE NEWYORK,*STATE POLICE,SARANAC LAKE,N/A,NYU50100,not_found,,,,,
NY,LAW ENFORCEMENT AGENCIE NEWYORK,SARATOGA SPRINGS PD,SARATOGA SPRINGS,SARATOGA,NY0450100,current,,NY0450100,Saratoga Springs Police Department,city,Saratoga
NY,LAW ENFORCEMENT AGENCIE NEWYORK,SARATOGA-CAPITAL DISTRICTSTATE PARK AND RECREATION,SARATOGA SPRINGS,SARATOGA,NY0452900,current,,NY0452900,State Park: Saratoga/Capital Region,other_state,
NY,LAW ENFORCEMENT AGENCIE NEWYORK,*STATE POLICE,SARATOGA,N/A,NY1450200,not_found,,,,,
NY,LAW ENFORCEMENT AGENCIE NEWYORK,SAUGERTIES TOWN PD,SAUGERTIES,ULSTER,NY0558000,current,,NY0558000,Saugerties Town Police Department,city,Ulster
NY,LAW ENFORCEMENT AGENCIE NEWYORK,SAUGERTIES VILLAGE PD,SAUGERTIES,ULSTER,NY0552400,not_found,,,,,
NY,LAW ENFORCEMENT AGENCIE NEWYORK,SAVONA PD,SAVONA,STEUBEN,NY0502300,not_found,,,,,
NY,LAW ENFORCEMENT AGENCIE NEWYORK,SCARSDALE PD,SCARSDALE,WESTCHESTER,NY0591000,current,,NY0591000,Scarsdale Village Police Department,city,Westchester
NY,LAW ENFORCEMENT AGENCIE NEWYORK,SCHENECTADY PD,SCHENECTADY,SCHENECTADY,NY0460100,current,,NY0460100,Schenectady Police Department,city,Schenectady
NY,LAW ENFORCEMENT AGENCIE NEWYORK,*NISKAYUNA PD,SCHENECTADY,SCHENECTADY,NY0465200,current,,NY0465200,Niskayuna Town Police Department,city,Schenectady
NY,LAW ENFORCEMENT AGENCIE NEWYORK,*SHERIFF'S OFFICE,SCHENECTADY,SCHENECTADY,NY0460000,current,,NY0460000,Schenectady County Sheriff's Office,county,Schenectady
NY,LAW ENFORCEMENT AGENCIE NEWYORK,SCHODACK PD,CASTLETON ON-HUDSON,RENSSELAER,NY0415400,current,,NY0415400,Schodack Town Police Department,city,Rensselaer
NY,LAW ENFORCEMENT AGENCIE NEWYORK,SCHOHARIE PD,SCHOHARIE,SCHOHARIE,NY0472400,current,,NY0472400,Schoharie Village Police Department,city,Schoharie
NY,LAW ENFORCEMENT AGENCIE NEWYORK,*SHERIFF'S OFFICE,SCHOHARIE,SCHOHARIE,NY0470000,current,,NY0470000,Schoharie County Sheriff's Office,county,Schoharie
NY,LAW ENFORCEMENT AGENCIE NEWYORK,SCHUYLERVILLE PD,SCHUYLERVILLE,SARATOGA,NY0452500,not_found,,,,,
NY,LAW ENFORCEMENT AGENCIE NEWYORK,SCOTIA PD,SCOTIA,SCHENECTADY,NY0462000,current,,NY0462000,Scotia Village Police Department,city,Schenectady
NY,LAW ENFORCEMENT AGENCIE NEWYORK,*GLENVILLE PD,SCOTIA,SCHENECTADY,NY0465100,current,,NY0465100,Glenville Town Police Department,city,Schenectady
NY,LAW ENFORCEMENT AGENCIE NEWYORK,*WHEATLAND PD,SCOTTSVILLE,MONROE,NY0270300,not_found,,,,,
NY,LAW ENFORCEMENT AGENCIE NEWYORK,SEA CLIFF PD,SEA CLIFF,NASSAU,NY0292600,not_found,,,,,
NY,LAW ENFORCEMENT AGENCIE NEWYORK,SENECA FALLS PD,SENECA FALLS,SENECA,NY0492300,not_found,,,,,
NY,LAW ENFORCEMENT AGENCIE NEWYORK,SHANDAKEN TOWN PD,SHANDAKEN,ULSTER,NY0558100,current,,NY0558100,Shandaken Town Police Department,city,Ulster
NY,LAW ENFORCEMENT AGENCIE NEWYORK,SHARON SPRINGS PD,SHARON SPRINGS,SCHOHARIE,NY0472500,not_found,,,,,
NY,LAW ENFORCEMENT AGENCIE NEWYORK,SHAWANGUNK TOWN PD,WALLKILL,ULSTER,NY0559900,current,,NY0559900,Shawangunk Town Police Department,city,Ulster
NY,LAW ENFORCEMENT AGENCIE NEWYORK,SHELTER ISLAND PD,SHELTER ISLAND,SUFFOLK,NY0515600,current,,NY0515600,Shelter Island Town Police Department,city,Suffolk
NY,LAW ENFORCEMENT AGENCIE NEWYORK,SHERBURNE PD,SHERBURNE,CHENANGO,NY0082700,current,,NY0082700,Sherburne Village Police Department,city,Chenango
NY,LAW ENFORCEMENT AGENCIE NEWYORK,SHERIDAN PD,SHERIDAN,CHAUTAUQUA,NY0067100,not_found,,,,,
NY,LAW ENFORCEMENT AGENCIE NEWYORK,SHERIFF'S OFFICE,ALBANY,ALBANY,NY0010000,current,,NY0010000,Albany County Sheriff's Office,county,Albany
NY,LAW ENFORCEMENT AGENCIE NEWYORK,SHERIFF'S OFFICE,BELMONT,ALLEGANY,NY0020000,current,,NY0020000,Allegany County Sheriff's Office,county,Allegany
NY,LAW ENFORCEMENT AGENCIE NEWYORK,SHERIFF'S OFFICE,BINGHAMTON,BROOME,NY0030000,current,,NY0030000,Broome County Sheriff's Office,county,Broome
NY,LAW ENFORCEMENT AGENCIE NEWYORK,SHERIFF'S OFFICE,NEW YORK,BRONX,NY0620000,not_found,,,,,
NY,LAW ENFORCEMENT AGENCIE NEWYORK,SHERIFF'S OFFICE,AUBURN,CAYUGA,NY0050000,current,,NY0050000,Cayuga County Sheriff's Office,county,Cayuga
NY,LAW ENFORCEMENT AGENCIE NEWYORK,SHERIFFS OFFICE,LITTLE VALLEY,CATTARAUGUS,NY0040000,current,,NY0040000,Cattaraugus County Sheriff's Office,county,Cattaraugus
NY,LAW ENFORCEMENT AGENCIE NEWYORK,SHERIFF'S OFFICE,ELMIRA,CHEMUNG,NY0070000,current,,NY0070000,Chemung County Sheriff's Office,county,Chemung
NY,LAW ENFORCEMENT AGENCIE NEWYORK,SHERIFF’S OFFICE,MAYVILLE,CHAUTAUQUA,NY0060000,current,,NY0060000,Chautauqua County Sheriff's Office,county,Chautauqua
NY,LAW ENFORCEMENT AGENCIE NEWYORK,SHERIFF'S OFFICE,NORWICH,CHENANGO,NY0080000,current,,NY0080000,Chenango County Sheriff's Office,county,Chenango
NY,LAW ENFORCEMENT AGENCIE NEWYORK,SHERIFF’S OFFICE,PLATTSBURGH,CLINTON,NY0090000,current,,NY0090000,Clinton County Sheriff's Office,county,Clinton
NY,LAW ENFORCEMENT AGENCIE NEWYORK,SHERIFF'S OFFICE,CORTLAND,CORTLAND,NY0110000,current,,NY0110000,Cortland County Sheriff's Office,county,Cortland
NY,LAW ENFORCEMENT AGENCIE NEWYORK,SHERIFF'S OFFICE,HUDSON,COLUMBIA,NY0100000,current,,NY0100000,Columbia County Sheriff's Office,county,Columbia
NY,LAW ENFORCEMENT AGENCIE NEWYORK,SHERIFF'S OFFICE,DELHI,DELAWARE,NY0120000,current,,NY0120000,Delaware County Sheriff's Office,county,Delaware
NY,LAW ENFORCEMENT AGENCIE NEWYORK,SHERIFF'S OFFICE,POUGHKEEPSIE,DUTCHESS,NY0130000,current,,NY0130000,Dutchess County Sheriff's Office,county,Dutchess
NY,LAW ENFORCEMENT AGENCIE NEWYORK,SHERIFF'S OFFICE,BUFFALO,ERIE,NY0140000,current,,NY0140000,Erie County Sheriff's Office,county,Erie
NY,LAW ENFORCEMENT AGENCIE NEWYORK,SHERIFF’S OFFICE,ELIZABETHTOWN,ESSEX,NY0150000,current,,NY0150000,Essex County Sheriff's Office,county,Essex
NY,LAW ENFORCEMENT AGENCIE NEWYORK,SHERIFF’S OFFICE,MALONE,FRANKLIN,NY0160000,current,,NY0160000,Franklin County Sheriff's Office,county,Franklin
NY,LAW ENFORCEMENT AGENCIE NEWYORK,SHERIFF'S OFFICE,JOHNSTOWN,FULTON,NY0170000,current,,NY0170000,Fulton County Sheriff's Office,county,Fulton
NY,LAW ENFORCEMENT AGENCIE NEWYORK,SHERIFF'S OFFICE,BATAVIA,GENESEE,NY0180000,current,,NY0180000,Genesee County Sheriff's Office,county,Genesee
NY,LAW ENFORCEMENT AGENCIE NEWYORK,SHERIFF'S OFFICE,CATSKILL,GREENE,NY0190000,current,,NY0190000,Greene County Sheriff's Office,county,Greene
NY,LAW ENFORCEMENT AGENCIE NEWYORK,SHERIFF'S OFFICE,LAKE PLEASANT,HAMILTON,NY0200000,current,,NY0200000,Hamilton County Sheriff's Office,county,Hamilton
NY,LAW ENFORCEMENT AGENCIE NEWYORK,SHERIFF'S OFFICE,HERKIMER,HERKIMER,NY0210000,current,,NY0210000,Herkimer County Sheriff's Office,county,Herkimer
NY,LAW ENFORCEMENT AGENCIE NEWYORK,SHERIFF'S OFFICE,WATERTOWN,JEFFERSON,NY0220000,current,,NY0220000,Jefferson County Sheriff's Office,county,Jefferson
NY,LAW ENFORCEMENT AGENCIE NEWYORK,SHERIFF’S OFFICE,NEW YORK,KINGS,NY0230000,not_found,,,,,
NY,LAW ENFORCEMENT AGENCIE NEWYORK,SHERIFF’S OFFICE,LOWVILLE,LEWIS,NY0240000,current,,NY0240000,Lewis County Sheriff's Office,county,Lewis
NY,LAW ENFORCEMENT AGENCIE NEWYORK,SHERIFF’S OFFICE,GENESEO,LIVINGSTON,NY0250000,current,,NY0250000,Livingston County Sheriff's Office,county,Livingston
NY,LAW ENFORCEMENT AGENCIE NEWYORK,SHERIFF'S OFFICE,WAMPSVILLE,MADISON,NY0260000,current,,NY0260000,Madison County Sheriff's Office,county,Madison
NY,LAW ENFORCEMENT AGENCIE NEWYORK,SHERIFF’S OFFICE,FONDA,MONTGOMERY,NY0280000,current,,NY0280000,Montgomery County Sheriff's Office,county,Montgomery
NY,LAW ENFORCEMENT AGENCIE NEWYORK,SHERIFF'S OFFICE,ROCHESTER,MONROE,NY0270000,current,,NY0270000,Monroe County Sheriff's Office,county,Monroe
NY,LAW ENFORCEMENT AGENCIE NEWYORK,SHERIFF’S OFFICE,MINEOLA,NASSAU,NY0299000,not_found,,,,,
NY,LAW ENFORCEMENT AGENCIE NEWYORK,SHERIFF'S OFFICE,NEW YORK,NEW YORK,NY0300000,not_found,,,,,
NY,LAW ENFORCEMENT AGENCIE NEWYORK,SHERIFF’S OFFICE,LOCKPORT,NIAGARA,NY0310000,current,,NY0310000,Niagara County Sheriff's Office,county,Niagara
NY,LAW ENFORCEMENT AGENCIE NEWYORK,SHERIFF'S OFFICE,CANANDAIGUA,ONTARIO,NY0340000,current,,NY0340000,Ontario County Sheriff's Office,county,Ontario
NY,LAW ENFORCEMENT AGENCIE NEWYORK,SHERIFF'S OFFICE,ORISKANY,ONEIDA,NY0320000,current,,NY0320000,Oneida County Sheriff's Office,county,Oneida
NY,LAW ENFORCEMENT AGENCIE NEWYORK,SHERIFF'S OFFICE,SYRACUSE,ONONDAGA,NY0330000,current,,NY0330000,Onondaga County Sheriff's Office,county,Onondaga
NY,LAW ENFORCEMENT AGENCIE NEWYORK,SHERIFF’S OFFICE,ALBION,ORLEANS,NY0360000,current,,NY0360000,Orleans County Sheriff's Office,county,Orleans
NY,LAW ENFORCEMENT AGENCIE NEWYORK,SHERIFF'S OFFICE,GOSHEN,ORANGE,NY0350000,current,,NY0350000,Orange County Sheriff's Office,county,Orange
NY,LAW ENFORCEMENT AGENCIE NEWYORK,SHERIFF'S OFFICE,OSWEGO,OSWEGO,NY0370000,current,,NY0370000,Oswego County Sheriff's Office,county,Oswego
NY,LAW ENFORCEMENT AGENCIE NEWYORK,SHERIFF'S OFFICE,COOPERSTOWN,OTSEGO,NY0380000,current,,NY0380000,Otsego County Sheriff's Office,county,Otsego
NY,LAW ENFORCEMENT AGENCIE NEWYORK,SHERIFF'S OFFICE,CARMEL,PUTNAM,NY0390000,current,,NY0390000,Putnam County Sheriff's Office,county,Putnam
NY,LAW ENFORCEMENT AGENCIE NEWYORK,SHERIFF'S OFFICE,NEW YORK,QUEENS,NY0400000,not_found,,,,,
NY,LAW ENFORCEMENT AGENCIE NEWYORK,SHERIFF'S OFFICE,TROY,RENSSELAER,NY0410000,current,,NY0410000,Rensselaer County Sheriff's Office,county,Rensselaer
NY,LAW ENFORCEMENT AGENCIE NEWYORK,SHERIFF'S OFFICE,NEW YORK,RICHMOND,NY0420000,not_found,,,,,
NY,LAW ENFORCEMENT AGENCIE NEWYORK,SHERIFF'S OFFICE,NEW CITY,ROCKLAND,NY0430000,current,,NY0430000,Rockland County Sheriff's Office,county,Rockland
NY,LAW ENFORCEMENT AGENCIE NEWYORK,SHERIFF'S OFFICE,BALLSTON SPA,SARATOGA,NY0450000,current,,NY0450000,Saratoga County Sheriff's Office,county,Saratoga
NY,LAW ENFORCEMENT AGENCIE NEWYORK,SHERIFF'S OFFICE,SCHENECTADY,SCHENECTADY,NY0460000,current,,NY0460000,Schenectady County Sheriff's Office,county,Schenectady
NY,LAW ENFORCEMENT AGENCIE NEWYORK,SHERIFF'S OFFICE,SCHOHARIE,SCHOHARIE,NY0470000,current,,NY0470000,Schoharie County Sheriff's Office,county,Schoharie
NY,LAW ENFORCEMENT AGENCIE NEWYORK,SHERIFF'S OFFICE,WATKINS GLEN,SCHUYLER,NY0480000,current,,NY0480000,Schuyler County Sheriff's Office,county,Schuyler
NY,LAW ENFORCEMENT AGENCIE NEWYORK,SHERIFF'S OFFICE,WATERLOO,SENECA,NY0490000,current,,NY0490000,Seneca County Sheriff's Office,county,Seneca
NY,LAW ENFORCEMENT AGENCIE NEWYORK,SHERIFF'S OFFICE,BATH,STEUBEN,NY0500000,current,,NY0500000,Steuben County Sheriff's Office,county,Steuben
NY,LAW ENFORCEMENT AGENCIE NEWYORK,SHERIFF’S OFFICE,CANTON,ST. LAWRENCE,NY0440000,current,,NY0440000,St. Lawrence County Sheriff's Office,county,St Lawrence
NY,LAW ENFORCEMENT AGENCIE NEWYORK,SHERIFF'S OFFICE,MONTICELLO,SULLIVAN,NY0520000,current,,NY0520000,Sullivan County Sheriff's Office,county,Sullivan
NY,LAW ENFORCEMENT AGENCIE NEWYORK,SHERIFF’S OFFICE,RIVERHEAD,SUFFOLK,NY0510000,current,,NY0510000,Suffolk County Sheriff's Office,county,Suffolk
NY,LAW ENFORCEMENT AGENCIE NEWYORK,SHERIFF’S OFFICE,OWEGO,TIOGA,NY0530000,current,,NY0530000,Tioga County Sheriff's Office,county,Tioga
NY,LAW ENFORCEMENT AGENCIE NEWYORK,SHERIFF'S OFFICE,ITHACA,TOMPKINS,NY0540000,current,,NY0540000,Tompkins County Sheriff's Office,county,Tompkins
NY,LAW ENFORCEMENT AGENCIE NEWYORK,SHERIFF'S OFFICE,KINGSTON,ULSTER,NY0550000..,not_found,,,,,
NY,LAW ENFORCEMENT AGENCIE NEWYORK,SHERIFF'S OFFICE,LAKE GEORGE,WARREN,!7F0560000,not_found,,,,,
NY,LAW ENFORCEMENT AGENCIE NEWYORK,SHERIFF’S OFFICE,LYONS,WAYNE,NY0580000,current,,NY0580000,Wayne County Sheriff's Office,county,Wayne
NY,LAW ENFORCEMENT AGENCIE NEWYORK,SHERIFF'S OFFICE,SALEM,WASHINGTON,NY0570000,current,,NY0570000,Washington County Sheriff's Office,county,Washington
NY,LAW ENFORCEMENT AGENCIE NEWYORK,SHERIFF'S OFFICE,WHITE PLAINS,WESTCHESTER,NY0590000,current,,NY0590000,Westchester Public Safety County Sheriff's Office,county,Westchester
NY,LAW ENFORCEMENT AGENCIE NEWYORK,SHERIFF’S OFFICE,WARSAW,WYOMING,NY0600000,current,,NY0600000,Wyoming County Sheriff's Office,county,Wyoming
NY,LAW ENFORCEMENT AGENCIE NEWYORK,SHERIFF'S OFFICE,PENN YAN,YATES,NY0610000,current,,NY0610000,Yates County Sheriff's Office,county,Yates
NY,LAW ENFORCEMENT AGENCIE NEWYORK,SHERMAN TOWN PD,SHERMAN,CHAUTAUQUA,NY0067200,not_found,,,,,
NY,LAW ENFORCEMENT AGENCIE NEWYORK,SHERMAN VILLAGE PD,SHERMAN,CHAUTAUQUA,NY0063100,not_found,,,,,
NY,LAW ENFORCEMENT AGENCIE NEWYORK,SHERRILL PD,SHERRILL,ONEIDA,NY0322400,current,,NY0322400,Sherrill Police Department,city,Oneida
NY,LAW ENFORCEMENT AGENCIE NEWYORK,SHORTSVILLE PD,SHORTSVILLE,ONTARIO,NY0342300,not_found,,,,,
NY,LAW ENFORCEMENT AGENCIE NEWYORK,SIDNEY PD,SIDNEY,DELAWARE,NY0122700,current,,NY0122700,Sidney Village Police Department,city,Delaware
NY,LAW ENFORCEMENT AGENCIE NEWYORK,*STATE POLICE,SIDNEY,N/A,NY1120100,not_found,,,,,
NY,LAW ENFORCEMENT AGENCIE NEWYORK,SILVER CREEK PD,SILVER CREEK,CHAUTAUQUA,NY0062700,not_found,,,,,
NY,LAW ENFORCEMENT AGENCIE NEWYORK,SILVER SPRINGS PD,SILVER SPRINGS,WYOMING,NY0602500,not_found,,,,,
NY,LAW ENFORCEMENT AGENCIE NEWYORK,SINCLAIRVILLE PD,SINCLAIRVILLE,CHAUTAUQUA,NY0062100,not_found,,,,,
NY,LAW ENFORCEMENT AGENCIE NEWYORK,*CHARLOTTE TOWN PD,SINCLAIRVILLE,CHAUTAUQUA,NY0067300,not_found,,,,,
NY,LAW ENFORCEMENT AGENCIE NEWYORK,SKANEATELES PD,SKANEATELES,ONONDAGA,NY0333200,current,,NY0333200,Skaneateles Village Police Department,city,Onondaga
NY,LAW ENFORCEMENT AGENCIE NEWYORK,SLOAN PD,BUFFALO,ERIE,NY0142500,not_found,,,,,
NY,LAW ENFORCEMENT AGENCIE NEWYORK,SLOATSBURG PD,SLOATSBURG,ROCKLAND,NY0433000,not_found,,,,,
NY,LAW ENFORCEMENT AGENCIE NEWYORK,SMITHTOWN HARBOR PD,SMITHTOWN,SUFFOLK,NY0516200,not_found,,,,,
NY,LAW ENFORCEMENT AGENCIE NEWYORK,SODUS POINT PD,SODUS POINT,WAYNE,NY0582900,not_found,,,,,
NY,LAW ENFORCEMENT AGENCIE NEWYORK,SODUS TOWN PD,SODUS,WAYNE,NY0586100,not_found,,,,,
NY,LAW ENFORCEMENT AGENCIE NEWYORK,SODUS VILLAGE PD,SODUS,WAYNE,NY0582800,current,,NY0582800,Sodus Village Police Department,city,Wayne
NY,LAW ENFORCEMENT AGENCIE NEWYORK,SOLVAY PD,SYRACUSE,ONONDAGA,NY0332600,current,,NY0332600,Solvay Village Police Department,city,Onondaga
NY,LAW ENFORCEMENT AGENCIE NEWYORK,*GEDDES PD,SOLVAY,ONONDAGA,NY0335600,current,,NY0335600,Geddes Town Police Department,city,Onondaga
NY,LAW ENFORCEMENT AGENCIE NEWYORK,SOMERS TOWN PD,SOMERS,WESTCHESTER,NY0594200,not_found,,,,,
NY,LAW ENFORCEMENT AGENCIE NEWYORK,SOMERSET TOWN PD,BARKER,NIAGARA,NY0315900,current,,NY0315900,Somerset Town Police Department,city,Niagara
NY,LAW ENFORCEMENT AGENCIE NEWYORK,*STATE POLICE,SOMERS,N/A,NY1590300,not_found,,,,,
NY,LAW ENFORCEMENT AGENCIE NEWYORK,SOUTH CORNING PD,CORNING,STEUBEN,NY0503200,not_found,,,,,
NY,LAW ENFORCEMENT AGENCIE NEWYORK,SOUTH DAYTON PD,SOUTH DAYTON,CATTARAUGUS,NY0043000,not_found,,,,,
NY,LAW ENFORCEMENT AGENCIE NEWYORK,*FALLSBURG PD,SOUTH FALLSBURG,SULLIVAN,NY0525400,current,,NY0525400,Fallsburg Town Police Department,city,Sullivan
NY,LAW ENFORCEMENT AGENCIE NEWYORK,SOUTH GLENS FALLS PD,GLENS FALLS,SARATOGA,NY0452400,current,,NY0452400,South Glens Falls Village Police Department,city,Saratoga
NY,LAW ENFORCEMENT AGENCIE NEWYORK,*STATE POLICE,SOUTH GLENS FALLS,N/A,NY1450100,not_found,,,,,
NY,LAW ENFORCEMENT AGENCIE NEWYORK,SOUTH NYACK PD,NYACK,ROCKLAND,NY0432600,not_found,,,,,
NY,LAW ENFORCEMENT AGENCIE NEWYORK,*LEWISBORO PD,SOUTH SALEM,WESTCHESTER,NY0597000,not_found,,,,,
NY,LAW ENFORCEMENT AGENCIE NEWYORK,*LEWISBORO TOWN PD,SOUTH SALEM,WESTCHESTER,NY0595500,current,,NY0595500,Lewisboro Town Police Department,city,Westchester
NY,LAW ENFORCEMENT AGENCIE NEWYORK,SOUTHAMPTON TOWN PD,HAMPTON BAYS,SUFFOLK,NY0515800,current,,NY0515800,Southampton Town Police Department,city,Suffolk
NY,LAW ENFORCEMENT AGENCIE NEWYORK,SOUTHAMPTON VILLAGE PD,SOUTHAMPTON,SUFFOLK,NY0512600,current,,NY0512600,Southampton Village Police Department,city,Suffolk
NY,LAW ENFORCEMENT AGENCIE NEWYORK,SOUTHOLD PD,SOUTHOLD,SUFFOLK,NY0515900,current,,NY0515900,Southold Town Police Department,city,Suffolk
NY,LAW ENFORCEMENT AGENCIE NEWYORK,SOUTHPORT PD,ELMIRA,CHEMUNG,NY0075800,not_found,,,,,
NY,LAW ENFORCEMENT AGENCIE NEWYORK,SPENCER PD,SPENCER,TIOGA,NY0532500,not_found,,,,,
NY,LAW ENFORCEMENT AGENCIE NEWYORK,SPENCERPORT PD,SPENCERPORT,MONROE,NY0272200,not_found,,,,,
NY,LAW ENFORCEMENT AGENCIE NEWYORK,*OGDEN PD,SPENCERPORT,MONROE,NY0275900,current,,NY0275900,Ogden Town Police Department,city,Monroe
NY,LAW ENFORCEMENT AGENCIE NEWYORK,SPRING VALLEY PD,SPRING VALLEY,ROCKLAND,NY0432800,current,,NY0432800,Spring Valley Village Police Department,city,Rockland
NY,LAW ENFORCEMENT AGENCIE NEWYORK,SPRINGVILLE PD,SPRINGVILLE,ERIE,NY0142700,not_found,,,,,
NY,LAW ENFORCEMENT AGENCIE NEWYORK,CONCORD PD,SPRINGVILLE,ERIE,NY0145900,not_found,,,,,
NY,LAW ENFORCEMENT AGENCIE NEWYORK,STAMFORD HARPERSFIELD PD,STAMFORD,DELAWARE,NY0122500,not_found,,,,,
NY,LAW ENFORCEMENT AGENCIE NEWYORK,STATE PARK AND RECREATIONCOMMISSION FOR THE,NEW YORK,NEW YORK,NY0303100,current,,NY0303100,State Park: New York City Region,other_state,
NY,LAW ENFORCEMENT AGENCIE NEWYORK,STATE POLICE-THRUWAY,ALBANY,N/A,NY1010500,not_found,,,,,
NY,LAW ENFORCEMENT AGENCIE NEWYORK,STATE POLICE-THRUWAY,BUFFALO,N/A,NY1140400,not_found,,,,,
NY,LAW ENFORCEMENT AGENCIE NEWYORK,STATE POLICE-THRUWAY,FREDONIA,N/A,NY1060300,not_found,,,,,
NY,LAW ENFORCEMENT AGENCIE NEWYORK,STATE POLICE-THRUWAY,FULTONVILLE,N/A,NY1280200,not_found,,,,,
NY,LAW ENFORCEMENT AGENCIE NEWYORK,STATE POLICE-THRUWAY,HENRIETTA,N/A,NY1270300,not_found,,,,,
NY,LAW ENFORCEMENT AGENCIE NEWYORK,STATE POLICE-THRUWAY,KINGSTON,N/A,NY1550400,not_found,,,,,
NY,LAW ENFORCEMENT AGENCIE NEWYORK,STATE POLICE-THRUWAY,NEW ROCHELLE,N/A,NY1590500,not_found,,,,,
NY,LAW ENFORCEMENT AGENCIE NEWYORK,STATE POLICE-THRUWAY,NEWBURGH,N/A,NY1350400,not_found,,,,,
NY,LAW ENFORCEMENT AGENCIE NEWYORK,STATE POLICE-THRUWAY,SCHUYLER,N/A,NY1210200,not_found,,,,,
NY,LAW ENFORCEMENT AGENCIE NEWYORK,STATE POLICE-THRUWAY,SYRACUSE,N/A,NY1330200,not_found,,,,,
NY,LAW ENFORCEMENT AGENCIE NEWYORK,STATE POLICE-THRUWAY,TARRYTOWN,N/A,NY1590400,not_found,,,,,
NY,LAW ENFORCEMENT AGENCIE NEWYORK,STATE POLICE,ORCHARD PARK,BRONX,NY1140500,not_found,,,,,
NY,LAW ENFORCEMENT AGENCIE NEWYORK,STATE POLICE,ALLEGANY,N/A,NY1040100,not_found,,,,,
NY,LAW ENFORCEMENT AGENCIE NEWYORK,STATE POLICE,ALBION,N/A,NY1360100,not_found,,,,,
NY,LAW ENFORCEMENT AGENCIE NEWYORK,STATE POLICE,ALEXANDRIA BAY,N/A,NY1220300,not_found,,,,,
NY,LAW ENFORCEMENT AGENCIE NEWYORK,STATE POLICE,ATHOL SPRIÑGS,N/A,NY1140100,not_found,,,,,
NY,LAW ENFORCEMENT AGENCIE NEWYORK,STATE POLICE,AUBURN,N/A,NY1050100,not_found,,,,,
NY,LAW ENFORCEMENT AGENCIE NEWYORK,STATE POLICE,BATH,N/A,NY1500100,not_found,,,,,
NY,LAW ENFORCEMENT AGENCIE NEWYORK,STATE POLICE,BATAVIA,N/A,NY1180100,not_found,,,,,
NY,LAW ENFORCEMENT AGENCIE NEWYORK,STATE POLICE,BINGHAMTON,N/A,NY1030100,not_found,,,,,
NY,LAW ENFORCEMENT AGENCIE NEWYORK,STATE POLICE,BREWSTER,N/A,NY1390200,not_found,,,,,
NY,LAW ENFORCEMENT AGENCIE NEWYORK,STATE POLICE,BRUNSWICK,N/A,NY1410100,not_found,,,,,
NY,LAW ENFORCEMENT AGENCIE NEWYORK,STATE POLICE,BRONX,N/A,NY1620100,not_found,,,,,
NY,LAW ENFORCEMENT AGENCIE NEWYORK,STATE POLICE,CANANDAIGUA,N/A,NY1340100,not_found,,,,,
NY,LAW ENFORCEMENT AGENCIE NEWYORK,STATE POLICE,CANTON,N/A,NY1440100,not_found,,,,,
NY,LAW ENFORCEMENT AGENCIE NEWYORK,STATE POLICE,CHESTERTOWN,N/A,NY1560100,not_found,,,,,
NY,LAW ENFORCEMENT AGENCIE NEWYORK,STATE POLICE,CHAZY,N/A,NY1090200,not_found,,,,,
NY,LAW ENFORCEMENT AGENCIE NEWYORK,STATE POLICE,CLARENCE,N/A,NY1140200,not_found,,,,,
NY,LAW ENFORCEMENT AGENCIE NEWYORK,STATE POLICE,CLARKSON,N/A,NY1270200,not_found,,,,,
NY,LAW ENFORCEMENT AGENCIE NEWYORK,STATE POLICE,CLAVERACK,N/A,NY1100100,not_found,,,,,
NY,LAW ENFORCEMENT AGENCIE NEWYORK,STATE POLICE,CORTLAND,N/A,NY1110100,not_found,,,,,
NY,LAW ENFORCEMENT AGENCIE NEWYORK,STATE POLICE,DEPOSIT,N/A,NY1120200,not_found,,,,,
NY,LAW ENFORCEMENT AGENCIE NEWYORK,STATE POLICE,DOVER PLAINS,N/A,NY1130300,not_found,,,,,
NY,LAW ENFORCEMENT AGENCIE NEWYORK,STATE POLICE,DRESDEN,N/A,NY1610100,not_found,,,,,
NY,LAW ENFORCEMENT AGENCIE NEWYORK,STATE POLICE,DUANESBURG,N/A,NY1460100,not_found,,,,,
NY,LAW ENFORCEMENT AGENCIE NEWYORK,STATE POLICE,EAST GREENBUSH,N/A,NY1410200,not_found,,,,,
NY,LAW ENFORCEMENT AGENCIE NEWYORK,STATE POLICE,EAST AURORA,N/A,NY1140300,not_found,,,,,
NY,LAW ENFORCEMENT AGENCIE NEWYORK,STATE POLICE THRUWAY HEADQUARTERS,ELSMERE,N/A,NY1010100,not_found,,,,,
NY,LAW ENFORCEMENT AGENCIE NEWYORK,STATE POLICE,ELLENVILLE,N/A,NY1550100,not_found,,,,,
NY,LAW ENFORCEMENT AGENCIE NEWYORK,STATE POLICE,FALCONER,N/A,NY1060100,not_found,,,,,
NY,LAW ENFORCEMENT AGENCIE NEWYORK,STATE POLICE,FERNDALE,N/A,NY1520100,not_found,,,,,
NY,LAW ENFORCEMENT AGENCIE NEWYORK,STATE POLICE,FISHERS ISLAND,N/A,NY1510200,not_found,,,,,
NY,LAW ENFORCEMENT AGENCIE NEWYORK,STATE POLICE,FISHKILL,N/A,NY1130100,not_found,,,,,
NY,LAW ENFORCEMENT AGENCIE NEWYORK,STATE POLICE,FONDA,N/A,NY1280100,not_found,,,,,
NY,LAW ENFORCEMENT AGENCIE NEWYORK,STATE POLICE,FRANKLINVILLE,N/A,NY1040200,not_found,,,,,
NY,LAW ENFORCEMENT AGENCIE NEWYORK,STATE POLICE,FREDONIA,N/A,NYÍ060200,not_found,,,,,
NY,LAW ENFORCEMENT AGENCIE NEWYORK,STATE POLICE,FULTON,N/A,NY1370100,not_found,,,,,
NY,LAW ENFORCEMENT AGENCIE NEWYORK,STATE POLICE,GENESEO,N/A,NY1250100,not_found,,,,,
NY,LAW ENFORCEMENT AGENCIE NEWYORK,STATE POLICE,GOUVERNEUR,N/A,NY1440200,not_found,,,,,
NY,LAW ENFORCEMENT AGENCIE NEWYORK,STATE POLICE,HAWTHORNE,N/A,NY1590100,not_found,,,,,
NY,LAW ENFORCEMENT AGENCIE NEWYORK,*SUFFOLK COUNTY PARK RANGERS,WEST SAYVILLE,SUFFOLK,NY0516000,not_found,,,,,
NY,LAW ENFORCEMENT AGENCIE NEWYORK,WEST SENECA PD,BUFFALO,ERIE,NY014740G,not_found,,,,,
NY,LAW ENFORCEMENT AGENCIE NEWYORK,*OLIVE TOWN PD,WEST SHOKAN,ULSTER,NY0559M0,not_found,,,,,
NY,LAW ENFORCEMENT AGENCIE NEWYORK,WEST WINFIELD PD,WEST WINFIELD,HERKIMER,NY021F000,not_found,,,,,
NY,LAW ENFORCEMENT AGENCIE NEWYORK,WESTBURY PD,WESTBURY,NASSAU,NY0292900,not_found,,,,,
NY,LAW ENFORCEMENT AGENCIE NEWYORK,*OLD WESTBURY PD,WESTBURY,NASSAU,NY0294300,current,,NY0294300,Old Westbury Village Police Department,city,Nassau
NY,LAW ENFORCEMENT AGENCIE NEWYORK,WESTCHESTER COUNTY PARKWA,HAWTHORNE,WESTCHESTER,NY0599000,not_found,,,,,
NY,LAW ENFORCEMENT AGENCIE NEWYORK,WESTFIELD PD,WESTFIELD,CHAUTAUQUA,NY0063200,current,,NY0063200,Westfield Village Police Department,city,Chautauqua
NY,LAW ENFORCEMENT AGENCIE NEWYORK,WESTHAMPTON BEACH VILLAGE,WESTHAMPTON BEACH,SUFFOLK,NY0514000,current,,NY0514000,Westhampton Beach Village Police Department,city,Suffolk
NY,LAW ENFORCEMENT AGENCIE NEWYORK,*STATE POLICE,WESTPORT,N/A,NY1150200,not_found,,,,,
NY,LAW ENFORCEMENT AGENCIE NEWYORK,WHEATLAND PD,SCOTTSVILLE,MONROE,NY0270300,not_found,,,,,
NY,LAW ENFORCEMENT AGENCIE NEWYORK,WHITE PLAINS PD,WHITE PLAINS,WESTCHESTER,NY0590200,current,,NY0590200,White Plains Police Department,city,Westchester
NY,LAW ENFORCEMENT AGENCIE NEWYORK,*GREENBURGH PD,WHITE PLAINS,WESTCHESTER,NY0595300,current,,NY0595300,Greenburgh Town Police Department,city,Westchester
NY,LAW ENFORCEMENT AGENCIE NEWYORK,*SHERIFF'S OFFICE,WHITE PLAINS,WESTCHESTER,NY0590000,current,,NY0590000,Westchester Public Safety County Sheriff's Office,county,Westchester
NY,LAW ENFORCEMENT AGENCIE NEWYORK,WHITEHALL PD,WHITEHALL,WASHINGTON,NY0572800,current,,NY0572800,Whitehall Village Police Department,city,Washington
NY,LAW ENFORCEMENT AGENCIE NEWYORK,*STATE POLICE,WHITEHALL,N/A,NY1570100,not_found,,,,,
NY,LAW ENFORCEMENT AGENCIE NEWYORK,WHITESBORO PD,WHITESBORO,ONEIDA,NY0323700,current,,NY0323700,Whitesboro Village Police Department,city,Oneida
NY,LAW ENFORCEMENT AGENCIE NEWYORK,*INDEPENDENCE PD,WHITESVILLE,ALLEGANY,NY0027000,current,,NY0027000,Independence Town Police Department,city,Allegany
NY,LAW ENFORCEMENT AGENCIE NEWYORK,WHITNEY POINT PD,WHITNEY POINT,BROOME,NY0036500,not_found,,,,,
NY,LAW ENFORCEMENT AGENCIE NEWYORK,WILLIAMSVILLE PD,BUFFALO,ERIE,NY0147500,not_found,,,,,
NY,LAW ENFORCEMENT AGENCIE NEWYORK,*AMHERST TOWN PD,WILLIAMSVILLE,ERIE,NY0145100,current,,NY0145100,Amherst Town Police Department,city,Erie
NY,LAW ENFORCEMENT AGENCIE NEWYORK,WILLISTON PARK PD,WILLISTON PARK,NASSAU,NY0293000,not_found,,,,,
NY,LAW ENFORCEMENT AGENCIE NEWYORK,WILLSBORO PD,WILLSBORO,ESSEX,NY0156600,not_found,,,,,
NY,LAW ENFORCEMENT AGENCIE NEWYORK,WINDHAM TOWN PD,WINDHAM,GREENE,NY0192500,current,,NY0192500,Windham Town Police Department,city,Greene
NY,LAW ENFORCEMENT AGENCIE NEWYORK,*WINDSOR TOWN PD,WINDSOR,BROOME,NY0032700,not_found,,,,,
NY,LAW ENFORCEMENT AGENCIE NEWYORK,WINDSOR VILLAGE PD,WINDSOR,BROOME,NY0036600,not_found,,,,,
NY,LAW ENFORCEMENT AGENCIE NEWYORK,WOLCOTT PD,WOLCOTT,WAYNE,NY0582100,current,,NY0582100,Wolcott Village Police Department,city,Wayne
NY,LAW ENFORCEMENT AGENCIE NEWYORK,*STATE POLICE,WOLCOTT,N/A,NY1580200,not_found,,,,,
NY,LAW ENFORCEMENT AGENCIE NEWYORK,WOODBURY TOWN PD,HIGHLAND MILLS,ORANGE,NY0356900,current,,NY0356900,Woodbury Town Police Department,city,Orange
NY,LAW ENFORCEMENT AGENCIE NEWYORK,WOODHULL PD,WOODHULL,STEUBEN,NY0503000,not_found,,,,,
NY,LAW ENFORCEMENT AGENCIE NEWYORK,WOODRIDGE PD,WOODRIDGE,SULLIVAN,NY0522300,current,,NY0522300,Woodridge Village Police Department,city,Sullivan
NY,LAW ENFORCEMENT AGENCIE NEWYORK,WOODSTOCK TOWN PD,WOODSTOCK,ULSTER,NY0556600,current,,NY0556600,Woodstock Town Police Department,city,Ulster
NY,LAW ENFORCEMENT AGENCIE NEWYORK,WYOMING PD,WYOMING,WYOMING,NY0602800,not_found,,,,,
NY,LAW ENFORCEMENT AGENCIE NEWYORK,VATES TOWN PD,LYNDONVILLE,ORLEANS,NY0365900,not_found,,,,,
NY,LAW ENFORCEMENT AGENCIE NEWYORK,YONKERS PD,YONKERS,WESTCHESTER,NY059070G,not_found,,,,,
NY,LAW ENFORCEMENT AGENCIE NEWYORK,YORKTOWN PD,YORKTOWN HEIGHTS,WESTCHESTER,NY0596800,current,,NY0596800,Yorktown Town Police Department,city,Westchester
NY,LAW ENFORCEMENT AGENCIE NEWYORK,YORKVILLE PD,YORKVILLE,ONEIDA,NY0323800,current,,NY0323800,Yorkville Village Police Department,city,Oneida
NY,LAW ENFORCEMENT AGENCIE NEWYORK,YOUNGSTOWN PD,YOUNGSTOWN,NIAGARA,NY0312300,current,,NY0312300,Youngstown Village Police Department,city,Niagara
NY,FEDERAL AGENCIES NEW YORK,ARMY PICTORIAL CENTER,LONG ISLAND CITY,N/A,NYUSA0000,federal,,,,,
NY,FEDERAL AGENCIES NEW YORK,BORDER PATROL,OGDENSBURG,N/A,NYINS0200,federal,,,,,
NY,FEDERAL AGENCIES NEW YORK,BORDER PATROL,BUFFALO,N/A,NYINS0100,federal,,,,,
NY,FEDERAL AGENCIES NEW YORK,BROOKLYN ARMY TERMINAL,BROOKLYN,N/A,NYUSA0100,federal,,,,,
NY,FEDERAL AGENCIES NEW YORK,"BUREAU OF ALCOHOL, TOBACCO AND FIREARMS",PLATTSBURGH,N/A,NYATF0900,federal,,,,,
NY,FEDERAL AGENCIES NEW YORK,"BUREAU OF ALCOHOL, TOBACCO AND FIREARMS",ELMIRA,N/A,NYATF0600,federal,,,,,
NY,FEDERAL AGENCIES NEW YORK,"BUREAU OF ALCOHOL, TOBACCO AND FIREARMS",SYRACUSE,N/A,NYATF1100,federal,,,,,
NY,FEDERAL AGENCIES NEW YORK,"BUREAU OF ALCOHOL, TOBACCO AND FIREARMS",WHITE PLAINS,N/A,NYATF1300,federal,,,,,
NY,FEDERAL AGENCIES NEW YORK,"BUREAU OF ALCOHOL, TOBACCO AND FIREARMS",BUFFALO,N/A,NYATF0200,federal,,,,,
NY,FEDERAL AGENCIES NEW YORK,"BUREAU OF ALCOHOL, TOBACCO AND FIREARMS",NEWBURGH,N/A,NYATF0800,federal,,,,,
NY,FEDERAL AGENCIES NEW YORK,"BUREAU OF ALCOHOL, TOBACCO AND FIREARMS",ROCHESTER,N/A,NYATF1000,federal,,,,,
NY,FEDERAL AGENCIES NEW YORK,"BUREAU OF ALCOHOL, TOBACCO AND FIREARMS",NEW YORK CITY,N/A,NYATFNY00,federal,,,,,
NY,FEDERAL AGENCIES NEW YORK,"BUREAU OF ALCOHOL, TOBACCO AND FIREARMS",BINGHAMPTON,N/A,NYATF0400,federal,,,,,
NY,FEDERAL AGENCIES NEW YORK,"BUREAU OF ALCOHOL, TOBACCO AND FIREARMS",UTICA,N/A,NYATF1200,federal,,,,,
NY,FEDERAL AGENCIES NEW YORK,"BUREAU OF ALCOHOL, TOBACCO AND FIREARMS",BROOKLYN,N/A,NYATF0500,federal,,,,,
NY,FEDERAL AGENCIES NEW YORK,"BUREAU OF ALCOHOL, TOBACCO AND FIREARMS",ALBANY,N/A,NYATF0300,federal,,,,,
NY,FEDERAL AGENCIES NEW YORK,"BUREAU OF ALCOHOL, TOBACCO AND FIREARMS",NEW YORK CITY,N/A,NYATF0100,federal,,,,,
NY,FEDERAL AGENCIES NEW YORK,"BUREAU OF ALCOHOL, TOBACCO AND FIREARMS",MINEOLA,N/A,NYATF0700,federal,,,,,
NY,FEDERAL AGENCIES NEW YORK,"BUREAU OF ALCOHOL, TOBACCAND FIREARMS",QUEENS,N/A,NYATF1400,federal,,,,,
NY,FEDERAL AGENCIES NEW YORK,BUREAU OF CUSTOMS CUSTOMS AGENCY SERVICE,ROUSES POINT,N/A,NYCASRP00,federal,,,,,
NY,FEDERAL AGENCIES NEW YORK,BUREAU OF CUSTOMS CUSTOMS AGENCY SERVICE,NEW YORK,N/A,NYCASNY00,federal,,,,,
NY,FEDERAL AGENCIES NEW YORK,BUREAU OF CUSTOMS CUSTOMS AGENCY SERVICE,OGDENSBURG,N/A,NYCAS0G00,federal,,,,,
NY,FEDERAL AGENCIES NEW YORK,BUREAU OF CUSTOMS CUSTOMS AGENCY SERVICE,NEW YORK,N/A,NYCASS100,federal,,,,,
NY,FEDERAL AGENCIES NEW YORK,BUREAU OF CUSTOMS CUSTOMS AGENCY SERVICE,BUFFALO,N/A,NYCASBU00,federal,,,,,
NY,FEDERAL AGENCIES NEW YORK,BUREAU OF CUSTOMS CUSTOMS AGENCY SERVICE,NEW YORK,N/A,NYCASJK00,federal,,,,,
NY,FEDERAL AGENCIES NEW YORK,BUREAU OF NARCOTICS AND DANGEROUS DRUGS,NEW YORK CITY,N/A,NYBNDNY00,federal,,,,,
NY,FEDERAL AGENCIES NEW YORK,BUREAU OF NARCOTICS AND DANGEROUS DRUGS,BUFFALO,N/A,NYBNDBU00,federal,,,,,
NY,FEDERAL AGENCIES NEW YORK,BUREAU OF NARCOTICS AND DANGEROUS DRUGS,ALBANY,N/A,NYBNDAL00,federal,,,,,
NY,FEDERAL AGENCIES NEW YORK,CAMP DRUM,GREAT BEND,N/A,NYUSA0200,federal,,,,,
NY,FEDERAL AGENCIES NEW YORK,CAMP HERO,"MONTAUK, LONG ISLAND",N/A,NYUSA0300,federal,,,,,
NY,FEDERAL AGENCIES NEW YORK,CASTLE CLINTON NATIONAL MONUMENT,BATTERY PARK,N/A,NYDI00300,federal,,,,,
NY,FEDERAL AGENCIES NEW YORK,DRUG ENFORCEMENT ADMINISTRATION,BUFFALO,N/A,NYDEA0200,federal,,,,,
NY,FEDERAL AGENCIES NEW YORK,DRUG ENFORCEMENT ADMINISTRATION,ALBANY,N/A,NYDEA0100,federal,,,,,
NY,FEDERAL AGENCIES NEW YORK,DRUG ENFORCEMENT ADMINISTRATION,WESTBURY,N/A,NYDEA0500,federal,,,,,
NY,FEDERAL AGENCIES NEW YORK,DRUG ENFORCEMENT ADMINISTRATION,NEW YORK,N/A,NYDEA0300,federal,,,,,
NY,FEDERAL AGENCIES NEW YORK,DRUG ENFORCEMENT ADMINISTRATION,ROUSES POINT,N/A,NYDEA0400,federal,,,,,
NY,FEDERAL AGENCIES NEW YORK,FBI,NEW ROCHELLE,N/A,NYFBINR00,federal,,,,,
NY,FEDERAL AGENCIES NEW YORK,FBI,ALBANY,N/A,NYFBIAL00,federal,,,,,
NY,FEDERAL AGENCIES NEW YORK,FBI,BUFFALO,N/A,NYFBIBU00,federal,,,,,
NY,FEDERAL AGENCIES NEW YORK,FBI,NEW YORK,N/A,NYFBINY00,federal,,,,,
NY,FEDERAL AGENCIES NEW YORK,FEDERAL AVIATIONADMINISTRATION AIR,JAMAICA,N/A,NYFAA0100,federal,,,,,
NY,FEDERAL AGENCIES NEW YORK,FEDERAL HALL NATIONAL MEMORIAL,NEW YORK,N/A,NYDI00400,federal,,,,,
NY,FEDERAL AGENCIES NEW YORK,FIRE ISLAND NATIONAL SEAS,PATCHOGUE,N/A,NYDI00500,federal,,,,,
NY,FEDERAL AGENCIES NEW YORK,FOOD AND DRUG ADMINISTRATION,NEW YORK,N/A,NYFDANY00,federal,,,,,
NY,FEDERAL AGENCIES NEW YORK,FORT HAMILTON,BROOKLYN,N/A,NYUSA0400,federal,,,,,
NY,FEDERAL AGENCIES NEW YORK,FORT JAY,GOVERNOR IS,N/A,NYUSA0500,federal,,,,,
NY,FEDERAL AGENCIES NEW YORK,FORT NIAGARA,YOUNGSTOWN,N/A,NYUSA0600,federal,,,,,
NY,FEDERAL AGENCIES NEW YORK,FORT SLOCUM,NEW ROCHELLE,N/A,NYUSA0700,federal,,,,,
NY,FEDERAL AGENCIES NEW YORK,FORT STANWIX NATIONAL MONUMENT,NEW YORK,N/A,NYDI00600,federal,,,,,
NY,FEDERAL AGENCIES NEW YORK,FORT TILDEN,ROCKWAY PARK,N/A,NYUSA0800,federal,,,,,
NY,FEDERAL AGENCIES NEW YORK,FORT TOTTEN,"BAYSIDE, LONG ISLAND",N/A,NYUSA0900,federal,,,,,
NY,FEDERAL AGENCIES NEW YORK,FORT WADSWORTH,STATEN ISLAND,N/A,NYUSA1000,federal,,,,,
NY,FEDERAL AGENCIES NEW YORK,GATEWAY NATIONAL RECREATIAREA,BROOKLYN,N/A,NYDI01500,federal,,,,,
NY,FEDERAL AGENCIES NEW YORK,GENERAL GRANT NATIONAL MEMORIAL,NEW YORK,N/A,NYDI00700,federal,,,,,
NY,FEDERAL AGENCIES NEW YORK,HAMILTON GRANGE NATIONAL MEMORIAL,NEW YORK,N/A,NYDI00800,federal,,,,,
NY,FEDERAL AGENCIES NEW YORK,HOME OF FRANKLIN D. ROOSEVELT NATIONAL HISTOR,HYDE PARK,N/A,NYD100900,federal,,,,,
NY,FEDERAL AGENCIES NEW YORK,IMMIGRATION AND NATURALIZATION SERVICE,BUFFALO,N/A,NYINSBU00,federal,,,,,
NY,FEDERAL AGENCIES NEW YORK,IMMIGRATION AND NATURALIZATION SERVICE,NEW YORK,N/A,NYINSNY00,federal,,,,,
NY,FEDERAL AGENCIES NEW YORK,IMMIGRATION AND NATURALIZATION SERVICE,ALBANY,N/A,NYINSAL00,federal,,,,,
NY,FEDERAL AGENCIES NEW YORK,INTERNAL REVENUE INSEPCTION SERVICE,NEW YORK CITY,N/A,NYIRS8000,federal,,,,,
NY,FEDERAL AGENCIES NEW YORK,INTERNAL REVENUE SERVICE INTELLIGENCE DIVISION,HOLTSVILLE,N/A,NYIRS4400,federal,,,,,
NY,FEDERAL AGENCIES NEW YORK,INTERNAL REVENUE SERVICE INTELLIGENCE DIVISION,NEW YORK,N/A,NYIRS9600,federal,,,,,
NY,FEDERAL AGENCIES NEW YORK,INTERNAL REVENUE SERVICE INTELLIGENCE DiVISION,BROOKLYN,N/A,NYIRS1100,federal,,,,,
NY,FEDERAL AGENCIES NEW YORK,INTERNAL REVENUE SERVICE INTELLIGENCE DIVISION,NEW YORK,N/A,NYIRS1300,federal,,,,,
NY,FEDERAL AGENCIES NEW YORK,INTERNAL REVENUE SERVICE INTELLIGENCE DIVISION,BUFFALO,N/A,NYIRS1600,federal,,,,,
NY,FEDERAL AGENCIES NEW YORK,INTERNAL REVENUE SERVICE INTELLIGENCE DIVISION,ALBANY,N/A,NYIRS1400,federal,,,,,
NY,FEDERAL AGENCIES NEW YORK,"MARINE BARRACKS, NAVAL BASE",BROOKLYN,N/A,NYMC00100,federal,,,,,
NY,FEDERAL AGENCIES NEW YORK,MILLER FIELD,STATEN ISLAND,N/A,NYUSA1100,federal,,,,,
NY,FEDERAL AGENCIES NEW YORK,NIAGARA FALLS ARMY CMP,NIAGRA FALLS,N/A,NYUSA1200,federal,,,,,
NY,FEDERAL AGENCIES NEW YORK,OFFICE OF INVESTIGATION DEPARTMENT OF AGRICULTURE,,N/A,NYD0ANY00,federal,,,,,
NY,FEDERAL AGENCIES NEW YORK,"OSI, QRIFFISS AFB",ROME,N/A,NY0SI2200,federal,,,,,
NY,FEDERAL AGENCIES NEW YORK,"OSI, USAF",NEW YORK CITY,N/A,NY0SI0200,federal,,,,,
NY,FEDERAL AGENCIES NEW YORK,POSTAL INSPECTOR IN CHARGE,BROOKLYN,N/A,NYP0BK000,federal,,,,,
NY,FEDERAL AGENCIES NEW YORK,POSTAL INSPECTOR IN CHARGE,NEW YORK,N/A,NYP0NY000,federal,,,,,
NY,FEDERAL AGENCIES NEW YORK,REGIONAL CHIEF POSTAL INSPECTOR,NEW YORK,N/A,NYP0NY1C0,federal,,,,,
NY,FEDERAL AGENCIES NEW YORK,SAGAMORE HILL NATIONAL HISTORIC SITE,OYSTER BAY,N/A,NYDI01000,federal,,,,,
NY,FEDERAL AGENCIES NEW YORK,SARATOGA NATIONAL HISTORICAL PARK,STILLWATER,N/A,NYDI00100,federal,,,,,
NY,FEDERAL AGENCIES NEW YORK,SCHENECTADY ARMY DEPOT,SCHNECTADY,N/A,NYUSA1300,federal,,,,,
NY,FEDERAL AGENCIES NEW YORK,SECURITY POLICE,GRIFFISS AIR FORCE,N/A,NYAF00100,federal,,,,,
NY,FEDERAL AGENCIES NEW YORK,SENECA ARMY DEPOT,ROMULUS,N/A,NYUSA1400,federal,,,,,
NY,FEDERAL AGENCIES NEW YORK,ST. PAUL’S CHURCH NATIONAHISTORIC SITE,NEW YORK,N/A,NYDI01100,federal,,,,,
NY,FEDERAL AGENCIES NEW YORK,STATUE OF LIBERTY NATIONAL MONUMENT,NEW YORK,N/A,NYDI01200,federal,,,,,
NY,FEDERAL AGENCIES NEW YORK,THEODORE ROOSEVELT BIRTHPAND INAUGURAL NATIONAL,NEW YORK,N/A,NYDI01300,federal,,,,,
NY,FEDERAL AGENCIES NEW YORK,U. S. COAST GUARD DISTRICT OFFICE,NEW YORK,N/A,NYCG00300,federal,,,,,
NY,FEDERAL AGENCIES NEW YORK,U. S. COAST GUARD SUPPLY CENTER,BROOKLYN,N/A,NYCG00000,federal,,,,,
NY,FEDERAL AGENCIES NEW YORK,"U. S. COAST GUARD COMMANDER, EASTERN AREA",NEW YORK,N/A,NYCGC0M00,federal,,,,,
NY,FEDERAL AGENCIES NEW YORK,U. S. CUSTOMS SERVICE INSPECTION AND CONTROL,ALEXANDRIA BAY,N/A,NYUSC0100,federal,,,,,
NY,FEDERAL AGENCIES NEW YORK,U. S. CUSTOMS SERVICE INSPECTION AND CONTROL,ALBANY,N/A,NYUSC2000,federal,,,,,
NY,FEDERAL AGENCIES NEW YORK,U. S. CUSTOMS SERVICE INSPECTION AND CONTROL,WADDINGTON,N/A,NYUSC1200,federal,,,,,
NY,FEDERAL AGENCIES NEW YORK,"U, S. CUSTOMS SERVICE INSPECTION AND CONTROL",NEW YORK,N/A,NYUSC2200,federal,,,,,
NY,FEDERAL AGENCIES NEW YORK,U. S. CUSTOMS SERVICE INSPECTION AND CONTROL,CHAMPLAIN,N/A,NYUSC0300,federal,,,,,
NY,FEDERAL AGENCIES NEW YORK,U. S. CUSTOMS SERVICE INSPECTION AND CONTROL,OGDENSBURG,N/A,NYUSC0900,federal,,,,,
NY,FEDERAL AGENCIES NEW YORK,U. S. CUSTOMS SERVICE INSPECTION AND CONTROL,JAMAICA,N/A,NYUSC2100,federal,,,,,
NY,FEDERAL AGENCIES NEW YORK,U. S. CUSTOMS SERVICE INSPECTION AND CONTROL,NIAGARA FALLS,N/A,NYUSC1500,federal,,,,,
NY,FEDERAL AGENCIES NEW YORK,U. S. CUSTOMS SERVICE INSPECTION AND CONTROL,ROUSES POINT,N/A,NYUSC1000,federal,,,,,
NY,FEDERAL AGENCIES NEW YORK,U. S. CUSTOMS SERVICE INSPECTION AND CONTROL,CLAYTON,N/A,NYUSC0500,federal,,,,,
NY,FEDERAL AGENCIES NEW YORK,U. S. CUSTOMS SERVICE INSPECTION AND CONTROL,MASSENA,N/A,NYUSC0700,federal,,,,,
NY,FEDERAL AGENCIES NEW YORK,U. S. CUSTOMS SERVICE INSPECTION AND CONTROL,MORRISTOWN,N/A,NYUSC0800,federal,,,,,
NY,FEDERAL AGENCIES NEW YORK,U. S. CUSTOMS SERVICE INSPECTION AND CONTROL,UTICA,N/A,NYUSC1900,federal,,,,,
NY,FEDERAL AGENCIES NEW YORK,U. S. CUSTOMS SERVICE INSPECTION AND CONTROL,ROCHESTER,N/A,NYUSC1600,federal,,,,,
NY,FEDERAL AGENCIES NEW YORK,U. S. CUSTOMS SERVICE INSPECTION AND CONTROL,SYRACUSE,N/A,NYU3C1800,federal,,,,,
NY,FEDERAL AGENCIES NEW YORK,U. S. CUSTOMS SERVICE SECURITY DIVISION,NEW YORK,N/A,NYUSC9000,federal,,,,,
NY,FEDERAL AGENCIES NEW YORK,U. S. CUSTOMS SERVICE INSPECTION AND CONTROL,CAPE VINCENT,N/A,NYUSC0200,federal,,,,,
NY,FEDERAL AGENCIES NEW YORK,U. S. CUSTOMS SERVICE INSPECTION AND CONTROL,TROUT RIVER,N/A,NYUSC1100,federal,,,,,
NY,FEDERAL AGENCIES NEW YORK,U. S. CUSTOMS SERVICE INSPECTION AND CONTROL,BUFFALO,N/A,NYUSC1300,federal,,,,,
NY,FEDERAL AGENCIES NEW YORK,U. S. CUSTOMS SERVICE INSPECTION AND CONTROL,CHATEAUGAY,N/A,NYUSC0400,federal,,,,,
NY,FEDERAL AGENCIES NEW YORK,U. S. CUSTOMS SERVICE OFFICE OF INVESTIGATIONS,JAMAICA,N/A,NYUSC5100,federal,,,,,
NY,FEDERAL AGENCIES NEW YORK,U. S. CUSTOMS SERVICE INSPECTION AND CONTROL,FORT COVINGTON,N/A,NYUSC0600,federal,,,,,
NY,FEDERAL AGENCIES NEW YORK,U. S. CUSTOMS SERVICE INSPECTION AND CONTROL,SODUS POINT,N/A,NYUSC1700,federal,,,,,
NY,FEDERAL AGENCIES NEW YORK,U. S. CUSTOMS SERVICE INSPECTION AND CONTROL,OSWEGO,N/A,NYUSC1400,federal,,,,,
NY,FEDERAL AGENCIES NEW YORK,U. S. MILITARY ACADEMY,WEST POINT,N/A,NYUSA1700,federal,,,,,
NY,FEDERAL AGENCIES NEW YORK,U. S. SECRET SERVICE,WHITE PLAINS,N/A,NYSS13700,federal,,,,,
NY,FEDERAL AGENCIES NEW YORK,U. S. SECRET SERVICE,BUFFALO,N/A,NYSS10300,federal,,,,,
NY,FEDERAL AGENCIES NEW YORK,U. S. SECRET SERVICE,ROCHESTER,N/A,NYSS13600,federal,,,,,
NY,FEDERAL AGENCIES NEW YORK,U. S. SECRET SERVICE,NEW YORK,N/A,NYSS10800,federal,,,,,
NY,FEDERAL AGENCIES NEW YORK,U. S. SECRET SERVICE,ALBANY,N/A,NYSS12000,federal,,,,,
NY,FEDERAL AGENCIES NEW YORK,U. S. SECRET SERVICE,SYRACUSE,N/A,NYSS11400,federal,,,,,
NY,FEDERAL AGENCIES NEW YORK,US. CUSTOMS SERVICE OFFICE OF INVESTIGATIONS,NEW YORK,N/A,NYUSC5200,federal,,,,,
NY,FEDERAL AGENCIES NEW YORK,U.& CUSTOMS SERVICE OFFICE OF INVESTIGATIONS,BUFFALO,N/A,NYUSC5000,federal,,,,,
NY,FEDERAL AGENCIES NEW YORK,U.S. CUSTOMS SERVICE OFFICE OF INVESTIGATIONS,OGDENBURG,N/A,NYUSC5300,federal,,,,,
NY,FEDERAL AGENCIES NEW YORK,U.S. CUSTOMS SERVICE OFFICE OF INVESTIGATIONS,ROUSES POINT,N/A,NYUSC5400,federal,,,,,
NY,FEDERAL AGENCIES NEW YORK,US. DEPARTMENT OF STATE,NEW YORK,N/A,NYD0S0000,federal,,,,,
NY,FEDERAL AGENCIES NEW YORK,US. NAVAL INVESTIGATIVE SERVICE OFFICE,NEW YORK,N/A,NYNIS0300,federal,,,,,
NY,FEDERAL AGENCIES NEW YORK,UNITED STATES MARSHAL,BUFFALO,N/A,NYUSM0100,federal,,,,,
NY,FEDERAL AGENCIES NEW YORK,UNITED STATES MARSHAL,NEW YORK,N/A,NYUSM0300,federal,,,,,
NY,FEDERAL AGENCIES NEW YORK,UNITED STATES MARSHAL,UTICA,N/A,NYUSM0400,federal,,,,,
NY,FEDERAL AGENCIES NEW YORK,UNITED STATES MARSHAL,BROOKLYN,N/A,NYUSM0200,federal,,,,,
NY,FEDERAL AGENCIES NEW YORK,USN HEADQUARTERS 3RD NAVAL DISTRICT,NEW YORK,N/A,NYUSN0000,federal,,,,,
NY,FEDERAL AGENCIES NEW YORK,VANDERBILT MANSION NATIONAL HISTORIC SITE,HYDE PARK,N/A,NYDI0020,federal,,,,,
NY,FEDERAL AGENCIES NEW YORK,WATERVLIET ARSENAL,WATERVLIET,N/A,NYUSA1500,federal,,,,,
NY,FEDERAL AGENCIES NEW YORK,WEST POINT MILITARY RESERVATION,WEST POINT,N/A,NYUSA1600,federal,,,,,
NY,FEDERAL AGENCIES NEW YORK,NATIONAL AUTOMOBILE THEFT BUREAU,"NEW YORK, NEW YORK",N/A,NYNATBNOO,federal,,,,,
