state,sheet,legacy_agency,legacy_city,legacy_county,legacy_ori,status,needs_review,current_ori,current_name,current_type,current_county
NC,LAW ENFORCEMENT NORTH CAROLINA,ABERDEEN PD,ABERDEEN,MOORE,NC0630100,current,,NC0630100,Aberdeen Police Department,city,Moore
NC,LAW ENFORCEMENT NORTH CAROLINA,AHOSKIE PD,AHOSKIE,HERTFORD,NC0460100,current,,NC0460100,Ahoskie Police Department,city,Hertford
NC,LAW ENFORCEMENT NORTH CAROLINA,ALBEMARLE PD,ALBEMARLE,STANLY,NC0840100,current,,NC0840100,Albemarle Police Department,city,Stanly
NC,LAW ENFORCEMENT NORTH CAROLINA,*SHERIFF'S OFFICE,ALBEMARLE,STANLY,NC0840000,current,,NC0840000,Stanly County Sheriff's Office,county,Stanly
NC,LAW ENFORCEMENT NORTH CAROLINA,ALEXANDER MILLS PD,ALEXANDER MILLS,RUTHERFORD,NC0810500,not_found,,,,,
NC,LAW ENFORCEMENT NORTH CAROLINA,ANDREWS PD,ANDREWS,CHEROKEE,NC0200100,current,,NC0200100,Andrews Police Department,city,Cherokee
NC,LAW ENFORCEMENT NORTH CAROLINA,ANGIER PD,ANGIER,HARNETT,NC0430200,current,,NC0430200,Angier Police Department,city,"Harnett, Wake"
NC,LAW ENFORCEMENT NORTH CAROLINA,APEX PD,APEX,WAKE,NC0920200,current,,NC0920200,Apex Police Department,city,"Chatham, Wake"
NC,LAW ENFORCEMENT NORTH CAROLINA,APPALACHIAN STATE UNIVERSSECURITY DEPARTMENT,BOONE,WATAUGA,NC0950300,current,,NC0950300,Appalachian State University,university,Watauga
NC,LAW ENFORCEMENT NORTH CAROLINA,ASHEBORO PD,ASHEBORO,RANDOLPH,NC0760100,current,,NC0760100,Asheboro Police Department,city,Randolph
NC,LAW ENFORCEMENT NORTH CAROLINA,*SHERIFF’S OFFICE,ASHEBORO,RANDOLPH,NC0760000,current,,NC0760000,Randolph County Sheriff's Office,county,Randolph
NC,LAW ENFORCEMENT NORTH CAROLINA,ASHEVILLE PD,ASHEVILLE,BUNCOMBE,NC0110100,current,,NC0110100,Asheville Police Department,city,Buncombe
NC,LAW ENFORCEMENT NORTH CAROLINA,*SHERIFF’S OFFICE,ASHEVILLE,BUNCOMBE,NC0110000,current,,NC0110000,Buncombe County Sheriff's Office,county,Buncombe
NC,LAW ENFORCEMENT NORTH CAROLINA,*WOODFIN PD,ASHEVILLE,BUNCOMBE,NC0110600,current,,NC0110600,Woodfin Police Department,city,Buncombe
NC,LAW ENFORCEMENT NORTH CAROLINA,*HIGHWAY PATROL TROOP G,ASHEVILLE,N/A,NCNHP0700,not_found,,,,,
NC,LAW ENFORCEMENT NORTH CAROLINA,*STATE BUREAU OF INVESTIGATION,ASHEVILLE,N/A,NCBCIW000,not_found,,,,,
NC,LAW ENFORCEMENT NORTH CAROLINA,ASKEWVILLE PD,WINDSOR,BERTIE,NC0080500,not_found,,,,,
NC,LAW ENFORCEMENT NORTH CAROLINA,ATKINSON PD,ATKINSON,PENDER,NC0710400,not_found,,,,,
NC,LAW ENFORCEMENT NORTH CAROLINA,ATLANTIC BEACH PD,ATLANTIC BEACH,CARTERET,NC0160300,current,,NC0160300,Atlantic Beach Police Department,city,Carteret
NC,LAW ENFORCEMENT NORTH CAROLINA,*PINEKNOLL SHORES PD,ATLANTIC BEACH,CARTERET,NC0160700,current,,NC0160700,Pine Knoll Shores Police Department,city,Carteret
NC,LAW ENFORCEMENT NORTH CAROLINA,ATTORNEY GENERAL’S OFFICE,RALEIGH,N/A,NCD0J0000,not_found,,,,,
NC,LAW ENFORCEMENT NORTH CAROLINA,AULANDER PD,AULANDER,BERTIE,NC0080100,current,,NC0080100,Aulander Police Department,city,Bertie
NC,LAW ENFORCEMENT NORTH CAROLINA,AURORA PD,AURORA,BEAUFORT,NC0070200,not_found,,,,,
NC,LAW ENFORCEMENT NORTH CAROLINA,AUTRYVILLE PD,AUTRYVILLE,SAMPSON,NC0820600,not_found,,,,,
NC,LAW ENFORCEMENT NORTH CAROLINA,AYDEN PD,AYDEN,PITT,NC0740100,current,,NC0740100,Ayden Police Department,city,Pitt
NC,LAW ENFORCEMENT NORTH CAROLINA,BAILEY PD,BAILEY,NASH,NC0640300,current,,NC0640300,Bailey Police Department,city,Nash
NC,LAW ENFORCEMENT NORTH CAROLINA,BAKERSVILLE PD,BAKERSVILLE,MITCHELL,NC0610200,current,,NC0610200,Bakersville Police Department,city,Mitchell
NC,LAW ENFORCEMENT NORTH CAROLINA,*SHERIFF’S OFFICE,BAKERSVILLE,MITCHELL,NC0610000,current,,NC0610000,Mitchell County Sheriff's Office,county,Mitchell
NC,LAW ENFORCEMENT NORTH CAROLINA,BANNER ELK PD,BANNER ELK,AVERY,NC0060200,current,,NC0060200,Banner Elk Police Department,city,Avery
NC,LAW ENFORCEMENT NORTH CAROLINA,BATTLEBORO PD,BATTLEBORO,NASH,NC0640400,not_found,,,,,
NC,LAW ENFORCEMENT NORTH CAROLINA,BAYBORO PD,BAYBORO,PAMLICO,NC0690100,not_found,,,,,
NC,LAW ENFORCEMENT NORTH CAROLINA,*SHERIFF’S OFFICE,BAYBORO,PAMLICO,NC0690000,current,,NC0690000,Pamlico County Sheriff's Office,county,Pamlico
NC,LAW ENFORCEMENT NORTH CAROLINA,BEAUFORT PD,BEAUFORT,CARTERET,NC0160100,current,,NC0160100,Beaufort Police Department,city,Carteret
NC,LAW ENFORCEMENT NORTH CAROLINA,*SHERIFF'S OFFICE,BEAUFORT,CARTERET,NC0160000,current,,NC0160000,Carteret County Sheriff's Office,county,Carteret
NC,LAW ENFORCEMENT NORTH CAROLINA,BELHAVEN PD,BELHAVEN,BEAUFORT,NC0070300,current,,NC0070300,Belhaven Police Department,city,Beaufort
NC,LAW ENFORCEMENT NORTH CAROLINA,BELMONT PD,BELMONT,GASTON,NC0360100,current,,NC0360100,Belmont Police Department,city,Gaston
NC,LAW ENFORCEMENT NORTH CAROLINA,BENSON PD,BENSON,JOHNSTON,NC0510200,current,,NC0510200,Benson Police Department,city,Johnston
NC,LAW ENFORCEMENT NORTH CAROLINA,BESSEMER CITY PD,BESSEMER CITY,GASTON,NC0360200,current,,NC0360200,Bessemer City Police Department,city,Gaston
NC,LAW ENFORCEMENT NORTH CAROLINA,BETHEL PD,BETHEL,PITT,NC0740400,not_found,,,,,
NC,LAW ENFORCEMENT NORTH CAROLINA,BEULAVILLE PD,BEULAVILLE,DUPLIN,NC0310200,current,,NC0310200,Beulaville Police Department,city,Duplin
NC,LAW ENFORCEMENT NORTH CAROLINA,BILTMORE FOREST PD,BILTMORE FOREST,BUNCOMBE,NC0110300,current,,NC0110300,Biltmore Forest Police Department,city,Buncombe
NC,LAW ENFORCEMENT NORTH CAROLINA,BISCOE PD,BISCOE,MONTGOMERY,NC0620200,current,,NC0620200,Biscoe Police Department,city,Montgomery
NC,LAW ENFORCEMENT NORTH CAROLINA,BLACK CREEK PD,BLACK CREEK,WILSON,NC0980200,current,,NC0980200,Black Creek Police Department,city,Wilson
NC,LAW ENFORCEMENT NORTH CAROLINA,BLACK MOUNTAIN PD,BLACK MOUNTAIN,BUNCOMBE,NC0110200,current,,NC0110200,Black Mountain Police Department,city,Buncombe
NC,LAW ENFORCEMENT NORTH CAROLINA,BLADENBORO PD,BLADENBORO,BLADEN,NC0090100,current,,NC0090100,Bladenboro Police Department,city,Bladen
NC,LAW ENFORCEMENT NORTH CAROLINA,BLOWING ROCK PD,BLOWING ROCK,WATAUGA,NC0950200,current,,NC0950200,Blowing Rock Police Department,city,"Caldwell, Watauga"
NC,LAW ENFORCEMENT NORTH CAROLINA,BOILING SPRING 'LAKES PD,BOILING SPRING,BRUNSWICK,NC0100500,current,,NC0100500,Boiling Spring Lakes Police Department,city,Brunswick
NC,LAW ENFORCEMENT NORTH CAROLINA,BOILING SPRINGS PD,BOILING SPRINGS,CLEVELAND,NC0230300,current,,NC0230300,Boiling Springs Police Department,city,Cleveland
NC,LAW ENFORCEMENT NORTH CAROLINA,BOLTON PD,BOLTON,COLUMBUS,NC0240700,not_found,,,,,
NC,LAW ENFORCEMENT NORTH CAROLINA,BOONE PD,BOONE,WATAUGA,NC0950100,current,,NC0950100,Boone Police Department,city,Watauga
NC,LAW ENFORCEMENT NORTH CAROLINA,*APPALACHIAN STATE UNIVERSSECURITY DEPARTMENT,BOONE,WATAUGA,NC0950300,current,,NC0950300,Appalachian State University,university,Watauga
NC,LAW ENFORCEMENT NORTH CAROLINA,*SHERIFF'S OFFICE,BOONE,WATAUGA,NC0950000,current,,NC0950000,Watauga County Sheriff's Office,county,Watauga
NC,LAW ENFORCEMENT NORTH CAROLINA,BOONVILLE PD,BOONVILLE,YADKIN,NC0990S00,not_found,,,,,
NC,LAW ENFORCEMENT NORTH CAROLINA,BREVARD PD,BREVARD,TRANSYLVANIA,NC0880100,current,,NC0880100,Brevard Police Department,city,Transylvania
NC,LAW ENFORCEMENT NORTH CAROLINA,*SHERIFF'S OFFICE,BREVARD,TRANSYLVANIA,NC0880000,current,,NC0880000,Transylvania County Sheriff's Office,county,Transylvania
NC,LAW ENFORCEMENT NORTH CAROLINA,BROOKFORD PD,HICKORY,CATAWBA,NC0180500,current,,NC0180500,Brookford Police Department,city,Catawba
NC,LAW ENFORCEMENT NORTH CAROLINA,BRYSON CITY PD,BRYSON CITY,SWAIN,NC0070100,current,yes,NC0070100,Washington Police Department,city,Beaufort
NC,LAW ENFORCEMENT NORTH CAROLINA,*SHERIFF’S OFFICE,BRYSON CITY,SWAIN,NC0870000,current,,NC0870000,Swain County Sheriff's Office,county,Swain
NC,LAW ENFORCEMENT NORTH CAROLINA,BUNN PD,BUNN,FRANKLIN,NC0350400,current,,NC0350400,Bunn Police Department,city,Franklin
NC,LAW ENFORCEMENT NORTH CAROLINA,BURGAW PD,BURGAW,PENDER,NC0710100,current,,NC0710100,Burgaw Police Department,city,Pender
NC,LAW ENFORCEMENT NORTH CAROLINA,*SHERIFF’S OFFICE,BURGAW,PENDER,NC071P000,not_found,,,,,
NC,LAW ENFORCEMENT NORTH CAROLINA,BURLINGTON PD,BURLINGTON,ALAMANCE,NC0Ó10100,not_found,,,,,
NC,LAW ENFORCEMENT NORTH CAROLINA,BURNSVILLE PD,BURNSVILLE,YANCEY,NCI000100,likely_ocr_error,,NC1000100,Burnsville Police Department,city,Yancey
NC,LAW ENFORCEMENT NORTH CAROLINA,*SHERIFF'S OFFICE,BURNSVILLE,YANCEY,NC1000000,current,,NC1000000,Yancey County Sheriff's Office,county,Yancey
NC,LAW ENFORCEMENT NORTH CAROLINA,BUTNER PD,BUTNER,GRANVILLE,NC0390200,current,,NC0390200,Butner Police Department,city,Granville
NC,LAW ENFORCEMENT NORTH CAROLINA,CANDOR PD,CANDOR,MONTGOMERY,NC0620300,current,,NC0620300,Candor Police Department,city,Montgomery
NC,LAW ENFORCEMENT NORTH CAROLINA,CANTON PD,CANTON,HAYWOOD,NC0440100,current,,NC0440100,Canton Police Department,city,Haywood
NC,LAW ENFORCEMENT NORTH CAROLINA,CAPE CARTERET PD,SWANSBORO,CARTERET,NC0160500,current,,NC0160500,Cape Carteret Police Department,city,Carteret
NC,LAW ENFORCEMENT NORTH CAROLINA,CAROLINA BEACH PD,CAROLINA BEACH,NEW HANOVER,NC0650100,current,,NC0650100,Carolina Beach Police Department,city,New Hanover
NC,LAW ENFORCEMENT NORTH CAROLINA,CARRBORO PD,CARRBORO,ORANGE,NC0680300,current,,NC0680300,Carrboro Police Department,city,Orange
NC,LAW ENFORCEMENT NORTH CAROLINA,CARTHAGE PD,CARTHAGE,MOORE,NC0630500,current,,NC0630500,Carthage Police Department,city,Moore
NC,LAW ENFORCEMENT NORTH CAROLINA,*SHERIFF’S OFFICE,CARTHAGE,MOORE,NC0630000,current,,NC0630000,Moore County Sheriff's Office,county,Moore
NC,LAW ENFORCEMENT NORTH CAROLINA,CARY PD,CARY,WAKE,NC0920300,current,,NC0920300,Cary Police Department,city,"Chatham, Durham, Wake"
NC,LAW ENFORCEMENT NORTH CAROLINA,*STATE BUREAU OF INVESTIGATION,CARY,N/A,NCBCIC000,not_found,,,,,
NC,LAW ENFORCEMENT NORTH CAROLINA,CENTERVILLE PD,LOUISBURG,FRANKLIN,NC0350500,not_found,,,,,
NC,LAW ENFORCEMENT NORTH CAROLINA,CHADBOURN PD,CHADBOURN,COLUMBUS,NC0240200,current,,NC0240200,Chadbourn Police Department,city,Columbus
NC,LAW ENFORCEMENT NORTH CAROLINA,CHAPEL HILL PD,CHAPEL HILL,ORANGE,NC0680100,current,,NC0680100,Chapel Hill Police Department,city,"Durham, Orange"
NC,LAW ENFORCEMENT NORTH CAROLINA,CHARLOTTE PD,CHARLOTTE,MECKLENBURG,NC0600100,current,,NC0600100,Charlotte-Mecklenburg Police Department,city,Mecklenburg
NC,LAW ENFORCEMENT NORTH CAROLINA,*MECKLENBURG COUNTY PD,CHARLOTTE,MECKLENBURG,NC0600200,not_found,,,,,
NC,LAW ENFORCEMENT NORTH CAROLINA,*SHERIFF'S OFFICE,CHARLOTTE,MECKLENBURG,NC0600000,not_found,,,,,
NC,LAW ENFORCEMENT NORTH CAROLINA,CHEROKEE PD,CHEROKEE,SWAIN,NC0870200,current,,NC0870200,Cherokee Tribal,tribal,
NC,LAW ENFORCEMENT NORTH CAROLINA,CHERRYVILLE PD,CHERRYVILLE,GASTON,NC0360300,current,,NC0360300,Cherryville Police Department,city,Gaston
NC,LAW ENFORCEMENT NORTH CAROLINA,CHINA GROVE PD,CHINA GROVE,ROWAN,NC0800100,current,,NC0800100,China Grove Police Department,city,Rowan
NC,LAW ENFORCEMENT NORTH CAROLINA,CHOCOWINITY PD,CHOCOWINITY,BEAUFORT,NC0070400,current,,NC0070400,Chocowinity Police Department,city,Beaufort
NC,LAW ENFORCEMENT NORTH CAROLINA,CLAREMONT PD,CLAREMONT,CATAWBÄ,NC0180600,current,,NC0180600,Claremont Police Department,city,Catawba
NC,LAW ENFORCEMENT NORTH CAROLINA,CLARKTON PD,CLARKTON,BLADEN,NC0090200,not_found,,,,,
NC,LAW ENFORCEMENT NORTH CAROLINA,CLAYTON PD,CLAYTON,JOHNSTON,NC0510300,current,,NC0510300,Clayton Police Department,city,Johnston
NC,LAW ENFORCEMENT NORTH CAROLINA,CLINTON PD,CLINTON,SAMPSON,NC0820100,current,,NC0820100,Clinton Police Department,city,Sampson
NC,LAW ENFORCEMENT NORTH CAROLINA,*SHERIFF'S OFFICE,CLINTON,SAMPSON,NC0820000,current,,NC0820000,Sampson County Sheriff's Office,county,Sampson
NC,LAW ENFORCEMENT NORTH CAROLINA,CLYDE PD,CLYDE,HAYWOOD,NC0440300,not_found,,,,,
NC,LAW ENFORCEMENT NORTH CAROLINA,COATS PD,COATS,HARNETT,NC0430300,current,,NC0430300,Coats Police Department,city,Harnett
NC,LAW ENFORCEMENT NORTH CAROLINA,COFIELD PD,COFIELD,HERTFORD,NC0460500,not_found,,,,,
NC,LAW ENFORCEMENT NORTH CAROLINA,COLERAIN PD,COLERAIN,BERTIE,NC0080600,not_found,,,,,
NC,LAW ENFORCEMENT NORTH CAROLINA,COLUMBIA PD,COLUMBIA,TYRRELL,NC0890100,not_found,,,,,
NC,LAW ENFORCEMENT NORTH CAROLINA,*SHERIFF'S OFFICE,COLUMBIA,TYRRELL,NC0890000,current,,NC0890000,Tyrrell County Sheriff's Office,county,Tyrrell
NC,LAW ENFORCEMENT NORTH CAROLINA,COLUMBUS COUNTY BUREAU OF IDENTIFICATION,WHITEVILLE,COLUMBUS,NC0240100,not_found,,,,,
NC,LAW ENFORCEMENT NORTH CAROLINA,COLUMBUS COUNTY RURAL PD,WHITEVILLE,COLUMBUS,NC0240800,not_found,,,,,
NC,LAW ENFORCEMENT NORTH CAROLINA,COLUMBUS PD,COLUMBUS,POLK,NC0750300,current,,NC0750300,Columbus Police Department,city,Polk
NC,LAW ENFORCEMENT NORTH CAROLINA,*SHERIFF’S OFFICE,COLUMBUS,POLK,NC0750000,current,,NC0750000,Polk County Sheriff's Office,county,Polk
NC,LAW ENFORCEMENT NORTH CAROLINA,COMO PD,COMO,HERTFORD,NC0460600,not_found,,,,,
NC,LAW ENFORCEMENT NORTH CAROLINA,CONCORD PD,CONCORD,CABARRUS,NC0130100,current,,NC0130100,Concord Police Department,city,Cabarrus
NC,LAW ENFORCEMENT NORTH CAROLINA,*SHERIFF'S OFFICE,CONCORD,CABARRUS,NC0130000,current,,NC0130000,Cabarrus County Sheriff's Office,county,Cabarrus
NC,LAW ENFORCEMENT NORTH CAROLINA,CONOVER PD,CONOVER,CATAWBA,NC0180100,current,,NC0180100,Conover Police Department,city,Catawba
NC,LAW ENFORCEMENT NORTH CAROLINA,*HIGHWAY PATROL STATION,CONOVER,N/A,NCNHP1000,not_found,,,,,
NC,LAW ENFORCEMENT NORTH CAROLINA,CONWAY PD,CONWAY,NORTHAMPTON,NC0660200,current,,NC0660200,Conway Police Department,city,Northampton
NC,LAW ENFORCEMENT NORTH CAROLINA,CORNELIUS PD,CORNELIUS,MECKLENBURG,NC0600400,current,,NC0600400,Cornelius Police Department,city,Mecklenburg
NC,LAW ENFORCEMENT NORTH CAROLINA,CRAMERTON PD,CRAMERTON,GASTON,NC0361100,current,,NC0361100,Cramerton Police Department,city,Gaston
NC,LAW ENFORCEMENT NORTH CAROLINA,CREEDMOOR PD,CREEDMOOR,GRANVILLE,NC0390300,current,,NC0390300,Creedmoor Police Department,city,Granville
NC,LAW ENFORCEMENT NORTH CAROLINA,CROSSNORE PD,CROSSNORE,AVERY,NC0060300,not_found,,,,,
NC,LAW ENFORCEMENT NORTH CAROLINA,DALLAS PD,DALLAS,GASTON,NC0360400,current,,NC0360400,Dallas Police Department,city,Gaston
NC,LAW ENFORCEMENT NORTH CAROLINA,DANBURY PD,DANBURY,STOKES,NC0850200,not_found,,,,,
NC,LAW ENFORCEMENT NORTH CAROLINA,SHERIFF'S OFFICE,DANBURY,STOKES,NC0850000,current,,NC0850000,Stokes County Sheriff's Office,county,Stokes
NC,LAW ENFORCEMENT NORTH CAROLINA,DAVIDSON PD,DAVIDSON,MECKLENBURG,NC0600500,current,,NC0600500,Davidson Police Department,city,"Iredell, Mecklenburg"
NC,LAW ENFORCEMENT NORTH CAROLINA,DENTON PD,DENTON,DAVIDSON,NC0290300,current,,NC0290300,Denton Police Department,city,Davidson
NC,LAW ENFORCEMENT NORTH CAROLINA,DEPARTMENT OF MOTOR VEHICLES,RALEIGH,N/A,NCDMV0000,not_found,,,,,
NC,LAW ENFORCEMENT NORTH CAROLINA,DOBSON' PD,DOBSON,SURRY,NC0860400,current,,NC0860400,Dobson Police Department,city,Surry
NC,LAW ENFORCEMENT NORTH CAROLINA,DREXEL PD,DREXEL,BURKE,NC0120300,current,,NC0120300,Drexel Police Department,city,Burke
NC,LAW ENFORCEMENT NORTH CAROLINA,DUBLIN PD,DUBLIN,BLADEN,NC0090000,current,,NC0090000,Bladen County Sheriff's Office,county,Bladen
NC,LAW ENFORCEMENT NORTH CAROLINA,DUNN PD,DUNN,HARNETT,NC0430100,current,,NC0430100,Dunn Police Department,city,Harnett
NC,LAW ENFORCEMENT NORTH CAROLINA,DURHAM PD,DURHAM,DURHAM,NC0320100,current,,NC0320100,Durham Police Department,city,"Durham, Orange, Wake"
NC,LAW ENFORCEMENT NORTH CAROLINA,'SHERIFF’S OFFICE,DURHAM,DURHAM,NC0320000,current,,NC0320000,Durham County Sheriff's Office,county,Durham
NC,LAW ENFORCEMENT NORTH CAROLINA,EAST BEND PD,EAST BEND,YADKIN,NC0990400,current,,NC0990400,East Bend Police Department,city,Yadkin
NC,LAW ENFORCEMENT NORTH CAROLINA,EAST SPENCER PD,EAST SPENCER,ROWAN,NC0800200,current,,NC0800200,East Spencer Police Department,city,Rowan
NC,LAW ENFORCEMENT NORTH CAROLINA,EDEN PD,EDEN,ROCKINGHAM,NC0790100,current,,NC0790100,Eden Police Department,city,Rockingham
NC,LAW ENFORCEMENT NORTH CAROLINA,EDENTON PD,EDENTON,CHOWAN,NC0210100,current,,NC0210100,Edenton Police Department,city,Chowan
NC,LAW ENFORCEMENT NORTH CAROLINA,SHERIFF'S OFFICE,EDENTON,CHOWAN,NC0210000,current,,NC0210000,Chowan County Sheriff's Office,county,Chowan
NC,LAW ENFORCEMENT NORTH CAROLINA,ELIZABETH CITY PD,ELIZABETH CITY,PASQUOTANK,NC0700100,current,,NC0700100,Elizabeth City Police Department,city,"Camden, Pasquotank"
NC,LAW ENFORCEMENT NORTH CAROLINA,*SHERIFF'S OFFICE,ELIZABETH CITY,PASQUOTANK,NC0700000,current,,NC0700000,Pasquotank County Sheriff's Office,county,Pasquotank
NC,LAW ENFORCEMENT NORTH CAROLINA,ELIZABETHTOWN PD,ELIZABETHTOWN,BLADEN,NC0090300,current,,NC0090300,Elizabethtown Police Department,city,Bladen
NC,LAW ENFORCEMENT NORTH CAROLINA,SHERIFF'S OFFICE,ELIZABETHTOWN,BLADEN,NC0090000,current,,NC0090000,Bladen County Sheriff's Office,county,Bladen
NC,LAW ENFORCEMENT NORTH CAROLINA,*HIGHWAY PATROL STATION,ELIZABETHTOWN,N/A,NCNHP0200,not_found,,,,,
NC,LAW ENFORCEMENT NORTH CAROLINA,ELK PARK PD,ELK PARK,AVERY,NC0060400,current,,NC0060400,Elk Park Police Department,city,Avery
NC,LAW ENFORCEMENT NORTH CAROLINA,ELKIN PD,ELKIN,SURRY,NC0860100,current,,NC0860100,Elkin Police Department,city,"Surry, Wilkes"
NC,LAW ENFORCEMENT NORTH CAROLINA,ELLERBE PD,ELLERBE,RICHMOND,NC0770100,not_found,,,,,
NC,LAW ENFORCEMENT NORTH CAROLINA,ELM CITY PD,ELM CITY,WILSON,NC0980300,not_found,,,,,
NC,LAW ENFORCEMENT NORTH CAROLINA,ELON COLLEGE PD,ELON COLLEGE,ALAMANCE,NC0010200,current,,NC0010200,Elon Police Department,city,Alamance
NC,LAW ENFORCEMENT NORTH CAROLINA,EMERALD ISLE PD,MOREHEAD CITY,CARTERET,NC0160600,current,,NC0160600,Emerald Isle Police Department,city,Carteret
NC,LAW ENFORCEMENT NORTH CAROLINA,ENFIELD PD,ENFIELD,HALIFAX,NC0420100,current,,NC0420100,Enfield Police Department,city,Halifax
NC,LAW ENFORCEMENT NORTH CAROLINA,ERWIN PD,ERWIN,HARNETT,NC0430500,current,,NC0430500,Erwin Police Department,city,Harnett
NC,LAW ENFORCEMENT NORTH CAROLINA,EUREKA PD,EUREKA,WAYNE,NC0960200,not_found,,,,,
NC,LAW ENFORCEMENT NORTH CAROLINA,FAIR BLUFF PD,FAIR BLUFF,.COLUMBUS,NC0240300,current,,NC0240300,Fair Bluff Police Department,city,Columbus
NC,LAW ENFORCEMENT NORTH CAROLINA,FAIRMONT PD,FAIRMONT,ROBESON,NC0780500,current,,NC0780500,Fairmont Police Department,city,Robeson
NC,LAW ENFORCEMENT NORTH CAROLINA,FAISON PD,FAISON,DUPLIN,NC0310300,not_found,,,,,
NC,LAW ENFORCEMENT NORTH CAROLINA,FARMVILLE PD,FARMVILLE,pin,NC0740200,current,,NC0740200,Farmville Police Department,city,Pitt
NC,LAW ENFORCEMENT NORTH CAROLINA,FAYETTEVILLE PD,FAYETTEVILLE,CUMBERLAND,NC0260100,current,,NC0260100,Fayetteville Police Department,city,Cumberland
NC,LAW ENFORCEMENT NORTH CAROLINA,*SHERIFF'S OFFICE,FAYETTEVILLE,CUMBERLAND,NC0260000,current,,NC0260000,Cumberland County Sheriff's Office,county,Cumberland
NC,LAW ENFORCEMENT NORTH CAROLINA,*HIGHWAY PATROL TROOP B,FAYETTEVILLE,N/A,NCNHP0900,not_found,,,,,
NC,LAW ENFORCEMENT NORTH CAROLINA,*STATE BUREAU OF INVESTIGATION,FAYETTEVILLE,N/A,NCBCISE00,not_found,,,,,
NC,LAW ENFORCEMENT NORTH CAROLINA,FOREST CITY PD,FOREST CITY,RUTHERFORD,NC0810100,current,,NC0810100,Forest City Police Department,city,Rutherford
NC,LAW ENFORCEMENT NORTH CAROLINA,FOUNTAIN PD,FOUNTAIN,Pin,NC0740500,not_found,,,,,
NC,LAW ENFORCEMENT NORTH CAROLINA,FOUR OAKS PD,FOUR OAKS,JOHNSTON,NC0510400,current,,NC0510400,Four Oaks Police Department,city,Johnston
NC,LAW ENFORCEMENT NORTH CAROLINA,FRANKLIN PD,FRANKLIN,MACON,NC0570100,current,,NC0570100,Franklin Police Department,city,Macon
NC,LAW ENFORCEMENT NORTH CAROLINA,*SHERIFF'S OFFICE,FRANKLIN,MACON,NC0570000,current,,NC0570000,Macon County Sheriff's Office,county,Macon
NC,LAW ENFORCEMENT NORTH CAROLINA,FRANKLINTON PD,FRANKLINTON,FRANKLIN,NC0350200,current,,NC0350200,Franklinton Police Department,city,Franklin
NC,LAW ENFORCEMENT NORTH CAROLINA,FRANKLINVILLE PD,FRANKLINVILLE,RANDOLPH,NC0760200,not_found,,,,,
NC,LAW ENFORCEMENT NORTH CAROLINA,FREMONT PD,FREMONT,WAYNE,NC0960300,current,,NC0960300,Fremont Police Department,city,Wayne
NC,LAW ENFORCEMENT NORTH CAROLINA,FUQUAY SPRINGS PD,FUQUAY-VARINA,WAKE,NC0921000,not_found,,,,,
NC,LAW ENFORCEMENT NORTH CAROLINA,FUQUAY-VARINA PD,FUQUAY-VARINA,WAKE,NC0920400,current,,NC0920400,Fuquay-Varina Police Department,city,Wake
NC,LAW ENFORCEMENT NORTH CAROLINA,GARLAND PD,GARLAND,SAMPSON,NC0820200,not_found,,,,,
NC,LAW ENFORCEMENT NORTH CAROLINA,GARNER PD,GARNER,WAKE,NC0920500,current,,NC0920500,Garner Police Department,city,Wake
NC,LAW ENFORCEMENT NORTH CAROLINA,GASTON COUNTY RURAL PD,GASTONIA,GASTON,NC0360500,current,,NC0360500,Gaston County Police Department,county,Gaston
NC,LAW ENFORCEMENT NORTH CAROLINA,GASTON PD,GASTON,NORTHAMPTON,NC0660300,current,,NC0660300,Gaston Police Department,city,Northampton
NC,LAW ENFORCEMENT NORTH CAROLINA,GASTONIA PD,GASTONIA,GASTON,NC0360600,current,,NC0360600,Gastonia Police Department,city,Gaston
NC,LAW ENFORCEMENT NORTH CAROLINA,*RANLO PD,GASTONIA,GASTON,NC0361200,current,,NC0361200,Ranlo Police Department,city,Gaston
NC,LAW ENFORCEMENT NORTH CAROLINA,*SHERIFF’S OFFICE,GASTONIA,GASTON,NC0360000,current,,NC0360000,Gaston County Sheriff's Office,county,Gaston
NC,LAW ENFORCEMENT NORTH CAROLINA,GIBSON PD,GIBSON,SCOTLAND,NC0830200,not_found,,,,,
NC,LAW ENFORCEMENT NORTH CAROLINA,GIBSONVILLE PD,GIBSONVILLE,GUILFORD,NC0410100,current,,NC0410100,Gibsonville Police Department,city,"Alamance, Guilford"
NC,LAW ENFORCEMENT NORTH CAROLINA,GOLDSBORO PD,GOLDSBORO,WAYNE,NC0960100,current,,NC0960100,Goldsboro Police Department,city,Wayne
NC,LAW ENFORCEMENT NORTH CAROLINA,*SHERIFF’S OFFICE,GOLDSBORO,WAYNE,NC0960000,current,,NC0960000,Wayne County Sheriff's Office,county,Wayne
NC,LAW ENFORCEMENT NORTH CAROLINA,GRAHAM PD,GRAHAM,ALAMANCE,NC0010300,current,,NC0010300,Graham Police Department,city,Alamance
NC,LAW ENFORCEMENT NORTH CAROLINA,SHERIFF'S OFFICE,GRAHAM,ALAMANCE,NC0010000,current,,NC0010000,Alamance County Sheriff's Office,county,Alamance
NC,LAW ENFORCEMENT NORTH CAROLINA,GRANITE FALLS PD,GRANITE FALLS,CALDWELL,NC0140100,current,,NC0140100,Granite Falls Police Department,city,Caldwell
NC,LAW ENFORCEMENT NORTH CAROLINA,GRANITE QUARRY PD,GRANITE QUARRY,ROWAN,NC0800800,current,,NC0800800,Granite Quarry Police Department,city,Rowan
NC,LAW ENFORCEMENT NORTH CAROLINA,GREENSBORO PD,GREENSBORO,GUILFORD,NC0410200,current,,NC0410200,Greensboro Police Department,city,Guilford
NC,LAW ENFORCEMENT NORTH CAROLINA,*SHERIFF'S OFFICE,GREENSBORO,GUILFORD,NC0410000,current,,NC0410000,Guilford County Sheriff's Office,county,Guilford
NC,LAW ENFORCEMENT NORTH CAROLINA,*HIGHWAY PATROL TROOP D,GREENSBORO,N/A,NCNHP0400,not_found,,,,,
NC,LAW ENFORCEMENT NORTH CAROLINA,STATE BUREAU OF INVESTIGATION,GREENSBORO,N/A,NCBCINP00,not_found,,,,,
NC,LAW ENFORCEMENT NORTH CAROLINA,GREENVILLE PD,GREENVILLE,pin,NC0740300,current,,NC0740300,Greenville Police Department,city,Pitt
NC,LAW ENFORCEMENT NORTH CAROLINA,*STATE BUREAU OF INVESTIGATION,GREENVILLE,N/A,NCBCINE00,not_found,,,,,
NC,LAW ENFORCEMENT NORTH CAROLINA,*SHERIFF'S OFFICE,GREENVILLE,Pin,NC0740000,current,yes,NC0740000,Pitt County Sheriff's Office,county,Pitt
NC,LAW ENFORCEMENT NORTH CAROLINA,GRIFTON PD,GRIFTON,pin,NC0740600,current,,NC0740600,Grifton Police Department,city,"Lenoir, Pitt"
NC,LAW ENFORCEMENT NORTH CAROLINA,GRIMESLAND PD,GRIMESLAND,Pin,NC0740700,not_found,,,,,
NC,LAW ENFORCEMENT NORTH CAROLINA,HALIFAX PD,HALIFAX,HALIFAX,NC0420400,not_found,,,,,
NC,LAW ENFORCEMENT NORTH CAROLINA,*SHERIFF'S OFFICE,HALIFAX,HALIFAX,NC0420000,current,,NC0420000,Halifax County Sheriff's Office,county,Halifax
NC,LAW ENFORCEMENT NORTH CAROLINA,HAMILTON PD,HAMILTON,MARTIN,NC0590200,not_found,,,,,
NC,LAW ENFORCEMENT NORTH CAROLINA,HAMLET PD,HAMLET,RICHMOND,NC0770200,current,,NC0770200,Hamlet Police Department,city,Richmond
NC,LAW ENFORCEMENT NORTH CAROLINA,HARMONY PD,HARMONY,IREDELL,NC0490300,not_found,,,,,
NC,LAW ENFORCEMENT NORTH CAROLINA,harrelsville PD,HARRELSVILLE,HERTFORD,NC0460400,not_found,,,,,
NC,LAW ENFORCEMENT NORTH CAROLINA,HASSELL PD,HASSELL,MARTIN,NC0590300,not_found,,,,,
NC,LAW ENFORCEMENT NORTH CAROLINA,HAVELOCK PD,HAVELOCK,CRAVEN,NC0250100,current,,NC0250100,Havelock Police Department,city,Craven
NC,LAW ENFORCEMENT NORTH CAROLINA,HAYESVILLE PD,HAYESVILLE,CLAY,NC0220100,not_found,,,,,
NC,LAW ENFORCEMENT NORTH CAROLINA,*SHERIFF'S OFFICE,HAYESVILLE,CLAY,NC0220000,current,,NC0220000,Clay County Sheriff's Office,county,Clay
NC,LAW ENFORCEMENT NORTH CAROLINA,HAZELWOOD PD,HAZELWOOD,HAYWOOD,NC0440400,not_found,,,,,
NC,LAW ENFORCEMENT NORTH CAROLINA,HENDERSON PD,HENDERSON,VANCE,NC0910100,current,,NC0910100,Henderson Police Department,city,Vance
NC,LAW ENFORCEMENT NORTH CAROLINA,*SHERIFF'S OFFICE,HENDERSON,VANCE,NC0910000,current,,NC0910000,Vance County Sheriff's Office,county,Vance
NC,LAW ENFORCEMENT NORTH CAROLINA,HENDERSONVILLE PD,HENDERSONVILLE,HENDERSON,NC0450100,current,,NC0450100,Hendersonville Police Department,city,Henderson
NC,LAW ENFORCEMENT NORTH CAROLINA,*LAUREL PARK PD,HENDERSONVILLE,HENDERSON,NC0450200,current,,NC0450200,Laurel Park Police Department,city,Henderson
NC,LAW ENFORCEMENT NORTH CAROLINA,*SHERIFF'S OFFICE,HENDERSONVILLE,HENDERSON,NC0450000,current,,NC0450000,Henderson County Sheriff's Office,county,Henderson
NC,LAW ENFORCEMENT NORTH CAROLINA,HERTFORD PD,HERTFORD,PERQUIMANS,NC0720100,not_found,,,,,
NC,LAW ENFORCEMENT NORTH CAROLINA,‘SHERIFF’S OFFICE,HERTFORD,PERQUIMANS,NC0720000,current,,NC0720000,Perquimans County Sheriff's Office,county,Perquimans
NC,LAW ENFORCEMENT NORTH CAROLINA,HICKORY PD,HICKORY,CATAWBA,NC0180200,current,,NC0180200,Hickory Police Department,city,"Burke, Caldwell, Catawba"
NC,LAW ENFORCEMENT NORTH CAROLINA,*BROOKFORD PD,HICKORY,CATAWBA,NC0180S00,likely_ocr_error,,NC0180500,Brookford Police Department,city,Catawba
NC,LAW ENFORCEMENT NORTH CAROLINA,*HIGHWAY PATROL TROOP F,HICKORY,N/A,NCNHP0600,not_found,,,,,
NC,LAW ENFORCEMENT NORTH CAROLINA,HIGH POINT PD,HIGH POINT,GUILFORD,NC0410300,current,,NC0410300,High Point Police Department,city,"Davidson, Forsyth, Guilford, Randolph"
NC,LAW ENFORCEMENT NORTH CAROLINA,HIGH SHOALS PD,HIGH SHOALS,GASTON,NC0361300,not_found,,,,,
NC,LAW ENFORCEMENT NORTH CAROLINA,HIGHLANDS PD,HIGHLANDS,MACON,NC0570200,current,,NC0570200,Highlands Police Department,city,"Jackson, Macon"
NC,LAW ENFORCEMENT NORTH CAROLINA,HIGHWAY PATROL STATION,CONOVER,N/A,NCNHP1000,not_found,,,,,
NC,LAW ENFORCEMENT NORTH CAROLINA,HIGHWAY PATROL STATION,ELIZABETHTOWN,N/A,NCNHP0200,not_found,,,,,
NC,LAW ENFORCEMENT NORTH CAROLINA,HIGHWAY PATROL STATION,MONROE,N/A,NCNHP1100,not_found,,,,,
NC,LAW ENFORCEMENT NORTH CAROLINA,HIGHWAY PATROL STATION,NEW BERN,N/A,NCNHP0800,not_found,,,,,
NC,LAW ENFORCEMENT NORTH CAROLINA,HIGHWAY PATROL TROOP A,WILLIAMSTON,N/A,NCNHP0100,not_found,,,,,
NC,LAW ENFORCEMENT NORTH CAROLINA,HIGHWAY PATROL TROOP B,FAYE Neville,N/A,NCNHP0900,not_found,,,,,
NC,LAW ENFORCEMENT NORTH CAROLINA,HIGHWAY PATROL TROOP C,RALEIGH,N/A,NCNHP0300,not_found,,,,,
NC,LAW ENFORCEMENT NORTH CAROLINA,HIGHWAY PATROL TROOP D,GREENSBORO,N/A,NCNHP0400,not_found,,,,,
NC,LAW ENFORCEMENT NORTH CAROLINA,HIGHWAY PATROL TROOP E,SALISBURY,N/A,NCNHP0500,not_found,,,,,
NC,LAW ENFORCEMENT NORTH CAROLINA,HIGHWAY PATHOL TROOP F,HICKORY,N/A,NCNHP0600,not_found,,,,,
NC,LAW ENFORCEMENT NORTH CAROLINA,HIGHWAY PATROL TROOP G,ASHEVILLE,N/A,NCNHP0700,not_found,,,,,
NC,LAW ENFORCEMENT NORTH CAROLINA,HIGHWAY PATROL HEADQUARTERS,RALEIGH,N/A,NCNHP0000,current,,NCNHP0000,North Carolina Highway Patrol,state_police,
NC,LAW ENFORCEMENT NORTH CAROLINA,HILLSBOROUGH PD,HILLSBOROUGH,ORANGE,NC0680200,current,,NC0680200,Hillsborough Police Department,city,Orange
NC,LAW ENFORCEMENT NORTH CAROLINA,*SHERIFF’S OFFICE,HILLSBOROUGH,ORANGE,NC0680000,current,,NC0680000,Orange County Sheriff's Office,county,Orange
NC,LAW ENFORCEMENT NORTH CAROLINA,HOBGOOD PD,HOBGOOD,HALIFAX,NC0420500,not_found,,,,,
NC,LAW ENFORCEMENT NORTH CAROLINA,HOLDEN BEACH PD,HOLDEN BEACH,BRUNSWICK,NC0100400,current,,NC0100400,Holden Beach Police Department,city,Brunswick
NC,LAW ENFORCEMENT NORTH CAROLINA,HOLLYRIDGE PD,HOLLYRIDGE,ONSLOW,NC0670200,current,,NC0670200,Holly Ridge Police Department,city,Onslow
NC,LAW ENFORCEMENT NORTH CAROLINA,HOOKERTON PD,HOOKERTON,GREENE,NC0400100,not_found,,,,,
NC,LAW ENFORCEMENT NORTH CAROLINA,HOPE MILLS PD,HOPE MILLS,CUMBERLAND,NC0260200,current,,NC0260200,Hope Mills Police Department,city,Cumberland
NC,LAW ENFORCEMENT NORTH CAROLINA,HOT SPRINGS PD,HOT SPRINGS,MADISON,NC0580200,current,,NC0580200,Hot Springs Police Department,city,Madison
NC,LAW ENFORCEMENT NORTH CAROLINA,HUDSON PD,HUDSON,CALDWELL,NC0140400,current,,NC0140400,Hudson Police Department,city,Caldwell
NC,LAW ENFORCEMENT NORTH CAROLINA,HUNTERSVILLE PD,HUNTERSVILLE,MECKLENBURG,NC0600600,current,,NC0600600,Huntersville Police Department,city,Mecklenburg
NC,LAW ENFORCEMENT NORTH CAROLINA,JACKSON PD,JACKSON,NORTHAMPTON,NC0660400,current,,NC0660400,Jackson Police Department,city,Northampton
NC,LAW ENFORCEMENT NORTH CAROLINA,SHERIFF'S OFFICE,JACKSON,NORTHAMPTON,NC0660000,current,,NC0660000,Northampton County Sheriff's Office,county,Northampton
NC,LAW ENFORCEMENT NORTH CAROLINA,JACKSONVILLE PD,JACKSONVILLE,ONSLOW,NC0670100,current,,NC0670100,Jacksonville Police Department,city,Onslow
NC,LAW ENFORCEMENT NORTH CAROLINA,SHERIFF'S OFFICE,JACKSONVILLE,ONSLOW,NC0670000,current,,NC0670000,Onslow County Sheriff's Office,county,Onslow
NC,LAW ENFORCEMENT NORTH CAROLINA,JAMESVILLE PD,JAMESVILLE,MARTIN,NC0590400,not_found,,,,,
NC,LAW ENFORCEMENT NORTH CAROLINA,JEFFERSON PD,JEFFERSON,ASHE,NC0050200,current,,NC0050200,Jefferson Police Department,city,Ashe
NC,LAW ENFORCEMENT NORTH CAROLINA,*SHERIFF’S OFFICE,JEFFERSON,ASHE,NC0050000,current,,NC0050000,Ashe County Sheriff's Office,county,Ashe
NC,LAW ENFORCEMENT NORTH CAROLINA,JONESVILLE PD,JONESVILLE,YADKIN,NC0990100,current,,NC0990100,Jonesville Police Department,city,Yadkin
NC,LAW ENFORCEMENT NORTH CAROLINA,KANNAPOLIS PD,KANNAPOLIS,CABARRUS,NC0130200,current,,NC0130200,Kannapolis Police Department,city,"Cabarrus, Rowan"
NC,LAW ENFORCEMENT NORTH CAROLINA,*STATE BUREAU OF INVESTIGATION SOUTHEASTER,KANNAPOLIS,N/A,NCBCISP00,not_found,,,,,
NC,LAW ENFORCEMENT NORTH CAROLINA,KELFORD PD,KELFORD,BERTIE,NC0080700,not_found,,,,,
NC,LAW ENFORCEMENT NORTH CAROLINA,KENANSVILLE PD,KENANSVILLE,DUPLIN,NC0310400,current,,NC0310400,Kenansville Police Department,city,Duplin
NC,LAW ENFORCEMENT NORTH CAROLINA,*SHERIFF'S OFFICE,KENANSVILLE,DUPLIN,NC0310000,current,,NC0310000,Duplin County Sheriff's Office,county,Duplin
NC,LAW ENFORCEMENT NORTH CAROLINA,KENLY PD,KENLY,JOHNSTON,NC0510500,current,,NC0510500,Kenly Police Department,city,"Johnston, Wilson"
NC,LAW ENFORCEMENT NORTH CAROLINA,KERNERSVILLE PD,KERNERSVILLE,FORSYTH,NC0340100,current,,NC0340100,Kernersville Police Department,city,"Forsyth, Guilford"
NC,LAW ENFORCEMENT NORTH CAROLINA,KILL DEVIL HILLS PD,KILL DEVIL HILLS,DARE,NC0280100,current,,NC0280100,Kill Devil Hills Police Department,city,Dare
NC,LAW ENFORCEMENT NORTH CAROLINA,KINGS MOUNTAIN PD,KINGS MOUNTAIN,CLEVELAND,NC0230100,current,,NC0230100,Kings Mountain Police Department,city,"Cleveland, Gaston"
NC,LAW ENFORCEMENT NORTH CAROLINA,KINSTON PD,KINSTON,LENOIR,NC0540100,current,,NC0540100,Kinston Police Department,city,Lenoir
NC,LAW ENFORCEMENT NORTH CAROLINA,*SHERIFF’S OFFICE,KINSTON,LENOIR,NC0540000,current,,NC0540000,Lenoir County Sheriff's Office,county,Lenoir
NC,LAW ENFORCEMENT NORTH CAROLINA,KITTRELL PD,KITTRELL,VANCE,NC0910200,not_found,,,,,
NC,LAW ENFORCEMENT NORTH CAROLINA,KNIGHTDALE PD,KNIGHTDALE,WAKE,NC0920600,current,,NC0920600,Knightdale Police Department,city,Wake
NC,LAW ENFORCEMENT NORTH CAROLINA,KURE BEACH PD,KURE BEACH,NEW HANOVER,NC0650400,current,,NC0650400,Kure Beach Police Department,city,New Hanover
NC,LAW ENFORCEMENT NORTH CAROLINA,LA GRANGE PD,LA GRANGE,LENOIR,NC0540200,not_found,,,,,
NC,LAW ENFORCEMENT NORTH CAROLINA,LAKE LURE PD,LAKE LURE,RUTHERFORD,NC0810400,current,,NC0810400,Lake Lure Police Department,city,Rutherford
NC,LAW ENFORCEMENT NORTH CAROLINA,LAKE WACCAMAW PD,LAKE WACCAMAW,COLUMBUS,NC0240600,current,,NC0240600,Lake Waccamaw Police Department,city,Columbus
NC,LAW ENFORCEMENT NORTH CAROLINA,LANDIS PD,LANDIS,ROWAN,NC0800300,current,,NC0800300,Landis Police Department,city,Rowan
NC,LAW ENFORCEMENT NORTH CAROLINA,LAUREL PARK PD,HENDERSONVILLE,HENDERSON,NC0450200,current,,NC0450200,Laurel Park Police Department,city,Henderson
NC,LAW ENFORCEMENT NORTH CAROLINA,LAURINBURG,LAURINBURG,SCOTLAND,NC0830100,current,,NC0830100,Laurinburg Police Department,city,Scotland
NC,LAW ENFORCEMENT NORTH CAROLINA,*SHERIFF'S OFFICE,LAURINBURG,SCOTLAND,NC0830000,current,,NC0830000,Scotland County Sheriff's Office,county,Scotland
NC,LAW ENFORCEMENT NORTH CAROLINA,LAWNDALE PD,LAWNDALE,CLEVELAND,NC0230400,not_found,,,,,
NC,LAW ENFORCEMENT NORTH CAROLINA,LENOIR PD,LENOIR,CALDWELL,NC0140200,current,,NC0140200,Lenoir Police Department,city,Caldwell
NC,LAW ENFORCEMENT NORTH CAROLINA,SHERIFF'S OFFICE,LENOIR,CALDWELL,NC0140000,current,,NC0140000,Caldwell County Sheriff's Office,county,Caldwell
NC,LAW ENFORCEMENT NORTH CAROLINA,LEWISTON PD,LEWISTON,BERTIE,NC0080300,current,,NC0080300,Lewiston Woodville Police Department,city,Bertie
NC,LAW ENFORCEMENT NORTH CAROLINA,LEXINGTON PD,LEXINGTON,DAVIDSON,NC0290100,current,,NC0290100,Lexington Police Department,city,Davidson
NC,LAW ENFORCEMENT NORTH CAROLINA,SHERIFFS OFFICE,LEXINGTON,DAVIDSON,NC0290000,current,,NC0290000,Davidson County Sheriff's Office,county,Davidson
NC,LAW ENFORCEMENT NORTH CAROLINA,LIBERTY PD,LIBERTY,RANDOLPH,NC0760300,current,,NC0760300,Liberty Police Department,city,Randolph
NC,LAW ENFORCEMENT NORTH CAROLINA,LILESVILLE PD,LILESVILLE,ANSON,NC0040200,current,,NC0040200,Lilesville Police Department,city,Anson
NC,LAW ENFORCEMENT NORTH CAROLINA,LILLINGTON PD,LILLINGTON,HARNETT,NC0430400,current,,NC0430400,Lillington Police Department,city,Harnett
NC,LAW ENFORCEMENT NORTH CAROLINA,'SHERIFF'S OFFICE,LILLINGTON,HARNETT,NC0430000,current,,NC0430000,Harnett County Sheriff's Office,county,Harnett
NC,LAW ENFORCEMENT NORTH CAROLINA,LINCOLNTON PD,LINCOLNTON,LINCOLN,NC0550100,current,,NC0550100,Lincolnton Police Department,city,Lincoln
NC,LAW ENFORCEMENT NORTH CAROLINA,SHERIFF'S OFFICE,LINCOLNTON,LINCOLN,NC0550000,current,,NC0550000,Lincoln County Sheriff's Office,county,Lincoln
NC,LAW ENFORCEMENT NORTH CAROLINA,LITTLETON PD,LITTLETON,HALIFAX,NC0420600,current,,NC0420600,Littleton Police Department,city,Halifax
NC,LAW ENFORCEMENT NORTH CAROLINA,LOCUST PD,LOCUST,STANLEY,NC0840500,current,,NC0840500,Locust Police Department,city,"Cabarrus, Stanly"
NC,LAW ENFORCEMENT NORTH CAROLINA,LONG BEACH PD,LONG BEACH,BRUNSWICK,NC0100100,current,,NC0100100,Oak Island Police Department,city,Brunswick
NC,LAW ENFORCEMENT NORTH CAROLINA,LONGVIEW PD,LONGVIEW,CATAWBA,NC0180700,current,,NC0180700,Long View Police Department,city,"Burke, Catawba"
NC,LAW ENFORCEMENT NORTH CAROLINA,LOUISBURG PD,LOUISBURG,FRANKLIN,NC0350100,current,,NC0350100,Louisburg Police Department,city,Franklin
NC,LAW ENFORCEMENT NORTH CAROLINA,*CENTERVILLE PD,LOUISBURG,FRANKLIN,NC0350500,not_found,,,,,
NC,LAW ENFORCEMENT NORTH CAROLINA,*SHERIFF’S OFFICE,LOUISBURG,FRANKLIN,NC0350000,current,,NC0350000,Franklin County Sheriff's Office,county,Franklin
NC,LAW ENFORCEMENT NORTH CAROLINA,LOWELL PD,LOWELL,GASTON,NC0360800,current,,NC0360800,Lowell Police Department,city,Gaston
NC,LAW ENFORCEMENT NORTH CAROLINA,LUCAMA PD,LUCAMA,WILSON,NC0980400,not_found,,,,,
NC,LAW ENFORCEMENT NORTH CAROLINA,LUMBERTON PD,LUMBERTON,ROBESON,NC0780100,current,,NC0780100,Lumberton Police Department,city,Robeson
NC,LAW ENFORCEMENT NORTH CAROLINA,*SHERIFF'S OFFICE,LUMBERTON,ROBESON,NC0780000,current,,NC0780000,Robeson County Sheriff's Office,county,Robeson
NC,LAW ENFORCEMENT NORTH CAROLINA,MACCLESFIELD PD,MACCLESFIELD,EDGECOMBE,NC0330300,not_found,,,,,
NC,LAW ENFORCEMENT NORTH CAROLINA,MADISON PD,MADISON,ROCKINGHAM,NC0790300,current,,NC0790300,Madison Police Department,city,Rockingham
NC,LAW ENFORCEMENT NORTH CAROLINA,MAGNOLIA PD,MAGNOLIA,DUPLIN,NC0310700,current,,NC0310700,Magnolia Police Department,city,Duplin
NC,LAW ENFORCEMENT NORTH CAROLINA,MAIDEN PD,MAIDEN,CATAWBA,NC0180300,current,,NC0180300,Maiden Police Department,city,"Catawba, Lincoln"
NC,LAW ENFORCEMENT NORTH CAROLINA,MANTEO PD,MANTEO,DARE,NC0280200,current,,NC0280200,Manteo Police Department,city,Dare
NC,LAW ENFORCEMENT NORTH CAROLINA,*SHERIFF'S OFFICE,MANTEO,DARE,NC0280000,current,,NC0280000,Dare County Sheriff's Office,county,Dare
NC,LAW ENFORCEMENT NORTH CAROLINA,MARION PD,MARION,MC DOWELL,NC0560100,current,,NC0560100,Marion Police Department,city,McDowell
NC,LAW ENFORCEMENT NORTH CAROLINA,*SHERIFF’S OFFICE,MARION,MC DOWELL,NC0560000,current,yes,NC0560000,McDowell County Sheriff's Office,county,McDowell
NC,LAW ENFORCEMENT NORTH CAROLINA,MARS HILL PD,MARS HILL,MADISON,NC0580300,current,,NC0580300,Mars Hill Police Department,city,Madison
NC,LAW ENFORCEMENT NORTH CAROLINA,MARSHALL PD,MARSHALL,MADISON,NC0580100,current,,NC0580100,Marshall Police Department,city,Madison
NC,LAW ENFORCEMENT NORTH CAROLINA,*SHERIFF'S OFFICE,MARSHALL,MADISON,NC0580000,current,,NC0580000,Madison County Sheriff's Office,county,Madison
NC,LAW ENFORCEMENT NORTH CAROLINA,MARSHVILLE PD,MARSHVILLE,UNION,NC0900100,current,,NC0900100,Marshville Police Department,city,Union
NC,LAW ENFORCEMENT NORTH CAROLINA,MATTHEWS PD,MATTHEWS,MECKLENBURG,NC0600700,current,,NC0600700,Matthews Police Department,city,Mecklenburg
NC,LAW ENFORCEMENT NORTH CAROLINA,MAXTON PD,MAXTON,ROBESON,NC0780200,current,,NC0780200,Maxton Police Department,city,"Robeson, Scotland"
NC,LAW ENFORCEMENT NORTH CAROLINA,MAYODAN PD,MAYODAN,ROCKINGHAM,NCÙ790400,not_found,,,,,
NC,LAW ENFORCEMENT NORTH CAROLINA,MCADENVILLE PD,MCADENVILLE,GASTON,NC0361000,not_found,,,,,
NC,LAW ENFORCEMENT NORTH CAROLINA,MEBANE PD,MEBANE,ALAMANCE,NC0010400,current,,NC0010400,Mebane Police Department,city,"Alamance, Orange"
NC,LAW ENFORCEMENT NORTH CAROLINA,MECKLENBURG COUNTY PD,CHARLOTTE,MECKLENBURG,NC0600200,not_found,,,,,
NC,LAW ENFORCEMENT NORTH CAROLINA,MICRO PD,MICRO,JOHNSTON,NC0510900,not_found,,,,,
NC,LAW ENFORCEMENT NORTH CAROLINA,MIDDLEBURG PD,MIDDLEBURG,VANCE,NC0910300,not_found,,,,,
NC,LAW ENFORCEMENT NORTH CAROLINA,MIDDLESEX PD,MIDDLESEX,NASH,NC0640500,current,,NC0640500,Middlesex Police Department,city,Nash
NC,LAW ENFORCEMENT NORTH CAROLINA,MOCKSVILLE PD,MOCKSVILLE,DAVIE,NC0300100,not_found,,,,,
NC,LAW ENFORCEMENT NORTH CAROLINA,*SHERIFF'S OFFICE,MOCKSVILLE,DAVIE,NC0300000,current,,NC0300000,Davie County Sheriff's Office,county,Davie
NC,LAW ENFORCEMENT NORTH CAROLINA,MONROE PD,MONROE,UNION,NC0900200,current,,NC0900200,Monroe Police Department,city,Union
NC,LAW ENFORCEMENT NORTH CAROLINA,*HIGHWAY PATROL STATION,MONROE,N/A,NCNHP1100,not_found,,,,,
NC,LAW ENFORCEMENT NORTH CAROLINA,*SHERIFF’S OFFICE,MONROE,UNION,NC0900000,current,,NC0900000,Union County Sheriff's Office,county,Union
NC,LAW ENFORCEMENT NORTH CAROLINA,MONTREAT PD,MONTREAT,BUNCOMBE,NC0110500,current,,NC0110500,Montreat Police Department,city,Buncombe
NC,LAW ENFORCEMENT NORTH CAROLINA,MOORESVILLE PD,MOORESVILLE,IREDELL,NC0490100,current,,NC0490100,Mooresville Police Department,city,Iredell
NC,LAW ENFORCEMENT NORTH CAROLINA,MOREHEAD CITY PD,MOREHEAD CITY,CARTERET,NC0160200,current,,NC0160200,Morehead City Police Department,city,Carteret
NC,LAW ENFORCEMENT NORTH CAROLINA,*EMERALD ISLE PD,MOREHEAD CITY,CARTERET,NC0160600,current,,NC0160600,Emerald Isle Police Department,city,Carteret
NC,LAW ENFORCEMENT NORTH CAROLINA,MORGANTON PD,MORGANTON,BURKE,NC0120100,current,,NC0120100,Morganton Police Department,city,Burke
NC,LAW ENFORCEMENT NORTH CAROLINA,*SHERIFF'S OFFICE,MORGANTON,BURKE,NC0120000,current,,NC0120000,Burke County Sheriff's Office,county,Burke
NC,LAW ENFORCEMENT NORTH CAROLINA,MORRISVILLE PD,MORRISVILLE,WAKE,NC0921300,current,,NC0921300,Morrisville Police Department,city,"Durham, Wake"
NC,LAW ENFORCEMENT NORTH CAROLINA,MORVEN PD,MORVEN,ANSON,NC0040300,current,,NC0040300,Morven Police Department,city,Anson
NC,LAW ENFORCEMENT NORTH CAROLINA,MOUNT AIRY PD,MOUNT AIRY,SURRY,NC0860200,current,,NC0860200,Mount Airy Police Department,city,Surry
NC,LAW ENFORCEMENT NORTH CAROLINA,*SHERIFF'S OFFICE,MOUNT AIRY,SURRY,NC0860000,current,,NC0860000,Surry County Sheriff's Office,county,Surry
NC,LAW ENFORCEMENT NORTH CAROLINA,MOUNT GILEAD PD,MOUNT GILEAD,MONTGOMERY,NC0620400,current,,NC0620400,Mount Gilead Police Department,city,Montgomery
NC,LAW ENFORCEMENT NORTH CAROLINA,MOUNT HOLLY PD,MOUNT HOLLY,GASTON,NC0360900,current,,NC0360900,Mount Holly Police Department,city,Gaston
NC,LAW ENFORCEMENT NORTH CAROLINA,MOUNT OLIVE PD,MOUNT OLIVE,WAYNE,NC0960400,current,,NC0960400,Mount Olive Police Department,city,"Duplin, Wayne"
NC,LAW ENFORCEMENT NORTH CAROLINA,MOUNT PLEASANT PD,MOUNT PLEASANT,CABARRUS,NC0130300,not_found,,,,,
NC,LAW ENFORCEMENT NORTH CAROLINA,MURFREESBORO PD,MURFREESBORO,HERTFORD,NC0460200,current,,NC0460200,Murfreesboro Police Department,city,Hertford
NC,LAW ENFORCEMENT NORTH CAROLINA,MURPHY PD,MURPHY,CHEROKEE,NC0200200,current,,NC0200200,Murphy Police Department,city,Cherokee
NC,LAW ENFORCEMENT NORTH CAROLINA,*SHERIFF'S OFFICE,MURPHY,CHEROKEE,NC0200000,current,,NC0200000,Cherokee County Sheriff's Office,county,Cherokee
NC,LAW ENFORCEMENT NORTH CAROLINA,NAGS HEAD PD,NAGS HEAD,DARE,NC0280300,current,,NC0280300,Nags Head Police Department,city,Dare
NC,LAW ENFORCEMENT NORTH CAROLINA,NASHVILLE PD,NASHVILLE,NASH,NC0640100,current,,NC0640100,Nashville Police Department,city,Nash
NC,LAW ENFORCEMENT NORTH CAROLINA,*SHERIFF'S OFFICE,NASHVILLE,NASH,NC0640000,current,,NC0640000,Nash County Sheriff's Office,county,Nash
NC,LAW ENFORCEMENT NORTH CAROLINA,NEW BERN PD,NEW BERN,CRAVEN,NC0250200,current,,NC0250200,New Bern Police Department,city,Craven
NC,LAW ENFORCEMENT NORTH CAROLINA,*SHERIFF'S OFFICE,NEW BERN,CRAVEN,NC0250000,current,,NC0250000,Craven County Sheriff's Office,county,Craven
NC,LAW ENFORCEMENT NORTH CAROLINA,*HIGHWAY PATROL STATION,NEW BERN,N/A,NCNHP0800,not_found,,,,,
NC,LAW ENFORCEMENT NORTH CAROLINA,NEW TOPSAIL PD,TOPSAIL BEACH,PENDER,NC0710200,current,,NC0710200,Topsail Beach Police Department,city,Pender
NC,LAW ENFORCEMENT NORTH CAROLINA,NEWLAND PD,NEWLAND,AVERY,NC0060I00,likely_ocr_error,,NC0060100,Newland Police Department,city,Avery
NC,LAW ENFORCEMENT NORTH CAROLINA,*SHERIFF’SOFFICE,NEWLAND,AVERY,NC0060000,current,,NC0060000,Avery County Sheriff's Office,county,Avery
NC,LAW ENFORCEMENT NORTH CAROLINA,NEWPORT PD,NEWPORT,CARTERET,NC0160400,current,,NC0160400,Newport Police Department,city,Carteret
NC,LAW ENFORCEMENT NORTH CAROLINA,NEWTON GROVE PD,NEWTON GROVE,SAMPSON,NC0820300,current,,NC0820300,Newton Grove Police Department,city,Sampson
NC,LAW ENFORCEMENT NORTH CAROLINA,NEWTON PD,NEWTON,CATAWBA,NC0180400,current,,NC0180400,Newton Police Department,city,Catawba
NC,LAW ENFORCEMENT NORTH CAROLINA,SHERIFFS OFFICE,NEWTON,CATAWBA,NC0180000,current,,NC0180000,Catawba County Sheriff's Office,county,Catawba
NC,LAW ENFORCEMENT NORTH CAROLINA,NORLINA PD,NORLINA,WARREN,NC0930100,current,,NC0930100,Norlina Police Department,city,Warren
NC,LAW ENFORCEMENT NORTH CAROLINA,NORTH CAROLINA STANDARDS TRAINING COMMISSION,RALEIGH,WAKE,NC092M00,not_found,,,,,
NC,LAW ENFORCEMENT NORTH CAROLINA,NORTH CAROLINA STATE OF BOARD,RALEIGH,N/A,NC0925000,not_found,,,,,
NC,LAW ENFORCEMENT NORTH CAROLINA,NORTH CAROLINA POLICE INFORMATION,RALEIGH,N/A,NCPIN0000,not_found,,,,,
NC,LAW ENFORCEMENT NORTH CAROLINA,NORTH KANNAPOLIS PD,NORTH KANNAPOLIS,ROWAN,NC0800400,not_found,,,,,
NC,LAW ENFORCEMENT NORTH CAROLINA,NORTH WILKESBORO PD,NORTH WILKESBORO,WILKES,NC0970100,current,,NC0970100,North Wilkesboro Police Department,city,Wilkes
NC,LAW ENFORCEMENT NORTH CAROLINA,NORWOOD PD,NORWOOD,STANLEY,NC0840200,current,,NC0840200,Norwood Police Department,city,Stanly
NC,LAW ENFORCEMENT NORTH CAROLINA,OAK CITY PD,OAK CITY,MARTIN,NC0590500,not_found,,,,,
NC,LAW ENFORCEMENT NORTH CAROLINA,OAKBORO PD,OAKBORO,STANLEY,NC0840300,current,,NC0840300,Oakboro Police Department,city,Stanly
NC,LAW ENFORCEMENT NORTH CAROLINA,OCEAN ISLE BEACH PD,OCEAN ISLE BEACH,BRUNSWICK,NC0100800,current,,NC0100800,Ocean Isle Beach Police Department,city,Brunswick
NC,LAW ENFORCEMENT NORTH CAROLINA,OLD FORT PD,OLD FORT,MC DOWELL,NC0560200,current,,NC0560200,Old Fort Police Department,city,McDowell
NC,LAW ENFORCEMENT NORTH CAROLINA,OXFORD PD,OXFORD,GRANVILLE,NC0390100,current,,NC0390100,Oxford Police Department,city,Granville
NC,LAW ENFORCEMENT NORTH CAROLINA,*SHERIFF'S OFFICE,OXFORD,GRANVILLE,NC0390000,current,,NC0390000,Granville County Sheriff's Office,county,Granville
NC,LAW ENFORCEMENT NORTH CAROLINA,PARKTON PD,PARKTON,ROBESON,NC0780600,current,,NC0780600,Parkton Police Department,city,Robeson
NC,LAW ENFORCEMENT NORTH CAROLINA,PEMBROKE PD,PEMBROKE,ROBESON,NC0789700,not_found,,,,,
NC,LAW ENFORCEMENT NORTH CAROLINA,PIKEVILLE PD,PIKEVILLE,WAYNE,NC0960500,current,,NC0960500,Pikeville Police Department,city,Wayne
NC,LAW ENFORCEMENT NORTH CAROLINA,PILOT MOUNTAIN PD,PILOT MOUNTAIN,SURRY,NC0860300,current,,NC0860300,Pilot Mountain Police Department,city,Surry
NC,LAW ENFORCEMENT NORTH CAROLINA,PINE LEVEL PD,PINE LEVEL,JOHNSTON,NC0510600,current,,NC0510600,Pine Level Police Department,city,Johnston
NC,LAW ENFORCEMENT NORTH CAROLINA,PINEBLUFF PD,PINEBLUFF,MOORE,NC0630600,current,,NC0630600,Pinebluff Police Department,city,Moore
NC,LAW ENFORCEMENT NORTH CAROLINA,PINEHURST PD,PINEHURST,MOORE,NC0630200,current,,NC0630200,Pinehurst Police Department,city,Moore
NC,LAW ENFORCEMENT NORTH CAROLINA,PINEKNOLL SHORES PD,ATLANTIC BEACH,CARTERET,NC0160700,current,,NC0160700,Pine Knoll Shores Police Department,city,Carteret
NC,LAW ENFORCEMENT NORTH CAROLINA,PINETOPS PD,PINETOPS,EDGECOMBE,NC0330400,current,,NC0330400,Pinetops Police Department,city,Edgecombe
NC,LAW ENFORCEMENT NORTH CAROLINA,PINEVILLE PD,PINEVILLE,MECKLENBURG,NC0600300,current,,NC0600300,Pineville Police Department,city,Mecklenburg
NC,LAW ENFORCEMENT NORTH CAROLINA,PINK HILL PD,PINK HILL,LENOIR,NC0540300,current,,NC0540300,Pink Hill Police Department,city,Lenoir
NC,LAW ENFORCEMENT NORTH CAROLINA,PITTSBORO PD,PITTSBORO,CHATHAM,NC0190200,current,,NC0190200,Pittsboro Police Department,city,Chatham
NC,LAW ENFORCEMENT NORTH CAROLINA,*SHERIFF’S OFFICE,PITTSBORO,CHATHAM,NC0190000,current,,NC0190000,Chatham County Sheriff's Office,county,Chatham
NC,LAW ENFORCEMENT NORTH CAROLINA,PLYMOUTH PD,PLYMOUTH,WASHINGTON,NC0940100,current,,NC0940100,Plymouth Police Department,city,Washington
NC,LAW ENFORCEMENT NORTH CAROLINA,*SHERIFF’S OFFICE,PLYMOUTH,WASHINGTON,NC0940000,current,,NC0940000,Washington County Sheriff's Office,county,Washington
NC,LAW ENFORCEMENT NORTH CAROLINA,POLKTON PD,POLKTON,ANSON,NC0040400,current,,NC0040400,Polkton Police Department,city,Anson
NC,LAW ENFORCEMENT NORTH CAROLINA,PRINCETON PD,PRINCETON,JOHNSTON,NC0510700,current,,NC0510700,Princeton Police Department,city,Johnston
NC,LAW ENFORCEMENT NORTH CAROLINA,PRINCEVILLE PD,TARBORO,EDGECOMBE,NC0330500,not_found,,,,,
NC,LAW ENFORCEMENT NORTH CAROLINA,RAEFORD PD,RAEFORD,HOKE,NC0470100,current,,NC0470100,Raeford Police Department,city,Hoke
NC,LAW ENFORCEMENT NORTH CAROLINA,*SHERIFF'S OFFICE,RAEFORD,HOKE,NC0470000,current,,NC0470000,Hoke County Sheriff's Office,county,Hoke
NC,LAW ENFORCEMENT NORTH CAROLINA,RALEIGH PD,RALEIGH,WAKE,NC0920100,current,,NC0920100,Raleigh Police Department,city,"Durham, Wake"
NC,LAW ENFORCEMENT NORTH CAROLINA,ATTORNEY GENERAL’S OFFICE,RALEIGH,N/A,NCD0J0000,not_found,,,,,
NC,LAW ENFORCEMENT NORTH CAROLINA,DEPARTMENT OF MOTOR VEHICLES,RALEIGH,N/A,NCDMV0000,not_found,,,,,
NC,LAW ENFORCEMENT NORTH CAROLINA,*HIGHWAY PATROL TROOP C,RALEIGH,N/A,NCNHP0300,not_found,,,,,
NC,LAW ENFORCEMENT NORTH CAROLINA,*HIGHWAY PATROL HEADQUARTERS,RALEIGH,N/A,NCNHP0000,current,,NCNHP0000,North Carolina Highway Patrol,state_police,
NC,LAW ENFORCEMENT NORTH CAROLINA,*NORTH CAROLINA POLICE INFORMATION,RALEIGH,N/A,NCPIN0000,not_found,,,,,
NC,LAW ENFORCEMENT NORTH CAROLINA,*NORTH CAROLINA STATE OF BOARD,RALEIGH,N/A,NC0925000,not_found,,,,,
NC,LAW ENFORCEMENT NORTH CAROLINA,*STATE BUREAU OF INVESTIGATION,RALEIGH,N/A,NCBCI0000,current,,NCBCI0000,North Carolina State Bureau of Investigation,other_state,
NC,LAW ENFORCEMENT NORTH CAROLINA,*WILDLIFE PROTECTION DIV,RALEIGH,N/A,NCWLF0W0,not_found,,,,,
NC,LAW ENFORCEMENT NORTH CAROLINA,*NORTH CAROLINA,RALEIGH,WAKE,NC0921400,not_found,,,,,
NC,LAW ENFORCEMENT NORTH CAROLINA,STANDARDS TRAINING COMMISSION SHERIFF’S OFFICE,RALEIGH,WAKE,NC0920000,current,,NC0920000,Wake County Sheriff's Office,county,Wake
NC,LAW ENFORCEMENT NORTH CAROLINA,*STATE CAPITOL POLICE,RALEIGH,WAKE,NC0921200,current,,NC0921200,State Capitol Police,other_state,Wake
NC,LAW ENFORCEMENT NORTH CAROLINA,RAMSEUR PD,RAMSEUR,RANDOLPH,NC0760400,current,,NC0760400,Ramseur Police Department,city,Randolph
NC,LAW ENFORCEMENT NORTH CAROLINA,RANDLEMAN PD,RANDLEMAN,RANDOLPH,NC0760500,current,,NC0760500,Randleman Police Department,city,Randolph
NC,LAW ENFORCEMENT NORTH CAROLINA,RANLO PD,GASTONIA,GASTON,NC0361200,current,,NC0361200,Ranlo Police Department,city,Gaston
NC,LAW ENFORCEMENT NORTH CAROLINA,RED SPRINGS PD,RED SPRINGS,ROBESON,NC0780300,current,,NC0780300,Red Springs Police Department,city,Robeson
NC,LAW ENFORCEMENT NORTH CAROLINA,REIDSVILLE PD,REIDSVILLE,ROCKINGHAM,NC0790500,current,,NC0790500,Reidsville Police Department,city,Rockingham
NC,LAW ENFORCEMENT NORTH CAROLINA,RHODHISS PD,RHODHISS,CALDWELL,NC0140300,current,,NC0140300,Rhodhiss Police Department,city,"Burke, Caldwell"
NC,LAW ENFORCEMENT NORTH CAROLINA,RICH SQUARE PD,RICH SQUARE,NORTHAMPTON,NC0660100,current,,NC0660100,Rich Square Police Department,city,Northampton
NC,LAW ENFORCEMENT NORTH CAROLINA,RICHLANDS PD,RICHLANDS,ONSLOW,NC0670300,current,,NC0670300,Richlands Police Department,city,Onslow
NC,LAW ENFORCEMENT NORTH CAROLINA,ROANOKE RAPIDS PD,ROANOKE RAPIDS,HALIFAX,NC0420200,current,,NC0420200,Roanoke Rapids Police Department,city,Halifax
NC,LAW ENFORCEMENT NORTH CAROLINA,ROBBINS PD,ROBBINS,MOORE,NC0630300,current,,NC0630300,Robbins Police Department,city,Moore
NC,LAW ENFORCEMENT NORTH CAROLINA,ROBBINSVILLE PD,ROBBINSVILLE,GRAHAM,NC0380100,not_found,,,,,
NC,LAW ENFORCEMENT NORTH CAROLINA,*SHERIFF’S OFFICE,ROBBINSVILLE,GRAHAM,NC0380000,current,,NC0380000,Graham County Sheriff's Office,county,Graham
NC,LAW ENFORCEMENT NORTH CAROLINA,ROBERSONVILLE PD,ROBERSONVILLE,MARTIN,NC0590600,current,,NC0590600,Robersonville Police Department,city,Martin
NC,LAW ENFORCEMENT NORTH CAROLINA,ROCKINGHAM PD,ROCKINGHAM,RICHMOND,NC0770300,current,,NC0770300,Rockingham Police Department,city,Richmond
NC,LAW ENFORCEMENT NORTH CAROLINA,*SHERIFF'S OFFICE,ROCKINGHAM,RICHMOND,NC0770000,current,,NC0770000,Richmond County Sheriff's Office,county,Richmond
NC,LAW ENFORCEMENT NORTH CAROLINA,ROCKWELL PD,ROCKWELL,ROWAN,NC0800600,current,,NC0800600,Rockwell Police Department,city,Rowan
NC,LAW ENFORCEMENT NORTH CAROLINA,ROCKY MOUNT PD,ROCKY MOUNT,EDGECOMBE,NC0330100,current,,NC0330100,Rocky Mount Police Department,city,"Edgecombe, Nash"
NC,LAW ENFORCEMENT NORTH CAROLINA,ROLESVILLE PD,ROLESVILLE,WAKE,NC0921100,current,,NC0921100,Rolesville Police Department,city,Wake
NC,LAW ENFORCEMENT NORTH CAROLINA,RONDA PD,RONDA,WILKES,NC0970300,not_found,,,,,
NC,LAW ENFORCEMENT NORTH CAROLINA,ROPER PD,ROPER,WASHINGTON,NC0940200,not_found,,,,,
NC,LAW ENFORCEMENT NORTH CAROLINA,ROSE HILL PD,ROSE HILL,DUPLIN,NC0310500,current,,NC0310500,Rose Hill Police Department,city,Duplin
NC,LAW ENFORCEMENT NORTH CAROLINA,ROSEBORO PD,ROSEBORO,SAMPSON,NC0820400,not_found,,,,,
NC,LAW ENFORCEMENT NORTH CAROLINA,ROWLAND PD,ROWLAND,ROBESON,NC0780800,current,,NC0780800,Rowland Police Department,city,Robeson
NC,LAW ENFORCEMENT NORTH CAROLINA,ROXBORO PD,ROXBORO,PERSON,NC0730100,current,,NC0730100,Roxboro Police Department,city,Person
NC,LAW ENFORCEMENT NORTH CAROLINA,*SHERIFF’S OFFICE,ROXBORO,PERSON,NC0730000,current,,NC0730000,Person County Sheriff's Office,county,Person
NC,LAW ENFORCEMENT NORTH CAROLINA,ROXOBEL PD,ROXOBEL,BERTIE,NC0080400,not_found,,,,,
NC,LAW ENFORCEMENT NORTH CAROLINA,RUTHERFORDTON PD,RUTHERFORDTON,RUTHERFORD,NC0810200,current,,NC0810200,Rutherfordton Police Department,city,Rutherford
NC,LAW ENFORCEMENT NORTH CAROLINA,*SHERIFF'S OFFICE,RUTHERFORDTON,RUTHERFORD,NC0810000,current,,NC0810000,Rutherford County Sheriff's Office,county,Rutherford
NC,LAW ENFORCEMENT NORTH CAROLINA,SALEMBURG PD,SALEMBURG,SAMPSON,NC0820500,not_found,,,,,
NC,LAW ENFORCEMENT NORTH CAROLINA,SALISBURY PD,SALISBURY,ROWAN,NC0800500,current,,NC0800500,Salisbury Police Department,city,Rowan
NC,LAW ENFORCEMENT NORTH CAROLINA,*HIGHWAY PATROL TROOP E,SALISBURY,N/A,NCNHP0500,not_found,,,,,
NC,LAW ENFORCEMENT NORTH CAROLINA,*SHERIFF’S OFFICE,SALISBURY,ROWAN,NC0800000,current,,NC0800000,Rowan County Sheriff's Office,county,Rowan
NC,LAW ENFORCEMENT NORTH CAROLINA,SALUNDA PD,SALUNDA,POLK,NC0750200,current,,NC0750200,Saluda Police Department,city,"Henderson, Polk"
NC,LAW ENFORCEMENT NORTH CAROLINA,SANFORD PD,SANFORD,LEE,NC0530100,current,,NC0530100,Sanford Police Department,city,Lee
NC,LAW ENFORCEMENT NORTH CAROLINA,*SHERIFF’S OFFICE,SANFORD,LEE,NC0530000,current,,NC0530000,Lee County Sheriff's Office,county,Lee
NC,LAW ENFORCEMENT NORTH CAROLINA,SARATOGA PD,SARATOGA,WILSON,NC0980500,not_found,,,,,
NC,LAW ENFORCEMENT NORTH CAROLINA,SCOTLAND NECK PD,SCOTLAND NECK,HALIFAX,NC0420300,current,,NC0420300,Scotland Neck Police Department,city,Halifax
NC,LAW ENFORCEMENT NORTH CAROLINA,SEABOARD PD,SEABOARD,NORTHAMPTON,NC0660500,not_found,,,,,
NC,LAW ENFORCEMENT NORTH CAROLINA,SECURITY POLICE,POPE AIR FORCE BASE,N/A,NCAF00300,not_found,,,,,
NC,LAW ENFORCEMENT NORTH CAROLINA,SELMA PD,SELMA,JOHNSTON,NC0510800,current,,NC0510800,Selma Police Department,city,Johnston
NC,LAW ENFORCEMENT NORTH CAROLINA,SEVEN SPRINGS PD,SEVEN SPRINGS,WAYNE,NC0960600,not_found,,,,,
NC,LAW ENFORCEMENT NORTH CAROLINA,SHALLOTTE PD,SHALLOTTE,BRUNSWICK,NC0100200,current,,NC0100200,Shallotte Police Department,city,Brunswick
NC,LAW ENFORCEMENT NORTH CAROLINA,SHARPSBURG PD,SHARPSBURG,NASH,NC0640600,current,,NC0640600,Sharpsburg Police Department,city,"Edgecombe, Nash, Wilson"
NC,LAW ENFORCEMENT NORTH CAROLINA,SHELBY PD,SHELBY,CLEVELAND,NC0230200,current,,NC0230200,Shelby Police Department,city,Cleveland
NC,LAW ENFORCEMENT NORTH CAROLINA,SHERIFF’S OFFICE,GRAHAM,ALAMANCE,NC0010000,current,,NC0010000,Alamance County Sheriff's Office,county,Alamance
NC,LAW ENFORCEMENT NORTH CAROLINA,SHERIFF'S OFFICE,SPARTA,ALLEGHANY,NC0030000,current,,NC0030000,Alleghany County Sheriff's Office,county,Alleghany
NC,LAW ENFORCEMENT NORTH CAROLINA,SHERIFF'S OFFICE,TAYLORSVILLE,ALEXANDER,NC0020000,current,,NC0020000,Alexander County Sheriff's Office,county,Alexander
NC,LAW ENFORCEMENT NORTH CAROLINA,SHERIFF'S OFFICE,WADESBORO,ANSON,NC0040000,current,,NC0040000,Anson County Sheriff's Office,county,Anson
NC,LAW ENFORCEMENT NORTH CAROLINA,SHERIFF'S OFFICE,JEFFERSON,ASHE,NC0050000,current,,NC0050000,Ashe County Sheriff's Office,county,Ashe
NC,LAW ENFORCEMENT NORTH CAROLINA,SHERIFF'S OFFICE,WASHINGTON,BEAUFORT,NC0070000,current,,NC0070000,Beaufort County Sheriff's Office,county,Beaufort
NC,LAW ENFORCEMENT NORTH CAROLINA,SHERIFF'S OFFICE,WINDSOR,BERTIE,NC0080000,current,,NC0080000,Bertie County Sheriff's Office,county,Bertie
NC,LAW ENFORCEMENT NORTH CAROLINA,SHERIFF'S OFFICE,ELIZABETHTOWN,BLADEN,NC0090000,current,,NC0090000,Bladen County Sheriff's Office,county,Bladen
NC,LAW ENFORCEMENT NORTH CAROLINA,SHERIFF'S OFFICE,SOUTHPORT,BRUNSWICK,NC0100000,current,,NC0100000,Brunswick County Sheriff's Office,county,Brunswick
NC,LAW ENFORCEMENT NORTH CAROLINA,SHERIFF’S OFFICE,ASHEVILLE,BUNCOMBE,NC0110000,current,,NC0110000,Buncombe County Sheriff's Office,county,Buncombe
NC,LAW ENFORCEMENT NORTH CAROLINA,SHERIFF’S OFFICE,MORGANTON,BURKE,NC0120000,current,,NC0120000,Burke County Sheriff's Office,county,Burke
NC,LAW ENFORCEMENT NORTH CAROLINA,SHERIFF'S OFFICE,BEAUFORT,CARTERET,NC0160000,current,,NC0160000,Carteret County Sheriff's Office,county,Carteret
NC,LAW ENFORCEMENT NORTH CAROLINA,SHERIFF’S OFFICE,CAMDEN,CAMDEN,NC0150000,current,,NC0150000,Camden County Sheriff's Office,county,Camden
NC,LAW ENFORCEMENT NORTH CAROLINA,SHERIFF'S OFFICE,CONCORD,CABARRUS,NC0130000,current,,NC0130000,Cabarrus County Sheriff's Office,county,Cabarrus
NC,LAW ENFORCEMENT NORTH CAROLINA,SHERIFF'S OFFICE,LENOIR,CALDWELL,NC0140000,current,,NC0140000,Caldwell County Sheriff's Office,county,Caldwell
NC,LAW ENFORCEMENT NORTH CAROLINA,SHERIFF’S OFFICE,NEWTON,CATAWBA,NC0180000,current,,NC0180000,Catawba County Sheriff's Office,county,Catawba
NC,LAW ENFORCEMENT NORTH CAROLINA,SHERIFF'S OFFICE,YANCEYVILLE,CASWELL,NC0170000,current,,NC0170000,Caswell County Sheriff's Office,county,Caswell
NC,LAW ENFORCEMENT NORTH CAROLINA,SHERIFF'S OFFICE,EDENTON,CHOWAN,NC0210000,current,,NC0210000,Chowan County Sheriff's Office,county,Chowan
NC,LAW ENFORCEMENT NORTH CAROLINA,SHERIFF'S OFFICE,MURPHY,CHEROKEE,NC0200000,current,,NC0200000,Cherokee County Sheriff's Office,county,Cherokee
NC,LAW ENFORCEMENT NORTH CAROLINA,SHERIFF'S OFFICE,PITTSBORO,CHATHAM,NC0190000,current,,NC0190000,Chatham County Sheriff's Office,county,Chatham
NC,LAW ENFORCEMENT NORTH CAROLINA,SHERIFF’S OFFICE,HAYESVILLE,CLAY,NC0220000,current,,NC0220000,Clay County Sheriff's Office,county,Clay
NC,LAW ENFORCEMENT NORTH CAROLINA,SHERIFF'S OFFICE,SHELBY,CLEVELAND,NC0230000,current,,NC0230000,Cleveland County Sheriff's Office,county,Cleveland
NC,LAW ENFORCEMENT NORTH CAROLINA,SHERIFF'S OFFICE,WHITEVILLE,COLUMBUS,NC0240000,current,,NC0240000,Columbus County Sheriff's Office,county,Columbus
NC,LAW ENFORCEMENT NORTH CAROLINA,SHERIFF’S OFFICE,NEW BERN,CRAVEN,NC0250000,current,,NC0250000,Craven County Sheriff's Office,county,Craven
NC,LAW ENFORCEMENT NORTH CAROLINA,SHERIFF'S OFFICE,CURRITUCK,CURRITUCK,NC0270000,current,,NC0270000,Currituck County Sheriff's Office,county,Currituck
NC,LAW ENFORCEMENT NORTH CAROLINA,SHERIFF'S OFFICE,FAYETTEVILLE,CUMBERLAND,NC0260000,current,,NC0260000,Cumberland County Sheriff's Office,county,Cumberland
NC,LAW ENFORCEMENT NORTH CAROLINA,SHERIFF'S OFFICE,LEXINGTON,DAVIDSON,NC0290000,current,,NC0290000,Davidson County Sheriff's Office,county,Davidson
NC,LAW ENFORCEMENT NORTH CAROLINA,SHERIFF’S OFFICE,MANTEO,DARE,NC02B0000,likely_ocr_error,,NC0280000,Dare County Sheriff's Office,county,Dare
NC,LAW ENFORCEMENT NORTH CAROLINA,SHERIFF'S OFFICE,MOCKSVILLE,DAVIE,NC0300000,current,,NC0300000,Davie County Sheriff's Office,county,Davie
NC,LAW ENFORCEMENT NORTH CAROLINA,SHERIFF’S OFFICE,DURHAM,DURHAM,NC0320000,current,,NC0320000,Durham County Sheriff's Office,county,Durham
NC,LAW ENFORCEMENT NORTH CAROLINA,SHERIFF'S OFFICE,KENANSVILLE,DUPLIN,NC0310000,current,,NC0310000,Duplin County Sheriff's Office,county,Duplin
NC,LAW ENFORCEMENT NORTH CAROLINA,SHERIFF'S OFFICE,TARBORO,EDGECOMBE,NC0330000,current,,NC0330000,Edgecombe County Sheriff's Office,county,Edgecombe
NC,LAW ENFORCEMENT NORTH CAROLINA,SHERIFF'S OFFICE,WINSTON-SALEM,FORSYTH,NC0340000,current,,NC0340000,Forsyth County Sheriff's Office,county,Forsyth
NC,LAW ENFORCEMENT NORTH CAROLINA,SHERIFF'S OFFICE,LOUISBURG,FRANKLIN,NC0350000,current,,NC0350000,Franklin County Sheriff's Office,county,Franklin
NC,LAW ENFORCEMENT NORTH CAROLINA,SHERIFF'S OFFICE,GATESVILLE,GATES,NC0370000,current,,NC0370000,Gates County Sheriff's Office,county,Gates
NC,LAW ENFORCEMENT NORTH CAROLINA,SHERIFF'S OFFICE,GASTONIA,GASTON,NC0360000,current,,NC0360000,Gaston County Sheriff's Office,county,Gaston
NC,LAW ENFORCEMENT NORTH CAROLINA,SHERIFF'S OFFICE,OXFORD,GRANVILLE,NC0390000,current,,NC0390000,Granville County Sheriff's Office,county,Granville
NC,LAW ENFORCEMENT NORTH CAROLINA,SHERIFF'S OFFICE,ROBBINSVILLE,GRAHAM,NC0380000,current,,NC0380000,Graham County Sheriff's Office,county,Graham
NC,LAW ENFORCEMENT NORTH CAROLINA,SHERIFF'S OFFICE,SNOW HILL,GREENE,NC0400000,current,,NC0400000,Greene County Sheriff's Office,county,Greene
NC,LAW ENFORCEMENT NORTH CAROLINA,SHERIFF’S OFFICE,GREENSBORO,GUILFORD,NC0410000,current,,NC0410000,Guilford County Sheriff's Office,county,Guilford
NC,LAW ENFORCEMENT NORTH CAROLINA,SHERIFF'S OFFICE,HALIFAX,HALIFAX,NC0420000,current,,NC0420000,Halifax County Sheriff's Office,county,Halifax
NC,LAW ENFORCEMENT NORTH CAROLINA,SHERIFF’S OFFICE,LILLINGTON,HARNETT,NC0430000,current,,NC0430000,Harnett County Sheriff's Office,county,Harnett
NC,LAW ENFORCEMENT NORTH CAROLINA,SHERIFF'S OFFICE,WAYNESVILLE,HAYWOOD,NC0440000,current,,NC0440000,Haywood County Sheriff's Office,county,Haywood
NC,LAW ENFORCEMENT NORTH CAROLINA,SHERIFF'S OFFICE,HENDERSONVILLE,HENDERSON,NC0460000,current,yes,NC0460000,Hertford County Sheriff's Office,county,Hertford
NC,LAW ENFORCEMENT NORTH CAROLINA,SHERIFF'S OFFICE,WINTON,HERTFORD,NC0460000,current,,NC0460000,Hertford County Sheriff's Office,county,Hertford
NC,LAW ENFORCEMENT NORTH CAROLINA,SHERIFF'S OFFICE,RAEFORD,HOKE,NC0470000,current,,NC0470000,Hoke County Sheriff's Office,county,Hoke
NC,LAW ENFORCEMENT NORTH CAROLINA,SHERIFF’S OFFICE,SWANQUARTER,HYDE,NC0480000,current,,NC0480000,Hyde County Sheriff's Office,county,Hyde
NC,LAW ENFORCEMENT NORTH CAROLINA,SHERIFF'S OFFICE,STATESVILLE,IREDELL,NC0490000,current,,NC0490000,Iredell County Sheriff's Office,county,Iredell
NC,LAW ENFORCEMENT NORTH CAROLINA,SHERIFF'S OFFICE,SYLVA,JACKSON,NC0600000,not_found,,,,,
NC,LAW ENFORCEMENT NORTH CAROLINA,SHERIFF'S OFFICE,SMITHFIELD,JOHNSTON,NC0510000,current,,NC0510000,Johnston County Sheriff's Office,county,Johnston
NC,LAW ENFORCEMENT NORTH CAROLINA,SHERIFF’S OFFICE,TRENTON,JONES,NC0520000,current,,NC0520000,Jones County Sheriff's Office,county,Jones
NC,LAW ENFORCEMENT NORTH CAROLINA,SHERIFF'S OFFICE,KINSTON,LENOIR,NC0540000,current,,NC0540000,Lenoir County Sheriff's Office,county,Lenoir
NC,LAW ENFORCEMENT NORTH CAROLINA,SHERIFF’S OFFICE,SANFORD,LEE,NC0530000,current,,NC0530000,Lee County Sheriff's Office,county,Lee
NC,LAW ENFORCEMENT NORTH CAROLINA,SHERIFF'S OFFICE,LINCOLNTON,LINCOLN,NC0550000,current,,NC0550000,Lincoln County Sheriff's Office,county,Lincoln
NC,LAW ENFORCEMENT NORTH CAROLINA,SHERIFF’S OFFICE,FRANKLIN,MACON,NC0570000,current,,NC0570000,Macon County Sheriff's Office,county,Macon
NC,LAW ENFORCEMENT NORTH CAROLINA,SHERIFF'S OFFICE,MARSHALL,MADISON,NC0580000,current,,NC0580000,Madison County Sheriff's Office,county,Madison
NC,LAW ENFORCEMENT NORTH CAROLINA,SHERIFF'S OFFICE,WILLIAMSTON,MARTIN,NC0590000,current,,NC0590000,Martin County Sheriff's Office,county,Martin
NC,LAW ENFORCEMENT NORTH CAROLINA,SHERIFF'S OFFICE,MARION,MC DOWELL,NC0560000,current,yes,NC0560000,McDowell County Sheriff's Office,county,McDowell
NC,LAW ENFORCEMENT NORTH CAROLINA,SHERIFF’S OFFICE,CHARLOTTE,MECKLENBURG,NC0600000,not_found,,,,,
NC,LAW ENFORCEMENT NORTH CAROLINA,SHERIFF’S OFFICE,BAKERSVILLE,MITCHELL,NC0610000,current,,NC0610000,Mitchell County Sheriff's Office,county,Mitchell
NC,LAW ENFORCEMENT NORTH CAROLINA,SHERIFF'S OFFICE,CARTHAGE,MOORE,NC0630000,current,,NC0630000,Moore County Sheriff's Office,county,Moore
NC,LAW ENFORCEMENT NORTH CAROLINA,SHERIFF'S OFFICE,TROY,MONTGOMERY,NC0620000,current,,NC0620000,Montgomery County Sheriff's Office,county,Montgomery
NC,LAW ENFORCEMENT NORTH CAROLINA,SHERIFF'S OFFICE,NASHVILLE,NASH,NC0640000,current,,NC0640000,Nash County Sheriff's Office,county,Nash
NC,LAW ENFORCEMENT NORTH CAROLINA,SHERIFF’S OFFICE,WILMINGTON,NEW HANOVER,NC0650000,current,,NC0650000,New Hanover County Sheriff's Office,county,New Hanover
NC,LAW ENFORCEMENT NORTH CAROLINA,SHERIFF’S OFFICE,JACKSON,NORTHAMPTON,NC0660000,current,,NC0660000,Northampton County Sheriff's Office,county,Northampton
NC,LAW ENFORCEMENT NORTH CAROLINA,SHERIFF'S OFFICE,JACKSONVILLE,ONSLOW,NC0670000,current,,NC0670000,Onslow County Sheriff's Office,county,Onslow
NC,LAW ENFORCEMENT NORTH CAROLINA,SHERIFF'S OFFICE,HILLSBOROUGH,ORANGE,NC0680000,current,,NC0680000,Orange County Sheriff's Office,county,Orange
NC,LAW ENFORCEMENT NORTH CAROLINA,SHERIFF'S OFFICE,BAYBORO,PAMLICO,NC0690000,current,,NC0690000,Pamlico County Sheriff's Office,county,Pamlico
NC,LAW ENFORCEMENT NORTH CAROLINA,SHERIFF'S OFFICE,ELIZABETH CITY,PASQUOTANK,NC0700000,current,,NC0700000,Pasquotank County Sheriff's Office,county,Pasquotank
NC,LAW ENFORCEMENT NORTH CAROLINA,SHERIFF'S OFFICE,BURGAW,PENDER,NC0710000,current,,NC0710000,Pender County Sheriff's Office,county,Pender
NC,LAW ENFORCEMENT NORTH CAROLINA,SHERIFF’S OFFICE,HERTFORD,PERQUIMANS,NC0720000,current,,NC0720000,Perquimans County Sheriff's Office,county,Perquimans
NC,LAW ENFORCEMENT NORTH CAROLINA,SHERIFF'S OFFICE,ROXBORO,PERSON,NC0730000,current,,NC0730000,Person County Sheriff's Office,county,Person
NC,LAW ENFORCEMENT NORTH CAROLINA,SHERIFF’S OFFICE,GREENVILLE,PIH,NC0740000,current,yes,NC0740000,Pitt County Sheriff's Office,county,Pitt
NC,LAW ENFORCEMENT NORTH CAROLINA,SHERIFF'S OFFICE,COLUMBUS,POLK,NC0750000,current,,NC0750000,Polk County Sheriff's Office,county,Polk
NC,LAW ENFORCEMENT NORTH CAROLINA,SHERIFF'S OFFICE,ASHEBORO,RANDOLPH,NC0760000,current,,NC0760000,Randolph County Sheriff's Office,county,Randolph
NC,LAW ENFORCEMENT NORTH CAROLINA,SHERIFF'S OFFICE,ROCKINGHAM,RICHMOND,NC0770000,current,,NC0770000,Richmond County Sheriff's Office,county,Richmond
NC,LAW ENFORCEMENT NORTH CAROLINA,SHERIFF'S OFFICE,LUMBERTON,ROBESON,NC0780000,current,,NC0780000,Robeson County Sheriff's Office,county,Robeson
NC,LAW ENFORCEMENT NORTH CAROLINA,SHERIFF'S OFFICE,SALISBURY,ROWAN,NC0800000,current,,NC0800000,Rowan County Sheriff's Office,county,Rowan
NC,LAW ENFORCEMENT NORTH CAROLINA,SHERIFF’S OFFICE,WENTWORTH,ROCKINGHAM,NC0790000,current,,NC0790000,Rockingham County Sheriff's Office,county,Rockingham
NC,LAW ENFORCEMENT NORTH CAROLINA,SHERIFF'S OFFICE,RUTHERFORDTON,RUTHERFORD,NC0810000,current,,NC0810000,Rutherford County Sheriff's Office,county,Rutherford
NC,LAW ENFORCEMENT NORTH CAROLINA,SHERIFF'S OFFICE,CLINTON,SAMPSON,NC0820000,current,,NC0820000,Sampson County Sheriff's Office,county,Sampson
NC,LAW ENFORCEMENT NORTH CAROLINA,SHERIFF’S OFFICE,LAURINBURG,SCOTLAND,NC0830000,current,,NC0830000,Scotland County Sheriff's Office,county,Scotland
NC,LAW ENFORCEMENT NORTH CAROLINA,SHERIFF'S OFFICE,ALBEMARLE,STANLY,NC0840000,current,,NC0840000,Stanly County Sheriff's Office,county,Stanly
NC,LAW ENFORCEMENT NORTH CAROLINA,SHERIFF'S OFFICE,DANBURY,STOKES,NC0850000,current,,NC0850000,Stokes County Sheriff's Office,county,Stokes
NC,LAW ENFORCEMENT NORTH CAROLINA,SHERIFF'S OFFICE,MOUNT AIRY,SURRY,NC0860000,current,,NC0860000,Surry County Sheriff's Office,county,Surry
NC,LAW ENFORCEMENT NORTH CAROLINA,SHERIFF'S OFFICE,BRYSON CITY,SWAIN,NC0870000,current,,NC0870000,Swain County Sheriff's Office,county,Swain
NC,LAW ENFORCEMENT NORTH CAROLINA,SHERIFF'S OFFICE,BREVARD,TRANSYLVANIA,NG0880000,not_found,,,,,
NC,LAW ENFORCEMENT NORTH CAROLINA,SHERIFF’S OFFICE,COLUMBIA,TYRRELL,NC0890000,current,,NC0890000,Tyrrell County Sheriff's Office,county,Tyrrell
NC,LAW ENFORCEMENT NORTH CAROLINA,SHERIFF'S OFFICE,MONROE,UNION,NC0900000,current,,NC0900000,Union County Sheriff's Office,county,Union
NC,LAW ENFORCEMENT NORTH CAROLINA,SHERIFF’S OFFICE,HENDERSON,VANCE,NC0910000,current,,NC0910000,Vance County Sheriff's Office,county,Vance
NC,LAW ENFORCEMENT NORTH CAROLINA,SHERIFF’S OFFICE,BOONE,WATAUGA,NC0950000,current,,NC0950000,Watauga County Sheriff's Office,county,Watauga
NC,LAW ENFORCEMENT NORTH CAROLINA,SHERIFF'S OFFICE,GOLDSBORO,WAYNE,NC0960000,current,,NC0960000,Wayne County Sheriff's Office,county,Wayne
NC,LAW ENFORCEMENT NORTH CAROLINA,SHERIFF'S OFFICE,PLYMOUTH,Washington,NC0940000,current,,NC0940000,Washington County Sheriff's Office,county,Washington
NC,LAW ENFORCEMENT NORTH CAROLINA,SHERIFF'S OFFICE,RALEIGH,wake,NC0920000,current,,NC0920000,Wake County Sheriff's Office,county,Wake
NC,LAW ENFORCEMENT NORTH CAROLINA,SHERIFF'S OFFICE,WARRENTON,WARREN,NC0930000,current,,NC0930000,Warren County Sheriff's Office,county,Warren
NC,LAW ENFORCEMENT NORTH CAROLINA,SHERIFF'S OFFICE,WILKESBORO,WILKES,NC0970000,current,,NC0970000,Wilkes County Sheriff's Office,county,Wilkes
NC,LAW ENFORCEMENT NORTH CAROLINA,SHERIFF'S OFFICE,WILSON,WILSON,NC0980000,current,,NC0980000,Wilson County Sheriff's Office,county,Wilson
NC,LAW ENFORCEMENT NORTH CAROLINA,SHERIFF'S OFFICE,BURNSVILLE,YANCEY,NC1000000,current,,NC1000000,Yancey County Sheriff's Office,county,Yancey
NC,LAW ENFORCEMENT NORTH CAROLINA,SHERIFF'S OFFICE,YADKINVILLE,YADKIN,NC0990000,current,,NC0990000,Yadkin County Sheriff's Office,county,Yadkin
NC,LAW ENFORCEMENT NORTH CAROLINA,SHERIFF’SOFFICE,NEWLAND,AVERY,NC0060000,current,,NC0060000,Avery County Sheriff's Office,county,Avery
NC,LAW ENFORCEMENT NORTH CAROLINA,SILER CITY PD,SILER CITY,CHATHAM,NC0190100,current,,NC0190100,Siler City Police Department,city,Chatham
NC,LAW ENFORCEMENT NORTH CAROLINA,SIMS PD,SIMS,WILSON,NC0980700,not_found,,,,,
NC,LAW ENFORCEMENT NORTH CAROLINA,SMITHFIELD PD,SMITHFIELD,JOHNSTON,NC0510100,current,,NC0510100,Smithfield Police Department,city,Johnston
NC,LAW ENFORCEMENT NORTH CAROLINA,*SHERIFF'S OFFICE,SMITHFIELD,JOHNSTON,NC0510000,current,,NC0510000,Johnston County Sheriff's Office,county,Johnston
NC,LAW ENFORCEMENT NORTH CAROLINA,SNOW HILL PD,SNOW HILL,GREENE,NC0400200,current,,NC0400200,Snow Hill Police Department,city,Greene
NC,LAW ENFORCEMENT NORTH CAROLINA,*SHERIFF’S OFFICE,SNOW HILL,GREENE,NC0400000,current,,NC0400000,Greene County Sheriff's Office,county,Greene
NC,LAW ENFORCEMENT NORTH CAROLINA,SOUTHERN PINES PD,SOUTHERN PINES,MOORE,NC0630400,current,,NC0630400,Southern Pines Police Department,city,Moore
NC,LAW ENFORCEMENT NORTH CAROLINA,SOUTHPORT PD,SOUTHPORT,BRUNSWICK,NC0100300,current,,NC0100300,Southport Police Department,city,Brunswick
NC,LAW ENFORCEMENT NORTH CAROLINA,*SHERIFF'S OFFICE,SOUTHPORT,BRUNSWICK,NC0100000,current,,NC0100000,Brunswick County Sheriff's Office,county,Brunswick
NC,LAW ENFORCEMENT NORTH CAROLINA,*YAUPON BEACH PD,SOUTHPORT,BRUNSWICK,NC0100600,not_found,,,,,
NC,LAW ENFORCEMENT NORTH CAROLINA,SPARTA PD,SPARTA,ALLEGHANY,NC0030100,current,,NC0030100,Sparta Police Department,city,Alleghany
NC,LAW ENFORCEMENT NORTH CAROLINA,*SHERIFF'S OFFICE,SPARTA,ALLEGHANY,NC0030000,current,,NC0030000,Alleghany County Sheriff's Office,county,Alleghany
NC,LAW ENFORCEMENT NORTH CAROLINA,SPENCER PD,SPENCER,ROWAN,NC0800700,current,,NC0800700,Spencer Police Department,city,Rowan
NC,LAW ENFORCEMENT NORTH CAROLINA,SPINDALE PD,SPINDALE,RUTHERFORD,NC0810300,current,,NC0810300,Spindale Police Department,city,Rutherford
NC,LAW ENFORCEMENT NORTH CAROLINA,SPRING HOPE PD,SPRING HOPE,NASH,NC0640200,current,,NC0640200,Spring Hope Police Department,city,Nash
NC,LAW ENFORCEMENT NORTH CAROLINA,SPRING LAKE PD,SPRING LAKE,CUMBERLAND,NC0260300,current,,NC0260300,Spring Lake Police Department,city,Cumberland
NC,LAW ENFORCEMENT NORTH CAROLINA,SPRUCE PINE PD,SPRUCE PINE,MITCHELL,NC0610100,current,,NC0610100,Spruce Pine Police Department,city,Mitchell
NC,LAW ENFORCEMENT NORTH CAROLINA,ST. PAULS PD,ST. PAULS,ROBESON,NC0780400,current,,NC0780400,St. Pauls Police Department,city,Robeson
NC,LAW ENFORCEMENT NORTH CAROLINA,STANFIELD PD,STANFIELD,STANLEY,NC0840400,current,,NC0840400,Stanfield Police Department,city,Stanly
NC,LAW ENFORCEMENT NORTH CAROLINA,STANLEY PD,STANLEY,GASTON,NC0360700,current,,NC0360700,Stanley Police Department,city,Gaston
NC,LAW ENFORCEMENT NORTH CAROLINA,STANTONSBURG PD,STANTONSBURG,WILSON,NC0980600,not_found,,,,,
NC,LAW ENFORCEMENT NORTH CAROLINA,STAR PD,STAR,MONTGOMERY,NC0620500,current,,NC0620500,Star Police Department,city,Montgomery
NC,LAW ENFORCEMENT NORTH CAROLINA,STATE BUREAU OF INVESTIGATION,GREENSBORO,N/A,NCBCINPOO,not_found,,,,,
NC,LAW ENFORCEMENT NORTH CAROLINA,STATE BUREAU OF INVESTIGATION,FAYETTEVILLE,N/A,NCBCISEOO,not_found,,,,,
NC,LAW ENFORCEMENT NORTH CAROLINA,STATE BUREAU OF INVESTIGATION,GREENVILLE,N/A,NCBCINEOO,not_found,,,,,
NC,LAW ENFORCEMENT NORTH CAROLINA,STATE BUREAU OF INVESTIGATION SOUTHEASTER,KANNAPOLIS,N/A,NCBCISPOO,not_found,,,,,
NC,LAW ENFORCEMENT NORTH CAROLINA,STATE BUREAU OF INVESTIGATION,RALEIGH,N/A,NCBCI0000,current,,NCBCI0000,North Carolina State Bureau of Investigation,other_state,
NC,LAW ENFORCEMENT NORTH CAROLINA,STATE BUREAU OF INVESTIGATION,ASHEVILLE,N/A,NCBCIW000,not_found,,,,,
NC,LAW ENFORCEMENT NORTH CAROLINA,STATE BUREAU OF INVESTIGATION,CARY,N/A,NCBCIC000,not_found,,,,,
NC,LAW ENFORCEMENT NORTH CAROLINA,STATE CAPITOL POLICE,RALEIGH,WAKE,NC0921200,current,,NC0921200,State Capitol Police,other_state,Wake
NC,LAW ENFORCEMENT NORTH CAROLINA,STATESVILLE PD,STATESVILLE,IREDELL,NC0490200,current,,NC0490200,Statesville Police Department,city,Iredell
NC,LAW ENFORCEMENT NORTH CAROLINA,*SHERIFF'S OFFICE,STATESVILLE,IREDELL,NC0490000,current,,NC0490000,Iredell County Sheriff's Office,county,Iredell
NC,LAW ENFORCEMENT NORTH CAROLINA,STONEVILLE PD,STONEVILLE,ROCKINGHAM,NC0790700,current,,NC0790700,Stoneville Police Department,city,Rockingham
NC,LAW ENFORCEMENT NORTH CAROLINA,STOVALL PD,STOVALL,GRANVILLE,NC0390400,not_found,,,,,
NC,LAW ENFORCEMENT NORTH CAROLINA,SUNSET BEACH PD,SUNSET BEACH,BRUNSWICK,NC0100700,current,,NC0100700,Sunset Beach Police Department,city,Brunswick
NC,LAW ENFORCEMENT NORTH CAROLINA,SURF CITY PD,SURF CITY,PENDER,NC0710300,current,,NC0710300,Surf City Police Department,city,"Onslow, Pender"
NC,LAW ENFORCEMENT NORTH CAROLINA,SWANSBORO PD,SWANSBORO,ONSLOW,NC0670400,current,,NC0670400,Swansboro Police Department,city,Onslow
NC,LAW ENFORCEMENT NORTH CAROLINA,*CAPE CARTERET PD,SWANSBORO,CARTERET,NC0160500,current,,NC0160500,Cape Carteret Police Department,city,Carteret
NC,LAW ENFORCEMENT NORTH CAROLINA,SYLVA PD,SYLVA,JACKSON,NC0500100,current,,NC0500100,Sylva Police Department,city,Jackson
NC,LAW ENFORCEMENT NORTH CAROLINA,*SHERIFF’S OFFICE,SYLVA,JACKSON,NC0500000,current,,NC0500000,Jackson County Sheriff's Office,county,Jackson
NC,LAW ENFORCEMENT NORTH CAROLINA,TABOR CITY PD,TABOR CITY,COLUMBUS,NC0240400,current,,NC0240400,Tabor City Police Department,city,Columbus
NC,LAW ENFORCEMENT NORTH CAROLINA,TARBORO,TARBORO,EDGECOMBE,NC0330200,current,,NC0330200,Tarboro Police Department,city,Edgecombe
NC,LAW ENFORCEMENT NORTH CAROLINA,TAYLORSVILLE PD,TAYLORSVILLE,ALEXANDER,NC0020100,current,,NC0020100,Taylorsville Police Department,city,Alexander
NC,LAW ENFORCEMENT NORTH CAROLINA,*SHERIFF'S OFFICE,TAYLORSVILLE,ALEXANDER,NC0020000,current,,NC0020000,Alexander County Sheriff's Office,county,Alexander
NC,LAW ENFORCEMENT NORTH CAROLINA,THOMASVILLE PD,THOMASVILLE,DAVIDSON,NC0290200,current,,NC0290200,Thomasville Police Department,city,"Davidson, Randolph"
NC,LAW ENFORCEMENT NORTH CAROLINA,TROY PD,TROY,MONTGOMERY,NC0620100,current,,NC0620100,Troy Police Department,city,Montgomery
NC,LAW ENFORCEMENT NORTH CAROLINA,*SHERIFF'S OFFICE,TROY,MONTGOMERY,NC0620000,current,,NC0620000,Montgomery County Sheriff's Office,county,Montgomery
NC,LAW ENFORCEMENT NORTH CAROLINA,TRYON PD,TRYON,POLK,NC0750100,current,,NC0750100,Tryon Police Department,city,Polk
NC,LAW ENFORCEMENT NORTH CAROLINA,VALDESE PD,VALDESE,BURKE,NC0120200,current,,NC0120200,Valdese Police Department,city,Burke
NC,LAW ENFORCEMENT NORTH CAROLINA,VANCEBORO PD,VANCEBORO,CRAVEN,NC0250300,current,,NC0250300,Vanceboro Police Department,city,Craven
NC,LAW ENFORCEMENT NORTH CAROLINA,VASS PD,VASS,MOORE,NC0630700,current,,NC0630700,Vass Police Department,city,Moore
NC,LAW ENFORCEMENT NORTH CAROLINA,WADESBORO PD,WADESBORO,ANSON,NC0040100,current,,NC0040100,Wadesboro Police Department,city,Anson
NC,LAW ENFORCEMENT NORTH CAROLINA,*SHERIFF'S OFFICE,WADESBORO,ANSON,NC0040000,current,,NC0040000,Anson County Sheriff's Office,county,Anson
NC,LAW ENFORCEMENT NORTH CAROLINA,WAGRAM PD,WAGRAM,SCOTLAND,NC0Ö30300,not_found,,,,,
NC,LAW ENFORCEMENT NORTH CAROLINA,WAKE FOREST PD,WAKE FOREST,WAKE,NC0920700,current,,NC0920700,Wake Forest Police Department,city,"Franklin, Wake"
NC,LAW ENFORCEMENT NORTH CAROLINA,WALLACE PD,WALLACE,DUPLIN,NC0310100,current,,NC0310100,Wallace Police Department,city,Duplin
NC,LAW ENFORCEMENT NORTH CAROLINA,WALNUT COVE PD,WALNUT COVE,STOKES,NC08501Ò0,not_found,,,,,
NC,LAW ENFORCEMENT NORTH CAROLINA,WARRENTON PD,WARRENTON,WARREN,NC0930200,current,,NC0930200,Warrenton Police Department,city,Warren
NC,LAW ENFORCEMENT NORTH CAROLINA,*SHERIFF'S OFFICE,WARRENTON,WARREN,NC0930000,current,,NC0930000,Warren County Sheriff's Office,county,Warren
NC,LAW ENFORCEMENT NORTH CAROLINA,WARSAW PD,WARSAW,DUPLIN,NC0310600,current,,NC0310600,Warsaw Police Department,city,Duplin
NC,LAW ENFORCEMENT NORTH CAROLINA,WASHINGTON PD,WASHINGTON,BEAUFORT,NC007010Q,likely_ocr_error,,NC0070100,Washington Police Department,city,Beaufort
NC,LAW ENFORCEMENT NORTH CAROLINA,*SHERIFF'S OFFICE,WASHINGTON,BEAUFORT,NÜ0070000,not_found,,,,,
NC,LAW ENFORCEMENT NORTH CAROLINA,WAXHAW PD,WAXHAW,UNION,NC0900300,current,,NC0900300,Waxhaw Police Department,city,Union
NC,LAW ENFORCEMENT NORTH CAROLINA,WAYNESVILLE PD,WAYNESVILLE,HAYWOOD,NC0440200,current,,NC0440200,Waynesville Police Department,city,Haywood
NC,LAW ENFORCEMENT NORTH CAROLINA,*SHERIFF'S OFFICE,WAYNESVILLE,HAYWOOD,NC0440000,current,,NC0440000,Haywood County Sheriff's Office,county,Haywood
NC,LAW ENFORCEMENT NORTH CAROLINA,WEAVERVILLE PD,WEAVERVILLE,BUNCOMBE,NC0110400,current,,NC0110400,Weaverville Police Department,city,Buncombe
NC,LAW ENFORCEMENT NORTH CAROLINA,WELDON PD,WELDON,HALIFAX,NC0420700,current,,NC0420700,Weldon Police Department,city,Halifax
NC,LAW ENFORCEMENT NORTH CAROLINA,WENDELL PD,WENDELL,WAKE,NC0920800,current,,NC0920800,Wendell Police Department,city,Wake
NC,LAW ENFORCEMENT NORTH CAROLINA,WEST JEFFERSON PD,WEST JEFFERSON,ASHE,NC0050100,current,,NC0050100,West Jefferson Police Department,city,Ashe
NC,LAW ENFORCEMENT NORTH CAROLINA,WHISPERING PINES PD,WHISPERING PINES,MOORE,NC0630800,current,,NC0630800,Whispering Pines Police Department,city,Moore
NC,LAW ENFORCEMENT NORTH CAROLINA,WHITAKERS PD,WHITAKERS,NASH,NC0640700,current,,NC0640700,Whitakers Police Department,city,"Edgecombe, Nash"
NC,LAW ENFORCEMENT NORTH CAROLINA,WHITE LAKE PD,WHITE LAKE,BLADEN,NC0090400,current,,NC0090400,White Lake Police Department,city,Bladen
NC,LAW ENFORCEMENT NORTH CAROLINA,WHITEVILLE PD,WHITEVILLE,COLUMBUS,NC0240500,current,,NC0240500,Whiteville Police Department,city,Columbus
NC,LAW ENFORCEMENT NORTH CAROLINA,*COLUMBUS COUNTY RURAL PD,WHITEVILLE,COLUMBUS,NC0240800,not_found,,,,,
NC,LAW ENFORCEMENT NORTH CAROLINA,*COLUMBUS COUNTY BUREAU OF IDENTIFICATION,WHITEVILLE,COLUMBUS,NC0240100,not_found,,,,,
NC,LAW ENFORCEMENT NORTH CAROLINA,*SHERIFF'S OFFICE,WHITEVILLE,COLUMBUS,NC0240000,current,,NC0240000,Columbus County Sheriff's Office,county,Columbus
NC,LAW ENFORCEMENT NORTH CAROLINA,WILDLIFE PROTECTION DIV,RALEIGH,N/A,NCWLF0000,current,,NCWLF0000,Department of Wildlife,other_state,
NC,LAW ENFORCEMENT NORTH CAROLINA,WILKESBORO PD,WILKESBORO,WILKES,NC097020I),not_found,,,,,
NC,LAW ENFORCEMENT NORTH CAROLINA,*SHERIFF'S OFFICE,WILKESBORO,WILKES,NC0970000,current,,NC0970000,Wilkes County Sheriff's Office,county,Wilkes
NC,LAW ENFORCEMENT NORTH CAROLINA,WILLIAMSTON PD,WILLIAMSTON,MARTIN,NC0590100,current,,NC0590100,Williamston Police Department,city,Martin
NC,LAW ENFORCEMENT NORTH CAROLINA,*SHERIFF'S OFFICE,WILLIAMSTON,MARTIN,NC0590000,current,,NC0590000,Martin County Sheriff's Office,county,Martin
NC,LAW ENFORCEMENT NORTH CAROLINA,*HIGHWAY PATROL TROOP A,WILLIAMSTON,N/A,NCNHP0100,not_found,,,,,
NC,LAW ENFORCEMENT NORTH CAROLINA,WILMINGTON PD,WILMINGTON,NEW HANOVER,NC0650200,current,,NC0650200,Wilmington Police Department,city,New Hanover
NC,LAW ENFORCEMENT NORTH CAROLINA,*SHERIFF'S OFFICE,WILMINGTON,NEW HANOVER,NC0650000,current,,NC0650000,New Hanover County Sheriff's Office,county,New Hanover
NC,LAW ENFORCEMENT NORTH CAROLINA,WILSON PD,WILSON,WILSON,NC0980100,current,,NC0980100,Wilson Police Department,city,Wilson
NC,LAW ENFORCEMENT NORTH CAROLINA,*SHERIFF’S OFFICE,WILSON,WILSON,NC0980000,current,,NC0980000,Wilson County Sheriff's Office,county,Wilson
NC,LAW ENFORCEMENT NORTH CAROLINA,WINDSOR PD,WINDSOR,BERTIE,NC0080200,current,,NC0080200,Windsor Police Department,city,Bertie
NC,LAW ENFORCEMENT NORTH CAROLINA,*ASKEWVILLE PD,WINDSOR,BERTIE,NC0080500,not_found,,,,,
NC,LAW ENFORCEMENT NORTH CAROLINA,‘SHERIFF’S OFFICE,WINDSOR,BERTIE,NC0080000,current,,NC0080000,Bertie County Sheriff's Office,county,Bertie
NC,LAW ENFORCEMENT NORTH CAROLINA,WINGATE PD,WINGATE,UNION,NC0900400,current,,NC0900400,Wingate Police Department,city,Union
NC,LAW ENFORCEMENT NORTH CAROLINA,WINSTON-SALEM PD,WINSTON-SALEM,FORSYTH,NC0340200,current,,NC0340200,Winston-Salem Police Department,city,Forsyth
NC,LAW ENFORCEMENT NORTH CAROLINA,*SHERIFF'S OFFICE,WINSTON-SALEM,FORSYTH,NC0340000,current,,NC0340000,Forsyth County Sheriff's Office,county,Forsyth
NC,LAW ENFORCEMENT NORTH CAROLINA,WINTERVILLE PD,WINTERVILLE,pin,NC0740800,current,,NC0740800,Winterville Police Department,city,Pitt
NC,LAW ENFORCEMENT NORTH CAROLINA,WINTON PD,WINTON,HERTFORD,NC0460300,current,,NC0460300,Winton Police Department,city,Hertford
NC,LAW ENFORCEMENT NORTH CAROLINA,*SHERIFF'S OFFICE,WINTON,HERTFORD,NC0460000,current,,NC0460000,Hertford County Sheriff's Office,county,Hertford
NC,LAW ENFORCEMENT NORTH CAROLINA,WOODFIN PD,ASHEVILLE,BUNCOMBE,NC0110600,current,,NC0110600,Woodfin Police Department,city,Buncombe
NC,LAW ENFORCEMENT NORTH CAROLINA,WOODLAND PD,WOODLAND,NORTHAMPTON,NC0660600,current,,NC0660600,Woodland Police Department,city,Northampton
NC,LAW ENFORCEMENT NORTH CAROLINA,WRIGHTSVILLE BEACH PD,WRIGHTSVILLE BEACH,NEW HANOVER,NC0650300,current,,NC0650300,Wrightsville Beach Police Department,city,New Hanover
NC,LAW ENFORCEMENT NORTH CAROLINA,YADKINVILLE PD,YADKINVILLE,YADKIN,NC0990200,current,,NC0990200,Yadkinville Police Department,city,Yadkin
NC,LAW ENFORCEMENT NORTH CAROLINA,*SHERIFF'S OFFICE,YADKINVILLE,YADKIN,NC0990000,current,,NC0990000,Yadkin County Sheriff's Office,county,Yadkin
NC,LAW ENFORCEMENT NORTH CAROLINA,YAUPON BEACH PD,SOUTHPORT,BRUNSWICK,NC0100600,not_found,,,,,
NC,LAW ENFORCEMENT NORTH CAROLINA,YOUNGSVILLE PD,YOUNGSVILLE,FRANKLIN,NC0350300,current,,NC0350300,Youngsville Police Department,city,Franklin
NC,LAW ENFORCEMENT NORTH CAROLINA,ZEBULON PD,ZEBULON,WAKE,NC0920900,current,,NC0920900,Zebulon Police Department,city,Wake
NC,FEDERAL AGENCIES NORTH CAROLINA,"BUREAU OF ALCOHOL, TOBACCO AND FIREARMS",ASHEVILLE,N/A,NCATF0100,federal,,,,,
NC,FEDERAL AGENCIES NORTH CAROLINA,"BUREAU OF ALCOHOL, TOBACCO AND FIREARMS",FAYETTEVILLE,N/A,NCATF0500,federal,,,,,
NC,FEDERAL AGENCIES NORTH CAROLINA,"BUREAU OF ALCOHOL, TOBACCO AND FIREARMS",WILMINGTON,N/A,NCATF1400,federal,,,,,
NC,FEDERAL AGENCIES NORTH CAROLINA,"BUREAU OF ALCOHOL, TOBACCO AND FIREARMS",GOLDSBORO,N/A,NCATF0600,federal,,,,,
NC,FEDERAL AGENCIES NORTH CAROLINA,"BUREAU OF ALCOHOL, TOBACCO AND FIREARMS",ELIZABETH CITY,N/A,NCATF0400,federal,,,,,
NC,FEDERAL AGENCIES NORTH CAROLINA,"BUREAU OF ALCOHOL, TOBACCO AND FIREARMS",ROCKY MOUNT,N/A,NCATF1000,federal,,,,,
NC,FEDERAL AGENCIES NORTH CAROLINA,"BUREAU OF ALCOHOL, TOBACCO AND FIREARMS",DUNN,N/A,NCATF0300,federal,,,,,
NC,FEDERAL AGENCIES NORTH CAROLINA,"BUREAU OF ALCOHOL, TOBACCO AND FIREARMS",SALISBURY,N/A,NCATF1100,federal,,,,,
NC,FEDERAL AGENCIES NORTH CAROLINA,"BUREAU OF ALCOHOL, TOBACCO AND FIREARMS",WILKESBORO,N/A,NCATF1200,federal,,,,,
NC,FEDERAL AGENCIES NORTH CAROLINA,"BUREAU OF ALCOHOL, TOBACCO AND FIREARMS",RALEIGH,N/A,NCATF0900,federal,,,,,
NC,FEDERAL AGENCIES NORTH CAROLINA,"BUREAU OF ALCOHOL, TOBACCO AND FIREARMS",CHARLOTTE,N/A,NCATFCE00,federal,,,,,
NC,FEDERAL AGENCIES NORTH CAROLINA,"BUREAU OF ALCOHOL, TOBACCO AND FIREARMS",HICKORY,N/A,NCATF0700,federal,,,,,
NC,FEDERAL AGENCIES NORTH CAROLINA,"BUREAU OF ALCOHOL, TOBACCO AND FIREARMS",NEW BERN,N/A,NCATF0800,federal,,,,,
NC,FEDERAL AGENCIES NORTH CAROLINA,"BUREAU OF ALCOHOL, TOBACCO AND FIREARMS",WINSTON-SALEM,N/A,NCATF0200,federal,,,,,
NC,FEDERAL AGENCIES NORTH CAROLINA,"BUREAU OF ALCOHOL, TOBACCO AND FIREARMS",WILLIAMSTON,N/A,NCATF1300,federal,,,,,
NC,FEDERAL AGENCIES NORTH CAROLINA,BUREAU OF CUSTOMS CUSTOMS AGENCY SERVICE,WILMINGTON,N/A,NCCASWI00,federal,,,,,
NC,FEDERAL AGENCIES NORTH CAROLINA,BUREAU OF NARCOTICS AND DANGEROUS DRUGS,GREENSBORO,N/A,NCBNDGR00,federal,,,,,
NC,FEDERAL AGENCIES NORTH CAROLINA,CAMP MACKALL,HOFFMAN,N/A,NCUSA0000,federal,,,,,
NC,FEDERAL AGENCIES NORTH CAROLINA,CAPE HATTERAS NATIONAL SEASHORE,MANTEO,N/A,NCDI00100,federal,,,,,
NC,FEDERAL AGENCIES NORTH CAROLINA,CHARLOTTE ARMY MISSILE PLANT,CHARLOTTE,N/A,NCUSA0100,federal,,,,,
NC,FEDERAL AGENCIES NORTH CAROLINA,DRUG ENFORCEMENT ADMINISTRATION,WILMINGTON,N/A,NCDEA0200,federal,,,,,
NC,FEDERAL AGENCIES NORTH CAROLINA,DRUG ENFORCEMENT ADMINISTRATION,GREENSBORO,N/A,NCDEA0100,federal,,,,,
NC,FEDERAL AGENCIES NORTH CAROLINA,FPI,CHARLOTTE,N/A,NCFBICE00,federal,,,,,
NC,FEDERAL AGENCIES NORTH CAROLINA,"FORCE TROOPS, FMFLANT",CAMP LEJEUNE,N/A,NCMC00600,federal,,,,,
NC,FEDERAL AGENCIES NORTH CAROLINA,FORT BRAGG,FAYETTEVILLE,N/A,NCUSA0200,federal,,,,,
NC,FEDERAL AGENCIES NORTH CAROLINA,INTERNAL REVENUE SERVICE INTELLIGENCE DIVISION,GREENSBORO,N/A,NCIRS5600,federal,,,,,
NC,FEDERAL AGENCIES NORTH CAROLINA,KINGS MOUNTAIN NATIONAL MILITARY PARK,KINGS MOUNTAIN,N/A,NCDI00200,federal,,,,,
NC,FEDERAL AGENCIES NORTH CAROLINA,"MAG 29, 2ND MARINE AIRCRAFT WING",JACKSONVILLE,N/A,NCMC00700,federal,,,,,
NC,FEDERAL AGENCIES NORTH CAROLINA,SECURITY POLICE,FORT FISHER AIR FORCE ST,N/A,NCAF00200,federal,,,,,
NC,FEDERAL AGENCIES NORTH CAROLINA,SEYMOUR JOHNSON USAF BASE,GOLDSBORO,N/A,NCAF00100,federal,,,,,
NC,FEDERAL AGENCIES NORTH CAROLINA,SUNNY POINT ARMY TERMINAL,SOUTHPORT,N/A,NCUSA0300,federal,,,,,
NC,FEDERAL AGENCIES NORTH CAROLINA,TARHEEL ARMY MISSILE PLANT,BURLINGTON,N/A,NCUSA0400,federal,,,,,
NC,FEDERAL AGENCIES NORTH CAROLINA,"U, S, COAST GUARD",ELIZABETH CITY,N/A,NCCG00000,federal,,,,,
NC,FEDERAL AGENCIES NORTH CAROLINA,U. S. CUSTOMS SERVICE INSPECTION AND CONTROL,WINSTON-SALEM,N/A,NCUSC0800,federal,,,,,
NC,FEDERAL AGENCIES NORTH CAROLINA,U. S. CUSTOMS SERVICE INSPECTION AND CONTROL,BEAUFORT,N/A,NCUSC0100,federal,,,,,
NC,FEDERAL AGENCIES NORTH CAROLINA,U. S. CUSTOMS SERVICE INSPECTION AND CONTROL,ELKIN,N/A,NCUSC0500,federal,,,,,
NC,FEDERAL AGENCIES NORTH CAROLINA,U. S. CUSTOMS SERVICE INSPECTION AND CONTROL,ELIZABETH,N/A,NCUSCMOO,federal,,,,,
NC,FEDERAL AGENCIES NORTH CAROLINA,U. S. CUSTOMS SERVICE INSPECTION AND CONTROL,DURHAM,N/A,NCUSC0300,federal,,,,,
NC,FEDERAL AGENCIES NORTH CAROLINA,U. S. CUSTOMS SERVICE INSPECTION AND CONTROL,CHARLOTTE,N/A,NCUSC0200,federal,,,,,
NC,FEDERAL AGENCIES NORTH CAROLINA,U. S. CUSTOMS SERVICE INSPECTION AND CONTROL,REIDSVILLE,N/A,NCUSC0600,federal,,,,,
NC,FEDERAL AGENCIES NORTH CAROLINA,U. S. CUSTOMS SERVICE INSPECTION AND CONTROL,WILMINGTON,N/A,NCUSC0700,federal,,,,,
NC,FEDERAL AGENCIES NORTH CAROLINA,U. S. MARINE CORPS CAMP LAJEUNE,CAMP LAJEUNE,N/A,NCMC00100,federal,,,,,
NC,FEDERAL AGENCIES NORTH CAROLINA,U. S. MARINE CORPS CHERRY POINT,CHERRY POINT,N/A,NCMC00200,federal,,,,,
NC,FEDERAL AGENCIES NORTH CAROLINA,"U, S. MARINE CORPS AIR FACILITY NEW RIVER",JACKSONVILLE,N/A,NCMC00300,federal,,,,,
NC,FEDERAL AGENCIES NORTH CAROLINA,U. S SECRET SERVICE,CHARLOTTE,N/A,NCSS10500,federal,,,,,
NC,FEDERAL AGENCIES NORTH CAROLINA,LI.S. CUSTOMS SERVICE OFFICE OF INVESTIGATIONS,WILMINGTON,N/A,NCUSC5000,federal,,,,,
NC,FEDERAL AGENCIES NORTH CAROLINA,U.S. SECRET SERVICE,RALEIGH,N/A,NCSS13300,federal,,,,,
NC,FEDERAL AGENCIES NORTH CAROLINA,UNITED STATES MARSHAL,ASHEVILLE,N/A,NCUSM0100,federal,,,,,
NC,FEDERAL AGENCIES NORTH CAROLINA,UNITED STATES MARSHAL,RALEIGH,N/A,NCUSM0300,federal,,,,,
NC,FEDERAL AGENCIES NORTH CAROLINA,UNITED STATES MARSHAL,GREENSBORO,N/A,NCUSM0200,federal,,,,,
NC,FEDERAL AGENCIES NORTH CAROLINA,2ND MARINE AIRCRAFT WING,CHERRY POINT,N/A,NCMC00400,federal,,,,,
NC,FEDERAL AGENCIES NORTH CAROLINA,2ND MARINE DIVISION,CAMP LEJEUNE,N/A,NCMC00500,federal,,,,,
NC,FEDERAL AGENCIES NORTH CAROLINA,NORTH CAROLINA OF DEPARTMENT,RALEIGH,N/A,NCDCORR00,federal,,,,,
ND,LAW ENFORCEMENT NORTH DAKOTA,ALEXANDER PD,ALEXANDER,MCKENZIE,N00270200,not_found,,,,,
ND,LAW ENFORCEMENT NORTH DAKOTA,ANAMOOSE PD,ANAMOOSE,MCHENRY,ND0250300,not_found,,,,,
ND,LAW ENFORCEMENT NORTH DAKOTA,ANETA PD,ANETA,NELSON,ND0320100,not_found,,,,,
ND,LAW ENFORCEMENT NORTH DAKOTA,ASHLEY PD,ASHLEY,MCINTOSH,ND0260100,not_found,,,,,
ND,LAW ENFORCEMENT NORTH DAKOTA,*SHERIFF'S OFFICE,ASHLEY,MCINTOSH,ND0260000,current,,ND0260000,McIntosh County Sheriff's Office,county,McIntosh
ND,LAW ENFORCEMENT NORTH DAKOTA,BEACH PD,BEACH,GOLDEN VALLEY,ND0170100,not_found,,,,,
ND,LAW ENFORCEMENT NORTH DAKOTA,*SHERIFF’S OFFICE,BEACH,GOLDEN VALLEY,ND0170000,current,,ND0170000,Golden Valley County Sheriff's Office,county,Golden Valley
ND,LAW ENFORCEMENT NORTH DAKOTA,BELFIELD PD,BELFIELD,STARK,ND0450200,not_found,,,,,
ND,LAW ENFORCEMENT NORTH DAKOTA,BEULAH PD,BEULAH,MERCER,ND0290100,current,,ND0290100,Beulah Police Department,city,Mercer
ND,LAW ENFORCEMENT NORTH DAKOTA,BISBEE PD,BISBEE,TOWNER,ND0480200,not_found,,,,,
ND,LAW ENFORCEMENT NORTH DAKOTA,BISMARCK PD,BISMARCK,BURLEIGH,ND0080100,current,,ND0080100,Bismarck Police Department,city,Burleigh
ND,LAW ENFORCEMENT NORTH DAKOTA,*SHERIFF'S OFFICE,BISMARCK,BURLEIGH,ND0080000,current,,ND0080000,Burleigh County Sheriff's Office,county,Burleigh
ND,LAW ENFORCEMENT NORTH DAKOTA,*HIGHWAY PATROL DISTRICT 7,BISMARCK,N/A,NDNHP0700,not_found,,,,,
ND,LAW ENFORCEMENT NORTH DAKOTA,*NORTH DAKOTA HIGHWAY PATROL (HEADQUARTERS),BISMARCK,N/A,NDNHP0000,current,,NDNHP0000,North Dakota Highway Patrol,state_police,
ND,LAW ENFORCEMENT NORTH DAKOTA,*NORTH DAKOTA RADIO,BISMARCK,N/A,NDRCD0000,not_found,,,,,
ND,LAW ENFORCEMENT NORTH DAKOTA,*NORTH DAKOTA BUREAU OF CRIMINAL INVESTIGATION,BISMARK,N/A,NDBCA0000,current,,NDBCA0000,North Dakota Bureau of Criminal Investigation,other_state,
ND,LAW ENFORCEMENT NORTH DAKOTA,BOTTINEAU PD,BOTTINEAU,BOTTINEAU,ND0050100,not_found,,,,,
ND,LAW ENFORCEMENT NORTH DAKOTA,*SHERIFF'S OFFICE,BOTTINEAU,BOTTINEAU,ND0050000,current,,ND0050000,Bottineau County Sheriff's Office,county,Bottineau
ND,LAW ENFORCEMENT NORTH DAKOTA,BOWBELLS PD,BOWBELLS,BURKE,ND0070100,not_found,,,,,
ND,LAW ENFORCEMENT NORTH DAKOTA,*SHERIFF'S OFFICE,BOWBELLS,BURKE,ND0070000,current,,ND0070000,Burke County Sheriff's Office,county,Burke
ND,LAW ENFORCEMENT NORTH DAKOTA,BOWDON PD,BOWDON,WELLS,ND0520200,not_found,,,,,
ND,LAW ENFORCEMENT NORTH DAKOTA,BOWMAN PD,BOWMAN,BOWMAN,ND0060100,current,,ND0060100,Bowman Police Department,city,Bowman
ND,LAW ENFORCEMENT NORTH DAKOTA,*SHERIFF'S OFFICE,BOWMAN,BOWMAN,ND0060000,current,,ND0060000,Bowman County Sheriff's Office,county,Bowman
ND,LAW ENFORCEMENT NORTH DAKOTA,BUXTON PD,BUXTON,TRAILL,ND0490300,not_found,,,,,
ND,LAW ENFORCEMENT NORTH DAKOTA,CANDO PD,CANDO,TOWNER,ND0480100,not_found,,,,,
ND,LAW ENFORCEMENT NORTH DAKOTA,*SHERIFF'S OFFICE,CANDO,TOWNER,ND0480000,current,,ND0480000,Towner County Sheriff's Office,county,Towner
ND,LAW ENFORCEMENT NORTH DAKOTA,CARRINGTON PD,CARRINGTON,FOSTER,ND0160100,current,,ND0160100,Carrington Police Department,city,Foster
ND,LAW ENFORCEMENT NORTH DAKOTA,SHERIFF'S OFFICE,CARRINGTON,FOSTER,ND0160000,current,,ND0160000,Foster County Sheriff's Office,county,Foster
ND,LAW ENFORCEMENT NORTH DAKOTA,CARSON PD,CARSON,GRANT,ND0190100,not_found,,,,,
ND,LAW ENFORCEMENT NORTH DAKOTA,*SHERIFF'S OFFICE,CARSON,GRANT,ND0190000,current,,ND0190000,Grant County Sheriff's Office,county,Grant
ND,LAW ENFORCEMENT NORTH DAKOTA,CASSELTON PD,CASSELTON,CASS,ND0090100,not_found,,,,,
ND,LAW ENFORCEMENT NORTH DAKOTA,CAVALIER PD,CAVALIER,PEMBINA,ND0340100,current,,ND0340100,Cavalier Police Department,city,Pembina
ND,LAW ENFORCEMENT NORTH DAKOTA,*SHERIFF’S OFFICE,CAVALIER,PEMBINA,ND0340000,current,,ND0340000,Pembina County Sheriff's Office,county,Pembina
ND,LAW ENFORCEMENT NORTH DAKOTA,CENTER PD,CENTER,OLIVER,ND0330100,not_found,,,,,
ND,LAW ENFORCEMENT NORTH DAKOTA,*SHERIFF'S OFFICE,CENTER,OLIVER,ND0330000,current,,ND0330000,Oliver County Sheriff's Office,county,Oliver
ND,LAW ENFORCEMENT NORTH DAKOTA,COLUMBUS PD,COLUMBUS,BURKE,ND0070200,not_found,,,,,
ND,LAW ENFORCEMENT NORTH DAKOTA,COOPERSTOWN PD,COOPERSTOWN,GRIGGS,ND0200100,not_found,,,,,
ND,LAW ENFORCEMENT NORTH DAKOTA,*SHERIFF'S OFFICE,COOPERSTOWN,GRIGGS,ND0200000,current,,ND0200000,Griggs County Sheriff's Office,county,Griggs
ND,LAW ENFORCEMENT NORTH DAKOTA,CROSBY PD,CROSBY,DIVIDE,ND0120100,not_found,,,,,
ND,LAW ENFORCEMENT NORTH DAKOTA,*SHERIFF'S OFFICE,CROSBY,DIVIDE,ND0120000,current,,ND0120000,Divide County Sheriff's Office,county,Divide
ND,LAW ENFORCEMENT NORTH DAKOTA,DAWSON PD,DAWSON,KIDDER,ND0220100,not_found,,,,,
ND,LAW ENFORCEMENT NORTH DAKOTA,DEVILS LAKE PD,DEVILS LAKE,RAMSEY,ND0360100,current,,ND0360100,Devils Lake Police Department,city,Ramsey
ND,LAW ENFORCEMENT NORTH DAKOTA,*HIGHWAY PATROL DISTRICT 3,DEVILS LAKE,N/A,NDNHP0300,not_found,,,,,
ND,LAW ENFORCEMENT NORTH DAKOTA,*SHERIFF'S OFFICE,DEVILS LAKE,RAMSEY,ND0360000,current,,ND0360000,Ramsey County Sheriff's Office,county,Ramsey
ND,LAW ENFORCEMENT NORTH DAKOTA,DICKINSON PD,DICKINSON,STARK,ND0450100,current,,ND0450100,Dickinson Police Department,city,Stark
ND,LAW ENFORCEMENT NORTH DAKOTA,*HIGHWAY PATROL DISTRICT 8,DICKINSON,N/A,NDNHP0800,not_found,,,,,
ND,LAW ENFORCEMENT NORTH DAKOTA,*SHERIFF'S OFFICE,DICKINSON,STARK,ND0450000,current,,ND0450000,Stark County Sheriff's Office,county,Stark
ND,LAW ENFORCEMENT NORTH DAKOTA,DRAKE PD,DRAKE,MCHENRY,ND0250400,not_found,,,,,
ND,LAW ENFORCEMENT NORTH DAKOTA,DRAYTON PD,DRAYTON,PEMBINA,ND0340300,current,,ND0340300,Drayton Police Department,city,Pembina
ND,LAW ENFORCEMENT NORTH DAKOTA,DUNSEITH PD,DUNSEITH,ROLETTE,ND0400100,current,,ND0400100,Dunseith Police Department,city,Rolette
ND,LAW ENFORCEMENT NORTH DAKOTA,EDGELEY PD,EDGELEY,LA MOURE,ND0230100,not_found,,,,,
ND,LAW ENFORCEMENT NORTH DAKOTA,EDMORE PD,EDMORE,RAMSEY,ND0360200,not_found,,,,,
ND,LAW ENFORCEMENT NORTH DAKOTA,ELGIN PD,ELGIN,GRANT,ND0190200,not_found,,,,,
ND,LAW ENFORCEMENT NORTH DAKOTA,ELLENDALE PD,ELLENDALE,DICKEY,ND0110100,current,,ND0110100,Ellendale Police Department,city,Dickey
ND,LAW ENFORCEMENT NORTH DAKOTA,*SHERIFF’S OFFICE,ELLENDALE,DICKEY,ND0110000,current,,ND0110000,Dickey County Sheriff's Office,county,Dickey
ND,LAW ENFORCEMENT NORTH DAKOTA,EMERADO PD,EMERADO,GRAND FORKS,ND0180400,current,,ND0180400,Emerado Police Department,city,Grand Forks
ND,LAW ENFORCEMENT NORTH DAKOTA,ENDERLIN PD,ENDERLIN,RANSOM,ND0370100,not_found,,,,,
ND,LAW ENFORCEMENT NORTH DAKOTA,ESMOND PD,ESMOND,BENSON,ND0030100,not_found,,,,,
ND,LAW ENFORCEMENT NORTH DAKOTA,FAIRMOUNT PD,FAIRMOUNT,RICHLAND,ND0390400,not_found,,,,,
ND,LAW ENFORCEMENT NORTH DAKOTA,FARGO PD,FARGO,CASS,ND0090200,current,,ND0090200,Fargo Police Department,city,Cass
ND,LAW ENFORCEMENT NORTH DAKOTA,*SHERIFF’S OFFICE,FARGO,CASS,ND0090000,current,,ND0090000,Cass County Sheriff's Office,county,Cass
ND,LAW ENFORCEMENT NORTH DAKOTA,*HIGHWAY PATROL DISTRICT 5,FARGO,N/A,NDNHP0500,not_found,,,,,
ND,LAW ENFORCEMENT NORTH DAKOTA,FESSENDEN PD,FESSENDEN,WELLS,¡(00520300,not_found,,,,,
ND,LAW ENFORCEMENT NORTH DAKOTA,*SHERIFF’S OFFICE,FESSENDEN,WELLS,ND0520000,current,,ND0520000,Wells County Sheriff's Office,county,Wells
ND,LAW ENFORCEMENT NORTH DAKOTA,FINLEY PD,FINLEY,STEELE,ND0460100,not_found,,,,,
ND,LAW ENFORCEMENT NORTH DAKOTA,*SHERIFF'S OFFICE,FINLEY,STEELE,ND0460000,current,,ND0460000,Steele County Sheriff's Office,county,Steele
ND,LAW ENFORCEMENT NORTH DAKOTA,FLASHER PD,FLASHER,MORTON,ND0300300,not_found,,,,,
ND,LAW ENFORCEMENT NORTH DAKOTA,FLAXTON PD,FLAXTON,BURKE,ND0070300,not_found,,,,,
ND,LAW ENFORCEMENT NORTH DAKOTA,FORMAN PD,FORMAN,SARGENT,ND0410100,not_found,,,,,
ND,LAW ENFORCEMENT NORTH DAKOTA,*SHERIFF'S OFFICE,FORMAN,SARGENT,ND0410000,current,,ND0410000,Sargent County Sheriff's Office,county,Sargent
ND,LAW ENFORCEMENT NORTH DAKOTA,GACKLE PD,GACKLE,LOGAN,ND0240100,not_found,,,,,
ND,LAW ENFORCEMENT NORTH DAKOTA,GALESBURG PD,GALESBURG,TRAILL,ND0490400,not_found,,,,,
ND,LAW ENFORCEMENT NORTH DAKOTA,GARRISON PD,GARRISON,MCLEAN,ND0280100,not_found,,,,,
ND,LAW ENFORCEMENT NORTH DAKOTA,GLEN ULLIN PD,GLEN ULLIN,MORTON,ND0300100,not_found,,,,,
ND,LAW ENFORCEMENT NORTH DAKOTA,GLENBURN PD,GLENBURN,RENVILLE,ND0380100,not_found,,,,,
ND,LAW ENFORCEMENT NORTH DAKOTA,GOLVA PD,GOLVA,GOLDEN VALLEY,ND0170200,not_found,,,,,
ND,LAW ENFORCEMENT NORTH DAKOTA,GOODRICH PD,GOODRICH,SHERIDAN,ND0420100,not_found,,,,,
ND,LAW ENFORCEMENT NORTH DAKOTA,GRAFTON PD,GRAFTON,WALSH,ND0500100,current,,ND0500100,Grafton Police Department,city,Walsh
ND,LAW ENFORCEMENT NORTH DAKOTA,*SHERIFF'S OFFICE,GRAFTON,WALSH,ND0500000,current,,ND0500000,Walsh County Sheriff's Office,county,Walsh
ND,LAW ENFORCEMENT NORTH DAKOTA,GRAND FORKS PD,GRAND FORKS,GRAND FORKS,ND0180100,current,,ND0180100,Grand Forks Police Department,city,Grand Forks
ND,LAW ENFORCEMENT NORTH DAKOTA,*SHERIFF’S OFFICE,GRAND FORKS,GRAND FORKS,ND0180000,current,,ND0180000,Grand Forks County Sheriff's Office,county,Grand Forks
ND,LAW ENFORCEMENT NORTH DAKOTA,*HIGHWAY PATROL DISTRICT 4,GRAND FORKS,N/A,NDNHP0400,not_found,,,,,
ND,LAW ENFORCEMENT NORTH DAKOTA,GRANVILLE PD,GRANVILLE,MCHENRY,ND0250500,not_found,,,,,
ND,LAW ENFORCEMENT NORTH DAKOTA,GRENORA PD,GRENORA,WILLIAMS,ND0530300,not_found,,,,,
ND,LAW ENFORCEMENT NORTH DAKOTA,GWINNER PD,GWINNER,SARGENT,ND0410200,not_found,,,,,
ND,LAW ENFORCEMENT NORTH DAKOTA,HALLIDAY PD,HALLIDAY,DUNN,ND0130100,not_found,,,,,
ND,LAW ENFORCEMENT NORTH DAKOTA,HANKINSON PD,HANKINSON,RICHLAND,ND0390100,not_found,,,,,
ND,LAW ENFORCEMENT NORTH DAKOTA,HARVEY PD,HARVEY,WELLS,ND0520100,current,,ND0520100,Harvey Police Department,city,Wells
ND,LAW ENFORCEMENT NORTH DAKOTA,HATTON PD,HATTON,TRAILL,ND0490500,not_found,,,,,
ND,LAW ENFORCEMENT NORTH DAKOTA,HAZELTON PD,HAZELTON,EMMONS,ND0150200,not_found,,,,,
ND,LAW ENFORCEMENT NORTH DAKOTA,HAZEN PD,HAZEN,MERCER,ND0290200,current,,ND0290200,Hazen Police Department,city,Mercer
ND,LAW ENFORCEMENT NORTH DAKOTA,HEBRON PD,HEBRON,MORTON,ND0300400,not_found,,,,,
ND,LAW ENFORCEMENT NORTH DAKOTA,HETTINGER PD,HETTINGER,ADAMS,ND0010100,not_found,,,,,
ND,LAW ENFORCEMENT NORTH DAKOTA,*SHERIFF'S OFFICE,HETTINGER,ADAMS,ND0010000,current,,ND0010000,Adams County Sheriff's Office,county,Adams
ND,LAW ENFORCEMENT NORTH DAKOTA,HIGHWAY PATROL DISTRICT 7,BISMARCK,N/A,NDNHP0700,not_found,,,,,
ND,LAW ENFORCEMENT NORTH DAKOTA,HIGHWAY PATROL DISTRICT 3,DEVILS LAKE,N/A,NDNHP0300,not_found,,,,,
ND,LAW ENFORCEMENT NORTH DAKOTA,HIGHWAY PATROL DISTRICT 8,DICKINSON,N/A,NDNHP0800,not_found,,,,,
ND,LAW ENFORCEMENT NORTH DAKOTA,HIGHWAY PATROL DISTRICT 5,FARGO,N/A,NDNHP0500,not_found,,,,,
ND,LAW ENFORCEMENT NORTH DAKOTA,HIGHWAY PATROL DISTRICT 4,GRAND FORKS,N/A,NDNHP0400,not_found,,,,,
ND,LAW ENFORCEMENT NORTH DAKOTA,HIGHWAY PATROL DISTRICT 6,JAMESTOWN,N/A,NDNHP0600,not_found,,,,,
ND,LAW ENFORCEMENT NORTH DAKOTA,HIGHWAY PATROL DISTRICT 2,MINOT,N/A,NDNHP0200,not_found,,,,,
ND,LAW ENFORCEMENT NORTH DAKOTA,HIGHWAY PATROL DISTRICT 1,WILLISTON,N/A,NDNHP0100,not_found,,,,,
ND,LAW ENFORCEMENT NORTH DAKOTA,HILLSBORO PD,HILLSBORO,TRAILL,ND0490100,not_found,,,,,
ND,LAW ENFORCEMENT NORTH DAKOTA,*SHERIFF'S OFFICE,HILLSBORO,TRAILL,ND0490000,current,,ND0490000,Traill County Sheriff's Office,county,Traill
ND,LAW ENFORCEMENT NORTH DAKOTA,HOOPLE PD,HOOPLE,WALSH,ND0500300,not_found,,,,,
ND,LAW ENFORCEMENT NORTH DAKOTA,HOPE PD,HOPE,STEELE,ND0460200,not_found,,,,,
ND,LAW ENFORCEMENT NORTH DAKOTA,JAMESTOWN PD,JAMESTOWN,STUTSMAN,ND0470100,current,,ND0470100,Jamestown Police Department,city,Stutsman
ND,LAW ENFORCEMENT NORTH DAKOTA,*HIGHWAY PATROL DISTRICT 6,JAMESTOWN,N/A,NDNHP0600,not_found,,,,,
ND,LAW ENFORCEMENT NORTH DAKOTA,*SHERIFF'S OFFICE,JAMESTOWN,STUTSMAN,ND0470000,current,,ND0470000,Stutsman County Sheriff's Office,county,Stutsman
ND,LAW ENFORCEMENT NORTH DAKOTA,KENMARE PD,KENMARE,WARD,ND0510100,current,,ND0510100,Kenmare Police Department,city,Ward
ND,LAW ENFORCEMENT NORTH DAKOTA,KENSAL PD,KENSAL,STUTSMAN,ND0470200,not_found,,,,,
NY,LAW ENFORCEMENT AGENCIE NEWYORK,ADAMS PD,ADAMS,JEFFERSON,NY0222000,current,,NY0222000,Adams Village Police Department,city,Jefferson
NY,LAW ENFORCEMENT AGENCIE NEWYORK,ADDISON PD,ADDISON,STEUBEN,NY0502000,current,,NY0502000,Addison Town and Village Police Department,city,Steuben
NY,LAW ENFORCEMENT AGENCIE NEWYORK,AFTON PD,AFTON,CHENANGO,NY0062000,current,yes,NY0062000,Lakewood-Busti Police Department,city,Chautauqua
NY,LAW ENFORCEMENT AGENCIE NEWYORK,AKRON VILLAGE PD,AKRON,ERIE,NY0143200,current,,NY0143200,Akron Village Police Department,city,Erie
NY,LAW ENFORCEMENT AGENCIE NEWYORK,AKWESASNE INDIAN RESERVATPD,HOGANSBURG,FRANKLIN,NY0162500,not_found,,,,,
NY,LAW ENFORCEMENT AGENCIE NEWYORK,ALBANY PD,ALBANY,ALBANY,NY0010100,current,,NY0010100,Albany Police Department,city,Albany
NY,LAW ENFORCEMENT AGENCIE NEWYORK,*CAPITAL POLICE,ALBANY,ALBANY,NY0015400,not_found,,,,,
NY,LAW ENFORCEMENT AGENCIE NEWYORK,*DEPARTMENT OF ENVIRONMENT CONSERVATION,ALBANY,ALBANY,NYC015600,not_found,,,,,
NY,LAW ENFORCEMENT AGENCIE NEWYORK,*MENANDS PD,ALBANY,ALBANY,NY0012500,current,,NY0012500,Menands Village Police Department,city,Albany
NY,LAW ENFORCEMENT AGENCIE NEWYORK,*SHERIFF'S OFFICE,ALBANY,ALBANY,NY0010000,current,,NY0010000,Albany County Sheriff's Office,county,Albany
NY,LAW ENFORCEMENT AGENCIE NEWYORK,*STATE UNIVERSITY PD,ALBANY,ALBANY,NY0010400,not_found,,,,,
NY,LAW ENFORCEMENT AGENCIE NEWYORK,*NEW YORK STATE ALBANY DIVISION OF,ALBANY,BRONX,NY1011100,not_found,,,,,
NY,LAW ENFORCEMENT AGENCIE NEWYORK,*CAPITOL BUILDING SECURITY POLICE,ALBANY,N/A,NY1011000,not_found,,,,,
NY,LAW ENFORCEMENT AGENCIE NEWYORK,*NEW YORK STATE POLICE DIVISION HEADQUARTERS,ALBANY,N/A,NY1010000,current,,NY1010000,New York State Police,state_police,
NY,LAW ENFORCEMENT AGENCIE NEWYORK,*STATE POLICE-THRUWAY,ALBANY,N/A,NY1010500,not_found,,,,,
NY,LAW ENFORCEMENT AGENCIE NEWYORK,ALBION PD,ALBION,ORLEANS,NY0362000,current,,NY0362000,Albion Village Police Department,city,Orleans
NY,LAW ENFORCEMENT AGENCIE NEWYORK,*STATE POLICE,ALBION,N/A,NY1360100,not_found,,,,,
NY,LAW ENFORCEMENT AGENCIE NEWYORK,*SHERIFF’S OFFICE,ALBION,ORLEANS,NY0360000,current,,NY0360000,Orleans County Sheriff's Office,county,Orleans
NY,LAW ENFORCEMENT AGENCIE NEWYORK,ALDEN PD,ALDEN,ERIE,NY0142000,not_found,,,,,
NY,LAW ENFORCEMENT AGENCIE NEWYORK,ALEXANDRIA BAY PD,ALEXANDRIA BAY,JEFFERSON,NY0222100,current,,NY0222100,Alexandria Bay Village Police Department,city,Jefferson
NY,LAW ENFORCEMENT AGENCIE NEWYORK,*THOUSAND ISLAND STATE PARK COMMISSION,ALEXANDRIA BAY,JEFFERSON,NY0229000,current,,NY0229000,State Park: Thousand Island Region,other_state,
NY,LAW ENFORCEMENT AGENCIE NEWYORK,*STATE POLICE,ALEXANDRIA BAY,N/A,NY1220300,not_found,,,,,
NY,LAW ENFORCEMENT AGENCIE NEWYORK,ALFRED PD,ALFRED,ALLEGANY,NY0022000,current,,NY0022000,Alfred Village Police Department,city,Allegany
NY,LAW ENFORCEMENT AGENCIE NEWYORK,*STATE UNIVERSITY AGRICULTAND TECHNICAL COLLEGE PD,ALFRED,ALLEGANY,NY0020400,not_found,,,,,
NY,LAW ENFORCEMENT AGENCIE NEWYORK,ALLEGANY PD,ALLEGANY,CATTARAUGUS,NY0042000,current,,NY0042000,Allegany Village Police Department,city,Cattaraugus
NY,LAW ENFORCEMENT AGENCIE NEWYORK,ALLEGANY STATE PARK COMMISSION,SALAMANCA,CATTARAUGUS,NY0049000,current,,NY0049000,State Park: Allegany Region,other_state,
NY,LAW ENFORCEMENT AGENCIE NEWYORK,*STATE POLICE,ALLEGANY,N/A,NY1040100,not_found,,,,,
NY,LAW ENFORCEMENT AGENCIE NEWYORK,ALMOND PD,ALMOND,ALLEGANY,NY0023000,not_found,,,,,
NY,LAW ENFORCEMENT AGENCIE NEWYORK,ALMOND VILLAGE PD,ALMOND,STEUBEN,NY050S500,not_found,,,,,
NY,LAW ENFORCEMENT AGENCIE NEWYORK,ALTAMONT PD,ALTAMONT,ALBANY,NY0012100,current,,NY0012100,Altamont Village Police Department,city,Albany
NY,LAW ENFORCEMENT AGENCIE NEWYORK,AMHERST TOWN PD,WILLIAMSVILLE,ERIE,NY0145100,current,,NY0145100,Amherst Town Police Department,city,Erie
NY,LAW ENFORCEMENT AGENCIE NEWYORK,AMITY PD,BELMONT,ALLEGANY,NY0025400,not_found,,,,,
NY,LAW ENFORCEMENT AGENCIE NEWYORK,AMITYVILLE PD,AMITYVILLE,SUFFOLK,NY0512000,current,,NY0512000,Amityville Village Police Department,city,Suffolk
NY,LAW ENFORCEMENT AGENCIE NEWYORK,AMSTERDAM PD,AMSTERDAM,MONTGOMERY,NY0280100,current,,NY0280100,Amsterdam Police Department,city,Montgomery
NY,LAW ENFORCEMENT AGENCIE NEWYORK,ANDOVER PD,ANDOVER,ALLEGANY,NY0022200,current,,NY0022200,Andover Village Police Department,city,Allegany
NY,LAW ENFORCEMENT AGENCIE NEWYORK,ANGELICA PD,ANGELICA,ALLEGANY,NY0022300,current,,NY0022300,Angelica Village Police Department,city,Allegany
NY,LAW ENFORCEMENT AGENCIE NEWYORK,ANGOLA PD,ANGOLA,ERIE,NY0142800,not_found,,,,,
NY,LAW ENFORCEMENT AGENCIE NEWYORK,ARCADE PD,ARCADE,WYOMING,NY0602000,current,,NY0602000,Arcade Village Police Department,city,Wyoming
NY,LAW ENFORCEMENT AGENCIE NEWYORK,ARDSLEY PD,ARDSLEY,WESTCHESTER,NY0592400,current,,NY0592400,Ardsley Village Police Department,city,Westchester
NY,LAW ENFORCEMENT AGENCIE NEWYORK,ARKPORT PD,ARKPORT,STEUBEN,NY0503100,not_found,,,,,
NY,LAW ENFORCEMENT AGENCIE NEWYORK,ARLINGTON PD,POUGHKEEPSIE,DUTCHESS,NY0130300,not_found,,,,,
NY,LAW ENFORCEMENT AGENCIE NEWYORK,ASHAROKEN PD,NORTHPORT,SUFFOLK,NY0514400,current,,NY0514400,Asharoken Village Police Department,city,Suffolk
NY,LAW ENFORCEMENT AGENCIE NEWYORK,ATHENS PD,ATHENS,GREENE,NY0192000,current,,NY0192000,Athens Village Police Department,city,Greene
NY,LAW ENFORCEMENT AGENCIE NEWYORK,ATTICA VILLAGE PD,ATTICA,WYOMING,NY0602100,current,,NY0602100,Attica Village Police Department,city,"Genesee, Wyoming"
NY,LAW ENFORCEMENT AGENCIE NEWYORK,AUBURN CITY PD,AUBURN,CAYUGA,NY0050100,current,,NY0050100,Auburn Police Department,city,Cayuga
NY,LAW ENFORCEMENT AGENCIE NEWYORK,*SHERIFF’S OFFICE,AUBURN,CAYUGA,NY0050000,current,,NY0050000,Cayuga County Sheriff's Office,county,Cayuga
NY,LAW ENFORCEMENT AGENCIE NEWYORK,*STATE POLICE,AUBURN,N/A,NY1050100,not_found,,,,,
NY,LAW ENFORCEMENT AGENCIE NEWYORK,AURORA PD,AURORA,ERIE,NY0145200,not_found,,,,,
NY,LAW ENFORCEMENT AGENCIE NEWYORK,AVOCA TOWN PD,AVOCA,STEUBEN,NY0505100,not_found,,,,,
NY,LAW ENFORCEMENT AGENCIE NEWYORK,AVOCA VILLAGE PD,AVOCA,STEUBEN,NY0502100,not_found,,,,,
NY,LAW ENFORCEMENT AGENCIE NEWYORK,AVON PD,AVON,LIVINGTON,NY0252000,current,,NY0252000,Avon Village Police Department,city,Livingston
NY,LAW ENFORCEMENT AGENCIE NEWYORK,BABYLON TOWN PD,BABYLON TOWN,SUFFOLK,NY051P200,not_found,,,,,
NY,LAW ENFORCEMENT AGENCIE NEWYORK,BABYLON VILLAGE PD,BABYLON,SUFFOLK,NY0510300,not_found,,,,,
NY,LAW ENFORCEMENT AGENCIE NEWYORK,*LONG ISLAND STATE PARK COMMISSION,BABYLON,SUFFOLK,NY0519000,current,,NY0519000,State Park: Long Island Region,other_state,
NY,LAW ENFORCEMENT AGENCIE NEWYORK,BAINBRIDGE PD,BAINBRIDGE,CHENANGO,NY0082100,current,,NY0082100,Bainbridge Village Police Department,city,Chenango
NY,LAW ENFORCEMENT AGENCIE NEWYORK,BALDWINSVILLE PD,BALDWINSVILLE,ONONDAGA,NY0332700,current,,NY0332700,Baldwinsville Village Police Department,city,Onondaga
NY,LAW ENFORCEMENT AGENCIE NEWYORK,BALLSTON SPA PD,BALLSTON SPA,SARATOGA,NY0452000,current,,NY0452000,Ballston Spa Village Police Department,city,Saratoga
NY,LAW ENFORCEMENT AGENCIE NEWYORK,*GALWAY PD,BALLSTON SPA,SARATOGA,NY0456900,not_found,,,,,
NY,LAW ENFORCEMENT AGENCIE NEWYORK,*SHERIFF’S OFFICE,BALLSTON SPA,SARATOGA,NY0450000,current,,NY0450000,Saratoga County Sheriff's Office,county,Saratoga
NY,LAW ENFORCEMENT AGENCIE NEWYORK,BARKER PD,BARKER,NIAGARA,NY0312400,not_found,,,,,
NY,LAW ENFORCEMENT AGENCIE NEWYORK,*SOMERSET TOWN PD,BARKER,NIAGARA,NY0315900,current,,NY0315900,Somerset Town Police Department,city,Niagara
NY,LAW ENFORCEMENT AGENCIE NEWYORK,BATAVIA PD,BATAVIA,GENESEE,NY0180100,current,,NY0180100,Batavia Police Department,city,Genesee
NY,LAW ENFORCEMENT AGENCIE NEWYORK,*SHERIFF'S OFFICE,BATAVIA,GENESEE,NY0180000,current,,NY0180000,Genesee County Sheriff's Office,county,Genesee
NY,LAW ENFORCEMENT AGENCIE NEWYORK,*STATE POLICE,BATAVIA,N/A,NY1180100,not_found,,,,,
NY,LAW ENFORCEMENT AGENCIE NEWYORK,BATH VILLAGE PD,BATH,STEUBEN,NY0502200,current,,NY0502200,Bath Village Police Department,city,Steuben
NY,LAW ENFORCEMENT AGENCIE NEWYORK,*STATE POLICE,BATH,N/A,NY1500100,not_found,,,,,
NY,LAW ENFORCEMENT AGENCIE NEWYORK,*SHERIFF'S OFFICE,BATH,STEUBEN,NY0500000,current,,NY0500000,Steuben County Sheriff's Office,county,Steuben
NY,LAW ENFORCEMENT AGENCIE NEWYORK,BAYVILLE PD,BAYVILLE,NASSAU,NY0290800,not_found,,,,,
NY,LAW ENFORCEMENT AGENCIE NEWYORK,BEACON CITY PD,BEACON,DUTCHESS,NY0130100,current,,NY0130100,Beacon Police Department,city,Dutchess
NY,LAW ENFORCEMENT AGENCIE NEWYORK,BEDFORD PD,BEDFORD,WESTCHESTER,NY0595000,current,,NY0595000,Bedford Town Police Department,city,Westchester
NY,LAW ENFORCEMENT AGENCIE NEWYORK,BELLE TERRE PD,PORT JEFFERSON,SUFFOLK,NY0514700,not_found,,,,,
NY,LAW ENFORCEMENT AGENCIE NEWYORK,BELLEROSE PD,JAMAICA,NASSAU,NY0294200,not_found,,,,,
NY,LAW ENFORCEMENT AGENCIE NEWYORK,BELLPORT PD,BELLPORT,SUFFOLK,NY0510400,not_found,,,,,
NY,LAW ENFORCEMENT AGENCIE NEWYORK,BELMONT PD,BELMONT,ALLEGANY,NY0022100,current,,NY0022100,Belmont Village Police Department,city,Allegany
NY,LAW ENFORCEMENT AGENCIE NEWYORK,*AMITY PD,BELMONT,ALLEGANY,NY0025400,not_found,,,,,
NY,LAW ENFORCEMENT AGENCIE NEWYORK,*SHERIFF'S OFFICE,BELMONT,ALLEGANY,NY0020000,current,,NY0020000,Allegany County Sheriff's Office,county,Allegany
NY,LAW ENFORCEMENT AGENCIE NEWYORK,BEMUS POINT PD,BEMUS POINT,CHAUTAUQUA,NY0063300,not_found,,,,,
NY,LAW ENFORCEMENT AGENCIE NEWYORK,BETHLEHEM PD,DELMAR,ALBANY,NY0015100,current,,NY0015100,Bethlehem Town Police Department,city,Albany
NY,LAW ENFORCEMENT AGENCIE NEWYORK,BIG FLATS PD,BIG FLATS,CHEMUNG,NY0075200,not_found,,,,,
NY,LAW ENFORCEMENT AGENCIE NEWYORK,BINGHAMTON PD,BINGHAMTON,BROOME,NY0030100,current,,NY0030100,Binghamton Police Department,city,Broome
NY,LAW ENFORCEMENT AGENCIE NEWYORK,*PORT DICKINSON PD,BINGHAMTON,BROOME,NY0032000,current,,NY0032000,Port Dickinson Village Police Department,city,Broome
NY,LAW ENFORCEMENT AGENCIE NEWYORK,*SHERIFFS OFFICE,BINGHAMTON,BROOME,NY0030000,current,,NY0030000,Broome County Sheriff's Office,county,Broome
NY,LAW ENFORCEMENT AGENCIE NEWYORK,*STATE UNIVERSITY PD,BINGHAMTON,BROOME,NY0030400,not_found,,,,,
NY,LAW ENFORCEMENT AGENCIE NEWYORK,*STATE POLICE,BINGHAMTON,N/A,NY1030100,not_found,,,,,
NY,LAW ENFORCEMENT AGENCIE NEWYORK,BLACK RIVER PD,BLACK RIVER,JEFFERSON,NY0223400,current,,NY0223400,Black River Police Department,city,Jefferson
NY,LAW ENFORCEMENT AGENCIE NEWYORK,BLASDELL PD,BUFFALO,ERIE,NY0142900,current,,NY0142900,Blasdell Village Police Department,city,Erie
NY,LAW ENFORCEMENT AGENCIE NEWYORK,BLOOMING GROVE TOWN PD,WASHINGTONVILLE,ORANGE,NY0357300,current,,NY0357300,Blooming Grove Town Police Department,city,Orange
NY,LAW ENFORCEMENT AGENCIE NEWYORK,BOLIVAR PD,BOLIVAR,ALLEGANY,NY0022400,current,,NY0022400,Bolivar Village Police Department,city,Allegany
NY,LAW ENFORCEMENT AGENCIE NEWYORK,BOLTON PD,BOLTON LANDING,WARREN,NY0565000,current,,NY0565000,Bolton Town Police Department,city,Warren
NY,LAW ENFORCEMENT AGENCIE NEWYORK,BOONVILLE PD,BOONVILLE,ONEIDA,NY0322100,current,,NY0322100,Boonville Village Police Department,city,Oneida
NY,LAW ENFORCEMENT AGENCIE NEWYORK,BOSTON PD,BOSTON,ERIE,NY0145300,not_found,,,,,
NY,LAW ENFORCEMENT AGENCIE NEWYORK,BRANT PD,BRANT,ERIE,NY0145400,current,,NY0145400,Brant Town Police Department,city,Erie
NY,LAW ENFORCEMENT AGENCIE NEWYORK,BREWSTER VILLAGE PD,BREWSTER,PUTNAM,NY0392200,current,,NY0392200,Brewster Police Department,city,Putnam
NY,LAW ENFORCEMENT AGENCIE NEWYORK,*STATE POLICE,BREWSTER,N/A,NY1390200,not_found,,,,,
NY,LAW ENFORCEMENT AGENCIE NEWYORK,BRIARCLIFF MANOR PD,BRIARCLIFF MANOR,WESTCHESTER,NY0593100,current,,NY0593100,Briarcliff Manor Village Police Department,city,Westchester
NY,LAW ENFORCEMENT AGENCIE NEWYORK,BRIGHTON PD,ROCHESTER,MONROE,NY0275000,current,,NY0275000,Brighton Town Police Department,city,Monroe
NY,LAW ENFORCEMENT AGENCIE NEWYORK,BRIGHTWATERS PD,BRIGHTWATERS,SUFFOLK,NY0510500,not_found,,,,,
NY,LAW ENFORCEMENT AGENCIE NEWYORK,BROADALBIN PD,BROADALBIN,FULTON,NY01723W,not_found,,,,,
NY,LAW ENFORCEMENT AGENCIE NEWYORK,BROCKPORT PD,BROCKPORT,MONROE,NY0272800,current,,NY0272800,Brockport Village Police Department,city,Monroe
NY,LAW ENFORCEMENT AGENCIE NEWYORK,*STATE UNIVERSITY COLLEGE PD,BROCKPORT,MONROE,NY0276900,not_found,,,,,
NY,LAW ENFORCEMENT AGENCIE NEWYORK,BROCTON PD,BROCTON,CHAUTAUQUA,NY0063000,not_found,,,,,
NY,LAW ENFORCEMENT AGENCIE NEWYORK,BRONXVILLE PD,BRONXVILLE,WESTCHESTER,NY0592200,current,,NY0592200,Bronxville Village Police Department,city,Westchester
NY,LAW ENFORCEMENT AGENCIE NEWYORK,BROOKHAVEN PD,BROOKHAVEN,SUFFOLK,NY0510600,not_found,,,,,
NY,LAW ENFORCEMENT AGENCIE NEWYORK,*STATE UNIVERSITY DOWNSTATMEDICAL COLLEGE PD,BROOKLYN,KINGS,NY0230400,not_found,,,,,
NY,LAW ENFORCEMENT AGENCIE NEWYORK,BROOKVILLE PD,GLEN HEAD,NASSAU,NY0298700,not_found,,,,,
NY,LAW ENFORCEMENT AGENCIE NEWYORK,BROWNVILLE PD,BROWNVILLE,JEFFERSON,NY0222300,current,,NY0222300,Brownville Village Police Department,city,Jefferson
NY,LAW ENFORCEMENT AGENCIE NEWYORK,BUCHANAN PD,BUCHANAN,WESTCHESTER,NY0594100,current,,NY0594100,Buchanan Village Police Department,city,Westchester
NY,LAW ENFORCEMENT AGENCIE NEWYORK,BUFFALO PD,BUFFALO,ERIE,NY0140100,current,,NY0140100,Buffalo Police Department,city,Erie
NY,LAW ENFORCEMENT AGENCIE NEWYORK,*BLASDELL PD,BUFFALO,ERIE,NY0142900,current,,NY0142900,Blasdell Village Police Department,city,Erie
NY,LAW ENFORCEMENT AGENCIE NEWYORK,*CHEEKTOWAGA PD,BUFFALO,ERIE,NY0145500,current,,NY0145500,Cheektowaga Town Police Department,city,Erie
NY,LAW ENFORCEMENT AGENCIE NEWYORK,*ERIE COUNTY DEPARTMENT OFCENTRAL POLICE SERVICES,BUFFALO,ERIE,NY0143S00,not_found,,,,,
NY,LAW ENFORCEMENT AGENCIE NEWYORK,*KENMORE PD,BUFFALO,ERIE,NY0140400,current,,NY0140400,Kenmore Village Police Department,city,Erie
NY,LAW ENFORCEMENT AGENCIE NEWYORK,*LACKAWANNA PD,BUFFALO,ERIE,NY0140200,current,,NY0140200,Lackawanna Police Department,city,Erie
NY,LAW ENFORCEMENT AGENCIE NEWYORK,*SHERIFF'S OFFICE,BUFFALO,ERIE,NY0140000,current,,NY0140000,Erie County Sheriff's Office,county,Erie
NY,LAW ENFORCEMENT AGENCIE NEWYORK,*SLOAN PD,BUFFALO,ERIE,NY0Í42500,not_found,,,,,
NY,LAW ENFORCEMENT AGENCIE NEWYORK,*STATE UNIVERSITY COLLEGE,BUFFALO,ERIE,NY0146800,not_found,,,,,
NY,LAW ENFORCEMENT AGENCIE NEWYORK,*STATE UNIVERSITY PD,BUFFALO,ERIE,NY0146900,not_found,,,,,
NY,LAW ENFORCEMENT AGENCIE NEWYORK,*WEST SENECA PD,BUFFALO,ERIE,NY0147400,current,,NY0147400,West Seneca Town Police Department,city,Erie
NY,LAW ENFORCEMENT AGENCIE NEWYORK,*WILLIAMSVILLE PD,BUFFALO,ERIE,NY0147500,not_found,,,,,
NY,LAW ENFORCEMENT AGENCIE NEWYORK,*STATE POLICE-THRUWAY,BUFFALO,N/A,NY1140400,not_found,,,,,
NY,LAW ENFORCEMENT AGENCIE NEWYORK,BURNS TOWN PD,CANASERAGA,ALLEGANY,NY0023100,not_found,,,,,
NY,LAW ENFORCEMENT AGENCIE NEWYORK,BUSTI PD,JAMESTOWN,CHAUTAUQUA,NY0065100,not_found,,,,,
NY,LAW ENFORCEMENT AGENCIE NEWYORK,CALEDONIA PD,CALEDONIA,LIVINGTON,NY0252100,current,,NY0252100,Caledonia Village Police Department,city,Livingston
NY,LAW ENFORCEMENT AGENCIE NEWYORK,CALEDONIA TOWN PD,CALEDONIA,LIVINGTON,NY0255100,not_found,,,,,
NY,LAW ENFORCEMENT AGENCIE NEWYORK,CAMBRIDGE PD,CAMBRIDGE,WASHINGTON,NY0572100,current,,NY0572100,Cambridge Village Police Department,city,Washington
NY,LAW ENFORCEMENT AGENCIE NEWYORK,CAMDEN PD,CAMDEN,ONEIDA,NY0322300,current,,NY0322300,Camden Village Police Department,city,Oneida
NY,LAW ENFORCEMENT AGENCIE NEWYORK,CAMILLUS TOWN PD,CAMILLUS,ONONDAGA,NY0335000,current,,NY0335000,Camillus Town and Village Police Department,city,Onondaga
NY,LAW ENFORCEMENT AGENCIE NEWYORK,CAMILLUS VILLAGE PD,CAMILLUS,ONONDAGA,NY0332000,not_found,,,,,
NY,LAW ENFORCEMENT AGENCIE NEWYORK,CANAJOHARIE PD,CANAJOHARIE,MONTGOMERY,NY0282200,current,,NY0282200,Canajoharie Village Police Department,city,Montgomery
NY,LAW ENFORCEMENT AGENCIE NEWYORK,CANANDAIGUA PD,CANANDAIGUA,ONTARIO,NY0342900,current,,NY0342900,Canandaigua Police Department,city,Ontario
NY,LAW ENFORCEMENT AGENCIE NEWYORK,*STATE POLICE,CANANDAIGUA,N/A,NY1340100,not_found,,,,,
NY,LAW ENFORCEMENT AGENCIE NEWYORK,*SHERIFF’S OFFICE,CANANDAIGUA,ONTARIO,NY0340000,current,,NY0340000,Ontario County Sheriff's Office,county,Ontario
NY,LAW ENFORCEMENT AGENCIE NEWYORK,CANASERAGA PD,CANASERAGA,ALLEGANY,NY0022500,not_found,,,,,
NY,LAW ENFORCEMENT AGENCIE NEWYORK,*BURNS TOWN PD,CANASERAGA,ALLEGANY,NY0023100,not_found,,,,,
NY,LAW ENFORCEMENT AGENCIE NEWYORK,CANASTOTA PD,CANASTOTA,MADISON,NY0262600,current,,NY0262600,Canastota Village Police Department,city,Madison
NY,LAW ENFORCEMENT AGENCIE NEWYORK,CANDOR PD,CANDOR,TIOGA,NY0532100,not_found,,,,,
NY,LAW ENFORCEMENT AGENCIE NEWYORK,CANISTEO PD,CANISTEO,STEUBEN,NY0502400,current,,NY0502400,Canisteo Village Police Department,city,Steuben
NY,LAW ENFORCEMENT AGENCIE NEWYORK,CANTON PD,CANTON,ST. LAWRENCE,NY0442000,current,,NY0442000,Canton Village Police Department,city,St Lawrence
NY,LAW ENFORCEMENT AGENCIE NEWYORK,STATE POLICE,CANTON,N/A,NY1440100,not_found,,,,,
NY,LAW ENFORCEMENT AGENCIE NEWYORK,*SHERIFF'S OFFICE,CANTON,ST. LAWRENCE,NY0440000,current,,NY0440000,St. Lawrence County Sheriff's Office,county,St Lawrence
NY,LAW ENFORCEMENT AGENCIE NEWYORK,*STATE UNIVERSITY AGRICULTAND TECHNICAL COLLEGE PD,CANTON,ST. LAWRENCE,NY0446900,not_found,,,,,
NY,LAW ENFORCEMENT AGENCIE NEWYORK,CAPE VINCENT PD,CAPE VINCENT,JEFFERSON,NY0222600,current,,NY0222600,Cape Vincent Village Police Department,city,Jefferson
NY,LAW ENFORCEMENT AGENCIE NEWYORK,CAPITAL POLICE,ALBANY,ALBANY,NY0015400,not_found,,,,,
NY,LAW ENFORCEMENT AGENCIE NEWYORK,CAPITOL BUILDING SECURITY,ALBANY,N/A,NY1011000,not_found,,,,,
NY,LAW ENFORCEMENT AGENCIE NEWYORK,POLICE CARMEL PD,CARMEL,PUTNAM,NY0395000,current,,NY0395000,Carmel Town Police Department,city,Putnam
NY,LAW ENFORCEMENT AGENCIE NEWYORK,*KENT TOWN PD,CARMEL,PUTNAM,NY0395100,current,,NY0395100,Kent Town Police Department,city,Putnam
NY,LAW ENFORCEMENT AGENCIE NEWYORK,*SHERIFF'S OFFICE,CARMEL,PUTNAM,NY0390000,current,,NY0390000,Putnam County Sheriff's Office,county,Putnam
NY,LAW ENFORCEMENT AGENCIE NEWYORK,CARROLL PD,FREWSBURG,CHAUTAUQUA,NY0065200,current,,NY0065200,Carroll Town Police Department,city,Chautauqua
NY,LAW ENFORCEMENT AGENCIE NEWYORK,CARROLLTOWN TOWN PD,LIMESTONE,CATTARAUGUS,NY0040200,not_found,,,,,
NY,LAW ENFORCEMENT AGENCIE NEWYORK,CARTHAGE PD,CARTHAGE,JEFFERSON,NY0223800,current,,NY0223800,Carthage Village Police Department,city,Jefferson
NY,LAW ENFORCEMENT AGENCIE NEWYORK,*WEST CARTHAGE VILLAGE PD CARTHAGE,,JEFFERSON,NY0222700,current,,NY0222700,West Carthage Village Police Department,city,Jefferson
NY,LAW ENFORCEMENT AGENCIE NEWYORK,CASSADAGA PD,CASSADAGA,CHAUTAUQUA,NY0063500,not_found,,,,,
NY,LAW ENFORCEMENT AGENCIE NEWYORK,CASTELTON-ON-HUDSON PD,CASTLETON-ON-HUDSON,RENSSELAER,NY0412400,not_found,,,,,
NY,LAW ENFORCEMENT AGENCIE NEWYORK,*GENESSEE STATE PARK COMMISSION,CASTILE,WYOMING,NY0609000,current,,NY0609000,State Park: Genesee Region,other_state,
NY,LAW ENFORCEMENT AGENCIE NEWYORK,*SCHODACK PD,CASTLETON ON-HUDSON,RENSSELAER,NY0415400,current,,NY0415400,Schodack Town Police Department,city,Rensselaer
NY,LAW ENFORCEMENT AGENCIE NEWYORK,CATSKILL PD,CATSKILL,GREENE,NY0192100,current,,NY0192100,Catskill Village Police Department,city,Greene
NY,LAW ENFORCEMENT AGENCIE NEWYORK,*SHERIFF’S OFFICE,CATSKILL,GREENE,NY0190000,current,,NY0190000,Greene County Sheriff's Office,county,Greene
NY,LAW ENFORCEMENT AGENCIE NEWYORK,CATTARAUGUS PD,CATTARAUGUS,CATTARAUGUS,NY0042600,current,,NY0042600,Cattaraugus Village Police Department,city,Cattaraugus
NY,LAW ENFORCEMENT AGENCIE NEWYORK,CAYUGA HEIGHTS PD,ITHACA,TOMPKINS,NY0542500,current,,NY0542500,Cayuga Heights Village Police Department,city,Tompkins
NY,LAW ENFORCEMENT AGENCIE NEWYORK,CAYUGA PD,CAYUGA,CAYUGA,NY0052000,not_found,,,,,
NY,LAW ENFORCEMENT AGENCIE NEWYORK,CAZENOVIA PD,CAZENOVIA,MADISON,NY0262100,current,,NY0262100,Cazenovia Village Police Department,city,Madison
NY,LAW ENFORCEMENT AGENCIE NEWYORK,CEDARHURST PD,CEDARHURST,NASSAU,NY0291000,not_found,,,,,
NY,LAW ENFORCEMENT AGENCIE NEWYORK,CELORON PD,CELORON,CHAUTAUQUA,NY0062400,not_found,,,,,
NY,LAW ENFORCEMENT AGENCIE NEWYORK,CENTRAL NEW YORK STATE PARK COMMISSION,JAMESVILLE,ONONDAGA,NY0339000,current,,NY0339000,State Park: Central Region,other_state,
NY,LAW ENFORCEMENT AGENCIE NEWYORK,CENTRAL SQUARE PD,CENTRAL SQUARE,OSWEGO,NY0372300,current,,NY0372300,Central Square Village Police Department,city,Oswego
NY,LAW ENFORCEMENT AGENCIE NEWYORK,CENTRE ISLAND VILLAGE PD,OYSTER BAY,NASSAU,NY0294700,current,,NY0294700,Centre Island Village Police Department,city,Nassau
NY,LAW ENFORCEMENT AGENCIE NEWYORK,CHAMPLAIN PD,CHAMPLAIN,CLINTON,NY0092100,not_found,,,,,
NY,LAW ENFORCEMENT AGENCIE NEWYORK,CHARLOTTE TOWN PD,SINCLAIRVILLE,CHAUTAUQUA,NY0067300,not_found,,,,,
NY,LAW ENFORCEMENT AGENCIE NEWYORK,CHARLTON PD,BALLSTON LAKE,SARATOGA,NY0455100,not_found,,,,,
NY,LAW ENFORCEMENT AGENCIE NEWYORK,CHATHAM VILLAGE PD,CHATHAM,COLUMBIA,NY0102000,current,,NY0102000,Chatham Village Police Department,city,Columbia
NY,LAW ENFORCEMENT AGENCIE NEWYORK,CHAUMONT PD,CHAUMONT,JEFFERSON,NY0223500,not_found,,,,,
NY,LAW ENFORCEMENT AGENCIE NEWYORK,CHEEKTOWAGA PD,BUFFALO,ERIE,NY0145500,current,,NY0145500,Cheektowaga Town Police Department,city,Erie
NY,LAW ENFORCEMENT AGENCIE NEWYORK,CHERRY CREEK PD,CHERRY CREEK,CHAUTAUQUA,NY0062300,not_found,,,,,
NY,LAW ENFORCEMENT AGENCIE NEWYORK,CHERRY VALLEY PD,CHERRY VALLEY,OTSEGO,NY0382100,not_found,,,,,
NY,LAW ENFORCEMENT AGENCIE NEWYORK,CHESTER PD,CHESTER,ORANGE,NY0352100,current,,NY0352100,Chester Village Police Department,city,Orange
NY,LAW ENFORCEMENT AGENCIE NEWYORK,*TOWN OF CHESTER POLICE DEPARTMENT,CHESTER,ORANGE,NY0357700,current,,NY0357700,Chester Town Police Department,city,Orange
NY,LAW ENFORCEMENT AGENCIE NEWYORK,*STATE POLICE,CHESTERTOWN,N/A,NY1560100,not_found,,,,,
NY,LAW ENFORCEMENT AGENCIE NEWYORK,CHITTENANGO PD,CHITTENANGO,MADISON,NY0262900,current,,NY0262900,Chittenango Village Police Department,city,Madison
NY,LAW ENFORCEMENT AGENCIE NEWYORK,CICERO TOWN PD,CICERO,ONONDAGA,NY0335100,current,,NY0335100,Cicero Town Police Department,city,Onondaga
NY,LAW ENFORCEMENT AGENCIE NEWYORK,CLARKSTOWN PD,NEW CITY,ROCKLAND,NY0435000,current,,NY0435000,Clarkstown Town Police Department,city,Rockland
NY,LAW ENFORCEMENT AGENCIE NEWYORK,CLAY PD,CLAY,ONONDAGA,NY0335200,not_found,,,,,
NY,LAW ENFORCEMENT AGENCIE NEWYORK,CLAYTON PD,CLAYTON,JEFFERSON,NY0222800,current,,NY0222800,Clayton Village Police Department,city,Jefferson
NY,LAW ENFORCEMENT AGENCIE NEWYORK,CLEVELAND PD,CLEVELAND,OSWEGO,NY0372100,not_found,,,,,
NY,LAW ENFORCEMENT AGENCIE NEWYORK,CLIFTON SPRINGS PD,CLIFTON SPRINGS,ONTARIO,NY0342100,current,,NY0342100,Clifton Springs Village Police Department,city,Ontario
NY,LAW ENFORCEMENT AGENCIE NEWYORK,CLINTON PD,CLINTON,ONEIDA,NY0322500,not_found,,,,,
NY,LAW ENFORCEMENT AGENCIE NEWYORK,CLYDE PD,CLYDE,WAYNE,NY0582200,current,,NY0582200,Clyde Village Police Department,city,Wayne
NY,LAW ENFORCEMENT AGENCIE NEWYORK,COBLESKILL VILLAGE PD,COBLESKILL,SCHOHARIE,NY0472000,current,,NY0472000,Cobleskill Village Police Department,city,Schoharie
NY,LAW ENFORCEMENT AGENCIE NEWYORK,*STATE UNIVERSITY AGRICULTAND TECHNICAL COLLEGE PD,COBLESKILL,SCHOHARIE,NY0470400,not_found,,,,,
NY,LAW ENFORCEMENT AGENCIE NEWYORK,COEYMANS TOWN PD,COEYMANS,ALBANY,NY0015800,current,,NY0015800,Coeymans Town Police Department,city,Albany
NY,LAW ENFORCEMENT AGENCIE NEWYORK,COHOCTON PD,COHOCTON,STEUBEN,NY0502500,current,,NY0502500,Cohocton Town Police Department,city,Steuben
NY,LAW ENFORCEMENT AGENCIE NEWYORK,COHOES PD,COHOES,ALBANY,NY0010200,current,,NY0010200,Cohoes Police Department,city,Albany
NY,LAW ENFORCEMENT AGENCIE NEWYORK,COLCHESTER TOWN PD,DOWNSVILLE,DELAWARE,NY0124200,current,,NY0124200,Colchester Town Police Department,city,Delaware
NY,LAW ENFORCEMENT AGENCIE NEWYORK,COLD SPRING PD,COLD SPRING,PUTNAM,NY0392000,current,,NY0392000,Cold Spring Village Police Department,city,Putnam
NY,LAW ENFORCEMENT AGENCIE NEWYORK,*NELSONVILLE VILLAGE PD,COLD SPRING,PUTNAM,NY0392100,not_found,,,,,
NY,LAW ENFORCEMENT AGENCIE NEWYORK,*PHILLIPSTOWN PD,COLD SPRING,PUTNAM,NY0395300,not_found,,,,,
NY,LAW ENFORCEMENT AGENCIE NEWYORK,COLONIE PD,NEWTONVILLE,ALBANY,NY0015300,current,,NY0015300,Colonie Town Police Department,city,Albany
NY,LAW ENFORCEMENT AGENCIE NEWYORK,CONCORD PD,SPRINGVILLE,ERIE,NY0145900,not_found,,,,,
NY,LAW ENFORCEMENT AGENCIE NEWYORK,CONSTANTIA PD,CONSTANTIA,OSWEGO,NY0375300,not_found,,,,,
NY,LAW ENFORCEMENT AGENCIE NEWYORK,COOPERSTOWN PD,COOPERSTOWN,OTSEGO,NY0382400,current,,NY0382400,Cooperstown Village Police Department,city,Otsego
NY,LAW ENFORCEMENT AGENCIE NEWYORK,*SHERIFF'S OFFICE,COOPERSTOWN,OTSEGO,NY0380000,current,,NY0380000,Otsego County Sheriff's Office,county,Otsego
NY,LAW ENFORCEMENT AGENCIE NEWYORK,COPAKE TOWN POLICE DEPARTMENT,COPAKE,COLUMBIA,NY0105000,not_found,,,,,
NY,LAW ENFORCEMENT AGENCIE NEWYORK,COPENHAGEN PD,COPENHAGEN,LEWIS,NY0242100,not_found,,,,,
NY,LAW ENFORCEMENT AGENCIE NEWYORK,CORFU PD,CORFU,GENESEE,NY0182500,current,,NY0182500,Corfu Village Police Department,city,Genesee
NY,LAW ENFORCEMENT AGENCIE NEWYORK,CORINTH PD,CORINTH,SARATOGA,NY0452100,not_found,,,,,
NY,LAW ENFORCEMENT AGENCIE NEWYORK,CORNELL UNIVERSITY,ITHACA,TOMPKINS,NY0541100,not_found,,,,,
NY,LAW ENFORCEMENT AGENCIE NEWYORK,CORNING PD,CORNING,STEUBEN,NY0500100,current,,NY0500100,Corning Police Department,city,Steuben
NY,LAW ENFORCEMENT AGENCIE NEWYORK,*SOUTH CORNING PD,CORNING,STEUBEN,NY0503200,not_found,,,,,
NY,LAW ENFORCEMENT AGENCIE NEWYORK,CORNWALL TOWN PD,CORNWALL,ORANGE,NY0355200,current,,NY0355200,Cornwall Town Police Department,city,Orange
NY,LAW ENFORCEMENT AGENCIE NEWYORK,CORNWALL VILLAGE PD,CORNWALL-ON-THE- HUDSON,ORANGE,NY0352200,current,,NY0352200,Cornwall-on-Hudson Village Police Department,city,Orange
NY,LAW ENFORCEMENT AGENCIE NEWYORK,CORTLAND PD,CORTLAND,CORTLAND,NY0110100,current,,NY0110100,Cortland Police Department,city,Cortland
NY,LAW ENFORCEMENT AGENCIE NEWYORK,*SHERIFF’S OFFICE,CORTLAND,CORTLAND,NY0110000,current,,NY0110000,Cortland County Sheriff's Office,county,Cortland
NY,LAW ENFORCEMENT AGENCIE NEWYORK,*STATE UNIVERSITY COLLEGE,CORTLAND,CORTLAND,NY0110400,not_found,,,,,
NY,LAW ENFORCEMENT AGENCIE NEWYORK,*STATE POLICE,CORTLAND,N/A,NY1110100,not_found,,,,,
NY,LAW ENFORCEMENT AGENCIE NEWYORK,COVE NECK VILLAGE PD,OYSTER BAY,NASSAU,NY0296200,not_found,,,,,
NY,LAW ENFORCEMENT AGENCIE NEWYORK,COXSACKIE PD,COXSACKIE,GREENE,NY0192200,current,,NY0192200,Coxsackie Village Police Department,city,Greene
NY,LAW ENFORCEMENT AGENCIE NEWYORK,CROGHAN PD,CROGHAN,LEWIS,NY0242000,not_found,,,,,
NY,LAW ENFORCEMENT AGENCIE NEWYORK,CROTON-ON-HUDSON PD,CROTON-ON-HUDSON,WESTCHESTER,NY0592100,current,,NY0592100,Croton-on-Hudson Village Police Department,city,Westchester
NY,LAW ENFORCEMENT AGENCIE NEWYORK,CUBA PD,CUBA,ALLEGANY,NY0022600,current,,NY0022600,Cuba Town Police Department,city,Allegany
NY,LAW ENFORCEMENT AGENCIE NEWYORK,DANNEMORA PD,DANNEMORA,CLINTON,NY0092300,not_found,,,,,
NY,LAW ENFORCEMENT AGENCIE NEWYORK,DANSVILLE PD,DANSVILLE,LIVINGTON,NY0252700,current,,NY0252700,Dansville Village Police Department,city,Livingston
NY,LAW ENFORCEMENT AGENCIE NEWYORK,DEERPARK TOWN PD,HUGUENOT,ORANGE,NY0357100,current,,NY0357100,Deerpark Town Police Department,city,Orange
NY,LAW ENFORCEMENT AGENCIE NEWYORK,DEFERIET PD,DEFERIET,JEFFERSON,NY0224000,not_found,,,,,
NY,LAW ENFORCEMENT AGENCIE NEWYORK,DELHI VILLAGE PD,DELHI,DELAWARE,NY0122100,current,,NY0122100,Delhi Village Police Department,city,Delaware
NY,LAW ENFORCEMENT AGENCIE NEWYORK,*SHERIFF'S OFFICE,DELHI,DELAWARE,NY0120000,current,,NY0120000,Delaware County Sheriff's Office,county,Delaware
NY,LAW ENFORCEMENT AGENCIE NEWYORK,*STATE UNIVERSITY AGRICULTAND TECHNICAL COLLEGE PD,DELHI,DELAWARE,NY0120400,not_found,,,,,
NY,LAW ENFORCEMENT AGENCIE NEWYORK,DEPARTMENT OF ENVIRONMENTCONSERVATION,ALBANY,ALBANY,NY0015600,not_found,,,,,
NY,LAW ENFORCEMENT AGENCIE NEWYORK,DEPARTMENT OF MOTOR,NEW YORK,N/A,NYDMVNY00,not_found,,,,,
NY,LAW ENFORCEMENT AGENCIE NEWYORK,DEPEW PD,DEPEW,ERIE,NY0142400,current,,NY0142400,Depew Village Police Department,city,Erie
NY,LAW ENFORCEMENT AGENCIE NEWYORK,DEPOSIT PD,DEPOSIT,BROOME,NY0032200,not_found,,,,,
NY,LAW ENFORCEMENT AGENCIE NEWYORK,*STATE POLICE,DEPOSIT,N/A,NY1120200,not_found,,,,,
NY,LAW ENFORCEMENT AGENCIE NEWYORK,DEWITT PD,EAST SYRACUSE,ONONDAGA,NY0335300,current,,NY0335300,Dewitt Town Police Department,city,Onondaga
NY,LAW ENFORCEMENT AGENCIE NEWYORK,DEXTER PD,DEXTER,JEFFERSON,NY0222400,current,,NY0222400,Dexter Village Police Department,city,Jefferson
NY,LAW ENFORCEMENT AGENCIE NEWYORK,DOBBS FERRY PD,DOBBS FERRY,WESTCHESTER,NY0592500,current,,NY0592500,Dobbs Ferry Village Police Department,city,Westchester
NY,LAW ENFORCEMENT AGENCIE NEWYORK,DOLGEVILLE VILLAGE PD,DOLGEVILLE,HERKIMER,NY0212500,current,,NY0212500,Dolgeville Village Police Department,city,"Fulton, Herkimer"
NY,LAW ENFORCEMENT AGENCIE NEWYORK,DRESDEN PD,DRESDEN,YATES,NY0612300,not_found,,,,,
NY,LAW ENFORCEMENT AGENCIE NEWYORK,*STATE POLICE,DRESDEN,N/A,NY1610100,not_found,,,,,
NY,LAW ENFORCEMENT AGENCIE NEWYORK,DRYDEN PD,DRYDEN,TOMPKINS,NY0542000,current,,NY0542000,Dryden Village Police Department,city,Tompkins
NY,LAW ENFORCEMENT AGENCIE NEWYORK,DUNDEE PD,DUNDEE,YATES,NY0612200,not_found,,,,,
NY,LAW ENFORCEMENT AGENCIE NEWYORK,DUNKIRK CITY PD,DUNKIRK,CHAUTAUQUA,NY0060100,current,,NY0060100,Dunkirk Police Department,city,Chautauqua
NY,LAW ENFORCEMENT AGENCIE NEWYORK,EARLVILLE PD,EARLVILLE,CHENANGO,NY0082600,not_found,,,,,
NY,LAW ENFORCEMENT AGENCIE NEWYORK,EARLVILLE PD,EARLVILLE,MADISON,NY0262400,not_found,,,,,
NY,LAW ENFORCEMENT AGENCIE NEWYORK,EAST AURORA PD,EAST AURORA,ERIE,NY0142200,current,,NY0142200,East Aurora-Aurora Town Police Department,city,Erie
NY,LAW ENFORCEMENT AGENCIE NEWYORK,*STATE POLICE,EAST AURORA,N/A,NY1140300,not_found,,,,,
NY,LAW ENFORCEMENT AGENCIE NEWYORK,*TOWN OF DURHAM POLICE DEPARTMENT,EAST DURHAM,GREENE,NY0195100,current,,NY0195100,Durham Town Police Department,city,Greene
NY,LAW ENFORCEMENT AGENCIE NEWYORK,EAST FISHKILL TOWN PD,HOPEWELL JUNCTION,DUTCHESS,NY0136600,current,,NY0136600,East Fishkill Town Police Department,city,Dutchess
NY,LAW ENFORCEMENT AGENCIE NEWYORK,EAST GREENBRUSH PD,EAST GREENBRUSH,RENSSELAER,NY0415200,current,,NY0415200,East Greenbush Town Police Department,city,Rensselaer
NY,LAW ENFORCEMENT AGENCIE NEWYORK,*STATE POLICE,EAST GREENBUSH,N/A,NY1410200,not_found,,,,,
NY,LAW ENFORCEMENT AGENCIE NEWYORK,EAST HAMPTON TOWN PD,EAST HAMPTON,SUFFOLK,NY0515200,current,,NY0515200,East Hampton Town Police Department,city,Suffolk
NY,LAW ENFORCEMENT AGENCIE NEWYORK,EAST HAMPTON VILLAGE PD,EAST HAMPTON,SUFFOLK,NY0513200,current,,NY0513200,East Hampton Village Police Department,city,Suffolk
NY,LAW ENFORCEMENT AGENCIE NEWYORK,EAST HILLS PD,ROSLYN,NASSAU,NY0291100,not_found,,,,,
NY,LAW ENFORCEMENT AGENCIE NEWYORK,EAST ROCHESTER PD,EAST ROCHESTER,MONROE,NY0272400,current,,NY0272400,East Rochester Village Police Department,city,Monroe
NY,LAW ENFORCEMENT AGENCIE NEWYORK,EAST ROCKAWAY PD,EAST ROCKAWAY,NASSAU,NY0291200,not_found,,,,,
NY,LAW ENFORCEMENT AGENCIE NEWYORK,EAST SYRACUSE VILLAGE PD,EAST SYRACUSE,ONONDAGA,NY0332100,not_found,,,,,
NY,LAW ENFORCEMENT AGENCIE NEWYORK,DEWITT PD,EAST SYRACUSE,ONONDAGA,NY0335300,current,,NY0335300,Dewitt Town Police Department,city,Onondaga
NY,LAW ENFORCEMENT AGENCIE NEWYORK,EAST WILLISTON PD,EAST WILLISTON,NASSAU,NY0291300,not_found,,,,,
NY,LAW ENFORCEMENT AGENCIE NEWYORK,EASTCHESTER PD,EASTCHESTER,WESTCHESTER,NY0595200,current,,NY0595200,Eastchester Town Police Department,city,Westchester
NY,LAW ENFORCEMENT AGENCIE NEWYORK,EDEN PD,EDEN,ERIE,NY0146100,current,,NY0146100,Eden Town Police Department,city,Erie
NY,LAW ENFORCEMENT AGENCIE NEWYORK,ELBRIDGE PD,ELBRIDGE,ONONDAGA,NY0332300,not_found,,,,,
NY,LAW ENFORCEMENT AGENCIE NEWYORK,ELLENVILLE PD,ELLENVILLE,ULSTER,NY0552600,current,,NY0552600,Ellenville Village Police Department,city,Ulster
NY,LAW ENFORCEMENT AGENCIE NEWYORK,*STATE POLICE,ELLENVILLE,N/A,NY1550100,not_found,,,,,
NY,LAW ENFORCEMENT AGENCIE NEWYORK,ELLICOTT TOWN PD,FALCONER,CHAUTAUQUA,NY0065900,current,,NY0065900,Ellicott Town Police Department,city,Chautauqua
NY,LAW ENFORCEMENT AGENCIE NEWYORK,ELLICOTTVILLE TOWN PD,ELLICOTTVILLE,CATTARAUGUS,NY0045800,not_found,,,,,
NY,LAW ENFORCEMENT AGENCIE NEWYORK,ELLICOTTVILLE VILLAGE PD,ELLICOTTVILLE,CATTARAUGUS,NY0042300,current,,NY0042300,Ellicottville Police Department,city,Cattaraugus
NY,LAW ENFORCEMENT AGENCIE NEWYORK,ELLINGTON TOWN PD,ELLINGTON,CHAUTAUQUA,NY0067700,not_found,,,,,
NY,LAW ENFORCEMENT AGENCIE NEWYORK,ELMIRA HEIGHTS PD,ELMIRA,CHEMUNG,NY0072100,current,,NY0072100,Elmira Heights Village Police Department,city,Chemung
NY,LAW ENFORCEMENT AGENCIE NEWYORK,ELMIRA PD,ELMIRA,CHEMUNG,NY0070100,current,,NY0070100,Elmira Police Department,city,Chemung
NY,LAW ENFORCEMENT AGENCIE NEWYORK,ELMIRA TOWN PD,ELMIRA,CHEMUNG,NY0075500,current,,NY0075500,Elmira Town Police Department,city,Chemung
NY,LAW ENFORCEMENT AGENCIE NEWYORK,*SHERIFF’S OFFICE,ELMIRA,CHEMUNG,NY0070000,current,,NY0070000,Chemung County Sheriff's Office,county,Chemung
NY,LAW ENFORCEMENT AGENCIE NEWYORK,*SOUTHPORT PD,ELMIRA,CHEMUNG,NY0075800,not_found,,,,,
NY,LAW ENFORCEMENT AGENCIE NEWYORK,*WEST ELMIRA PD,ELMIRA,CHEMUNG,NY0072500,not_found,,,,,
NY,LAW ENFORCEMENT AGENCIE NEWYORK,ELMSFORD PD,ELMSFORD,WESTCHESTER,NY0593900,current,,NY0593900,Elmsford Village Police Department,city,Westchester
NY,LAW ENFORCEMENT AGENCIE NEWYORK,ENDICOTT PD,ENDICOTT,BROOME,NY0030200,current,,NY0030200,Endicott Village Police Department,city,Broome
NY,LAW ENFORCEMENT AGENCIE NEWYORK,ERIE COUNTY DEPARTMENT OFCENTRAL POLICE SERVICES,BUFFALO,ERIE,NY0143500,not_found,,,,,
NY,LAW ENFORCEMENT AGENCIE NEWYORK,EVANS PD,ERIE COUNTY,ERIE,NY0146300,current,,NY0146300,Evans Town Police Department,city,Erie
NY,LAW ENFORCEMENT AGENCIE NEWYORK,ESOPUS TOWN PD,ESOPUS,ULSTER,NY0559700,current,,NY0559700,Olive Town Police Department,city,Ulster
NY,LAW ENFORCEMENT AGENCIE NEWYORK,EVANS PD,ERIE COUNTY,ERIE,NY0146300,current,,NY0146300,Evans Town Police Department,city,Erie
NY,LAW ENFORCEMENT AGENCIE NEWYORK,FABIUS PD,FABIUS,ONONDAGA,NY0332500,not_found,,,,,
NY,LAW ENFORCEMENT AGENCIE NEWYORK,FAIR HAVEN VILLAGE PD,FAIR HAVEN,CAYUGA,NY0052700,not_found,,,,,
NY,LAW ENFORCEMENT AGENCIE NEWYORK,FAIRPORT PD,FAIRPORT,MONROE,NY0272500,current,,NY0272500,Fairport Village Police Department,city,Monroe
NY,LAW ENFORCEMENT AGENCIE NEWYORK,FALCONER PD,FALCONER,CHAUTAUQUA,NY,not_found,,,,,
NY,LAW ENFORCEMENT AGENCIE NEWYORK,*ELLICOTT TOWN PD,FALCONER,CHAUTAUQUA,NY0065900,current,,NY0065900,Ellicott Town Police Department,city,Chautauqua
NY,LAW ENFORCEMENT AGENCIE NEWYORK,*STATE POLICE,FALCONER,N/A,NY1060100,not_found,,,,,
NY,LAW ENFORCEMENT AGENCIE NEWYORK,FALLSBURG PD,SOUTH FALLSBURG,SULLIVAN,NY0525400,current,,NY0525400,Fallsburg Town Police Department,city,Sullivan
NY,LAW ENFORCEMENT AGENCIE NEWYORK,FARMINGDALE PD,FARMINGDALE,NASSAU,NY0291400,not_found,,,,,
NY,LAW ENFORCEMENT AGENCIE NEWYORK,*STATE UNIVERSITY AGRICULTAND TECHICAL COLLEGE PD,FARMINGDALE,NASSAU,NY0296800,not_found,,,,,
NY,LAW ENFORCEMENT AGENCIE NEWYORK,FAYETTEVILLE PD,FAYETTEVILLE,ONONDAGA,NY0332800,not_found,,,,,
NY,LAW ENFORCEMENT AGENCIE NEWYORK,FINGER LAKES STATE PARK COMMISSION,TRUMANSBURG,TOMPKINS,NY0549000,current,,NY0549000,State Park: Finger Lakes Region,other_state,
NY,LAW ENFORCEMENT AGENCIE NEWYORK,FISHKILL TOWN PD,FISHKILL,DUTCHESS,NY0136400,current,,NY0136400,Fishkill Town Police Department,city,Dutchess
NY,LAW ENFORCEMENT AGENCIE NEWYORK,FISHKILL VILLAGE PD,FISHKILL,DUTCHESS,NY0132000,current,,NY0132000,Fishkill Village Police Department,city,Dutchess
NY,LAW ENFORCEMENT AGENCIE NEWYORK,*STATE POLICE,FISHKILL,N/A,NY1130100,not_found,,,,,
NY,LAW ENFORCEMENT AGENCIE NEWYORK,FLEISCHMANNS PD,FLEISCHMANNS,DELAWARE,NY0123000,not_found,,,,,
NY,LAW ENFORCEMENT AGENCIE NEWYORK,FLORAL PARK PD,FLORAL PARK,NASSAU,NY0290300,current,,NY0290300,Floral Park Village Police Department,city,Nassau
NY,LAW ENFORCEMENT AGENCIE NEWYORK,FLORIDA PD,FLORIDA,ORANGE,NY0353400,current,,NY0353400,Florida Village Police Department,city,Orange
NY,LAW ENFORCEMENT AGENCIE NEWYORK,FLOWER HILL PD,PORT WASHINGTON,NASSAU,NY0291500,not_found,,,,,
NY,LAW ENFORCEMENT AGENCIE NEWYORK,FORESTVILLE PD,FORESTVILLE,CHAUTAUQUA,NY0062600,not_found,,,,,
NY,LAW ENFORCEMENT AGENCIE NEWYORK,*HANOVER PD,FORESTVILLE,CHAUTAUQUA,NY0066300,not_found,,,,,
NY,LAW ENFORCEMENT AGENCIE NEWYORK,FORT EDWARD PD,FORT EDWARD,WASHINGTON,NY0572400,not_found,,,,,
NY,LAW ENFORCEMENT AGENCIE NEWYORK,FORT MONTGOMERY PD,FORT MONTGOMERY,ORANGE,NY0352700,current,,NY0352700,Montgomery Village Police Department,city,Orange
NY,LAW ENFORCEMENT AGENCIE NEWYORK,*HIGHLANDS PD,FORT MONTGOMERY,ORANGE,NY0355800,current,,NY0355800,Highlands Town Police Department,city,Orange
NY,LAW ENFORCEMENT AGENCIE NEWYORK,FORT PLAIN PD,FORT PLAIN,MONTGOMERY,NY0282400,current,,NY0282400,Fort Plain Village Police Department,city,Montgomery
NY,LAW ENFORCEMENT AGENCIE NEWYORK,*STATE UNIVERSITY MARITIMECOLLEGE PD,FORT SCHUYLER,BRONX,NY0620400,not_found,,,,,
NY,LAW ENFORCEMENT AGENCIE NEWYORK,FRANKFORT PD,FRANKFORT,HERKIMER,NY0212100,current,,NY0212100,Frankfort Village Police Department,city,Herkimer
NY,LAW ENFORCEMENT AGENCIE NEWYORK,FRANKLINVILLE PD,FRANKLINVILLE,CATTARAUGUS,NY0042400,current,,NY0042400,Franklinville Village Police Department,city,Cattaraugus
NY,LAW ENFORCEMENT AGENCIE NEWYORK,*STATE POLICE,FRANKLINVILLE,N/A,NY1040200,not_found,,,,,
NY,LAW ENFORCEMENT AGENCIE NEWYORK,FREDONIA PD,FREDONIA,CHAUTAUQUA,NY0062900,current,,NY0062900,Fredonia Village Police Department,city,Chautauqua
NY,LAW ENFORCEMENT AGENCIE NEWYORK,*POMFRET TOWN PD,FREDONIA,CHAUTAUQUA,NY0067600,not_found,,,,,
NY,LAW ENFORCEMENT AGENCIE NEWYORK,*STATE UNIVERSITY COLLEGE,FREDONIA,CHAUTAUQUA,NY0060400,not_found,,,,,
NY,LAW ENFORCEMENT AGENCIE NEWYORK,*STATE POLICE,FREDONIA,N/A,NY1060200,not_found,,,,,
NY,LAW ENFORCEMENT AGENCIE NEWYORK,*STATE POLICE-THRUWAY,FREDONIA,N/A,NY1060300,not_found,,,,,
NY,LAW ENFORCEMENT AGENCIE NEWYORK,FREEDOM TOWN PD,FREEDOM,CATTARAUGUS,NY0046100,not_found,,,,,
NY,LAW ENFORCEMENT AGENCIE NEWYORK,FREEPORT PD,FREEPORT,NASSAU,NY0290400,current,,NY0290400,Freeport Village Police Department,city,Nassau
NY,LAW ENFORCEMENT AGENCIE NEWYORK,FREEVILLE PD,FREEVU.LE,TOMPKINS,NY0542100,not_found,,,,,
NY,LAW ENFORCEMENT AGENCIE NEWYORK,FRIENDSHIP PD,FRIENDSHIP,ALLEGANY,NY0022700,not_found,,,,,
NY,LAW ENFORCEMENT AGENCIE NEWYORK,FULTON PD,FULTON,OSWEGO,NY0370100,current,,NY0370100,Fulton City Police Department,city,Oswego
NY,LAW ENFORCEMENT AGENCIE NEWYORK,*STATE POLICE,FULTON,N/A,NY1370100,not_found,,,,,
NY,LAW ENFORCEMENT AGENCIE NEWYORK,*STATE POLICE-THRUWAY,FULTONVILLE,N/A,NY1280200,not_found,,,,,
NY,LAW ENFORCEMENT AGENCIE NEWYORK,GAINESVILLE VILLAGE PD,GAINESVILLE,WYOMING,NY0602900,not_found,,,,,
NY,LAW ENFORCEMENT AGENCIE NEWYORK,*PIKE VILLAGE PD,GAINESVILLE,WYOMING,NY0602600,not_found,,,,,
NY,LAW ENFORCEMENT AGENCIE NEWYORK,GALWAY PD,BALLSTON SPA,SARATOGA,NY0456900,not_found,,,,,
NY,LAW ENFORCEMENT AGENCIE NEWYORK,GARDEN CITY PD,GARDEN CITY,NASSAU,NY0290500,current,,NY0290500,Garden City Village Police Department,city,Nassau
NY,LAW ENFORCEMENT AGENCIE NEWYORK,GATES TOWN PD,ROCHESTER,MONROE,NY0275300,current,,NY0275300,Gates Town Police Department,city,Monroe
NY,LAW ENFORCEMENT AGENCIE NEWYORK,GEDDES PD,SOLVAY,ONONDAGA,NY0335600,current,,NY0335600,Geddes Town Police Department,city,Onondaga
NY,LAW ENFORCEMENT AGENCIE NEWYORK,GENESEO PD,GENESEO,LIVINGTON,NY0252200,current,,NY0252200,Geneseo Village Police Department,city,Livingston
NY,LAW ENFORCEMENT AGENCIE NEWYORK,*SHERIFF'S OFFICE,GENESEO,LIVINGSTON,NY0250000,current,,NY0250000,Livingston County Sheriff's Office,county,Livingston
NY,LAW ENFORCEMENT AGENCIE NEWYORK,*STATE UNIVERSITY COLLEGE,GENESEO,LIVINGTON,NY0250400,not_found,,,,,
NY,LAW ENFORCEMENT AGENCIE NEWYORK,*STATE POLICE,GENESEO,N/A,NY1250100,not_found,,,,,
NY,LAW ENFORCEMENT AGENCIE NEWYORK,GENESSEE STATE PARK COMMISSION,CASTILE,WYOMING,NY0609000,current,,NY0609000,State Park: Genesee Region,other_state,
NY,LAW ENFORCEMENT AGENCIE NEWYORK,GENEVA PD,GENEVA,ONTARIO,NY0340200,current,,NY0340200,Geneva Police Department,city,Ontario
NY,LAW ENFORCEMENT AGENCIE NEWYORK,GERMANTOWN PD,GERMANTOWN,COLUMBIA,NY0100400,not_found,,,,,
NY,LAW ENFORCEMENT AGENCIE NEWYORK,GLEN COVE PD,GLEN COVE,NASSAU,NY0290100,current,,NY0290100,Glen Cove Police Department,city,Nassau
NY,LAW ENFORCEMENT AGENCIE NEWYORK,*BROOKVILLE PD,GLEN HEAD,NASSAU,NY0298700,not_found,,,,,
NY,LAW ENFORCEMENT AGENCIE NEWYORK,*OLD BROOKVILLE PD,GLEN HEAD,NASSAU,NY0297200,current,,NY0297200,Old Brookville Village Police Department,city,Nassau
NY,LAW ENFORCEMENT AGENCIE NEWYORK,*UPPER BROOKVILLE PD,GLEN HEAD,NASSAU,NY0295400,not_found,,,,,
NY,LAW ENFORCEMENT AGENCIE NEWYORK,GLEN PARK PD,WATERTOWN,JEFFERSON,NY0222500,current,,NY0222500,Glen Park Village Police Department,city,Jefferson
NY,LAW ENFORCEMENT AGENCIE NEWYORK,*SOUTH GLENS FALLS PD,GLENS FALLS,SARATOGA,NY0452400,current,,NY0452400,South Glens Falls Village Police Department,city,Saratoga
NY,LAW ENFORCEMENT AGENCIE NEWYORK,GLENS FALLS,GLENS FALLS,WARREN,NY0560100,current,,NY0560100,Glens Falls Police Department,city,Warren
NY,LAW ENFORCEMENT AGENCIE NEWYORK,GLENVILLE PD,SCOTIA,SCHENECTADY,NY0465100,current,,NY0465100,Glenville Town Police Department,city,Schenectady
NY,LAW ENFORCEMENT AGENCIE NEWYORK,GLOVERSVILLE PD,GLOVERSVILLE,FULTON,NY0170100,current,,NY0170100,Gloversville Police Department,city,Fulton
NY,LAW ENFORCEMENT AGENCIE NEWYORK,GOSHEN PD,GOSHEN,ORANGE,NY0352300,current,,NY0352300,Goshen Village Police Department,city,Orange
NY,LAW ENFORCEMENT AGENCIE NEWYORK,*SHERIFF’S OFFICE,GOSHEN,ORANGE,NY0350000,current,,NY0350000,Orange County Sheriff's Office,county,Orange
NY,LAW ENFORCEMENT AGENCIE NEWYORK,GOUVERNEUR PD,GOUVERNEUR,"ST, LAWRENCE",NY0442300,current,,NY0442300,Gouverneur Village Police Department,city,St Lawrence
NY,LAW ENFORCEMENT AGENCIE NEWYORK,*STATE POLICE,GOUVERNEUR,N/A,NY1440200,not_found,,,,,
NY,LAW ENFORCEMENT AGENCIE NEWYORK,GOWANDA PD,GOWANDA,CATTARAUGUS,NY0042700,not_found,,,,,
NY,LAW ENFORCEMENT AGENCIE NEWYORK,GOWANDA VILLAGE PD,GOWANDA,ERIE,NY0142600,current,,NY0142600,Gowanda Village Police Department,city,"Cattaraugus, Erie"
NY,LAW ENFORCEMENT AGENCIE NEWYORK,GRAND ISLAND PD,GRAND ISLAND,ERIE,NY0146400,current,,NY0146400,Grand Island Police Department,city,Erie
NY,LAW ENFORCEMENT AGENCIE NEWYORK,GRANDVIEW ON HUDSON VILLAPD,NYACK,ROCKLAND,NY0432300,not_found,,,,,
NY,LAW ENFORCEMENT AGENCIE NEWYORK,GRANVILLE PD,GRANVILLE,WASHINGTON,NY0572500,current,,NY0572500,Granville Village Police Department,city,Washington
NY,LAW ENFORCEMENT AGENCIE NEWYORK,GREAT NECK ESTATE VILLAGE,GREAT NECK,NASSAU,NY0293300,current,,NY0293300,Great Neck Estates Village Police Department,city,Nassau
NY,LAW ENFORCEMENT AGENCIE NEWYORK,GREAT NECK PD,GREAT NECK,NASSAU,NY0291600,not_found,,,,,
NY,LAW ENFORCEMENT AGENCIE NEWYORK,GREAT NECK PLAZA PD,GREAT NECK,NASSAU,NY0291700,not_found,,,,,
NY,LAW ENFORCEMENT AGENCIE NEWYORK,*KENSINGTON PD,GREAT NECK,NASSAU,NY0294100,current,,NY0294100,Kensington Village Police Department,city,Nassau
NY,LAW ENFORCEMENT AGENCIE NEWYORK,*KINGS POINT PD,GREAT NECK,NASSAU,NY0294400,current,,NY0294400,Kings Point Village Police Department,city,Nassau
NY,LAW ENFORCEMENT AGENCIE NEWYORK,*THOMASTON PD,GREAT NECK,NASSAU,NY029270Ö,not_found,,,,,
NY,LAW ENFORCEMENT AGENCIE NEWYORK,GREECE PD,ROCHESTER,MONROE,NY0275400,current,,NY0275400,Greece Town Police Department,city,Monroe
NY,LAW ENFORCEMENT AGENCIE NEWYORK,GREEN ISLAND PD,TROY,ALBANY,NY0012000,current,,NY0012000,Green Island Village Police Department,city,Albany
NY,LAW ENFORCEMENT AGENCIE NEWYORK,GREENBURGH PD,WHITE PLAINS,WESTCHESTER,NY0595300,current,,NY0595300,Greenburgh Town Police Department,city,Westchester
NY,LAW ENFORCEMENT AGENCIE NEWYORK,GREENE PD,GREENE,CHENANGO,NY0082200,current,,NY0082200,Greene Village Police Department,city,Chenango
NY,LAW ENFORCEMENT AGENCIE NEWYORK,GREENPORT PD,GREENPORT,SUFFOLK,NY0512700,not_found,,,,,
NY,LAW ENFORCEMENT AGENCIE NEWYORK,GREENPORT TOWN PD,HUDSON,COLUMBIA,NY0100300,current,,NY0100300,Greenport Town Police Department,city,Columbia
NY,LAW ENFORCEMENT AGENCIE NEWYORK,GREENVILLE PD,GREENVILLE,; GREENE,NY0192400,not_found,,,,,
NY,LAW ENFORCEMENT AGENCIE NEWYORK,GREENVILLE TOWN,PORT JERVIS,ORANGE,NY0357500,not_found,,,,,
NY,LAW ENFORCEMENT AGENCIE NEWYORK,GREENWICH PD,GREENWICH,WASHINGTON,NY0572200,current,,NY0572200,Greenwich Village Police Department,city,Washington
NY,LAW ENFORCEMENT AGENCIE NEWYORK,GREENWOOD LAKE PD,GREENWOOD LAKE,ORANGE,NY0353300,current,,NY0353300,Greenwood Lake Village Police Department,city,Orange
NY,LAW ENFORCEMENT AGENCIE NEWYORK,GROTON PD,GROTON,TOMPKINS,NY0542200,current,,NY0542200,Groton Village Police Department,city,Tompkins
NY,LAW ENFORCEMENT AGENCIE NEWYORK,GUILDERLAND TOWN PD,GUILDERLAND,ALBANY,NY0015200,current,,NY0015200,Guilderland Town Police Department,city,Albany
NY,LAW ENFORCEMENT AGENCIE NEWYORK,HAGUE TOWN PD,HAGUE,WARREN,NY0565300,not_found,,,,,
NY,LAW ENFORCEMENT AGENCIE NEWYORK,HAMBURG TOWN PD,HAMBURG,ERIE,NY0146500,current,,NY0146500,Hamburg Town Police Department,city,Erie
NY,LAW ENFORCEMENT AGENCIE NEWYORK,HAMBURG VILLAGE PD,HAMBURG,ERIE,NY0143000,current,,NY0143000,Hamburg Village Police Department,city,Erie
NY,LAW ENFORCEMENT AGENCIE NEWYORK,HAMILTON PD,HAMILTON,MADISON,NYÇ262500,not_found,,,,,
NY,LAW ENFORCEMENT AGENCIE NEWYORK,HAMMONDSPORT PD,HAMMONDSPORT,STEUBEN,NY0502800,current,,NY0502800,Hammondsport Village Police Department,city,Steuben
NY,LAW ENFORCEMENT AGENCIE NEWYORK,*URBANA TOWN PD,HAMMONDSPORT,STEUBEN,NY0507600,not_found,,,,,
NY,LAW ENFORCEMENT AGENCIE NEWYORK,HAMPTON BAYS VILLAGE PD,HAMPTON BAYS,SUFFOLK,NY0517000,not_found,,,,,
NY,LAW ENFORCEMENT AGENCIE NEWYORK,*SOUTHAMPTON TOWN PD,HAMPTON BAYS,SUFFOLK,NY0515800,current,,NY0515800,Southampton Town Police Department,city,Suffolk
NY,LAW ENFORCEMENT AGENCIE NEWYORK,HANCOCK VILLAGE PD,HANCOCK,DELAWARE,NY0122400,current,,NY0122400,Hancock Village Police Department,city,Delaware
NY,LAW ENFORCEMENT AGENCIE NEWYORK,HANNIBAL VILLAGE PD,HANNIBAL,OSWEGO,NY0372200,not_found,,,,,
NY,LAW ENFORCEMENT AGENCIE NEWYORK,HANOVER PD,FORESTVILLE,CHAUTAUQUA,NY0066300,not_found,,,,,
NY,LAW ENFORCEMENT AGENCIE NEWYORK,HARRISON PD,HARRISON,WESTCHESTER,NY0595400,current,,NY0595400,Harrison Town Police Department,city,Westchester
NY,LAW ENFORCEMENT AGENCIE NEWYORK,HARRISVILLE PD,HARRISVILLE,LEWIS,NY0242200,not_found,,,,,
NY,LAW ENFORCEMENT AGENCIE NEWYORK,HASTINGS ON HUDSON PD,HASTINGS ON HUDSON,WESTCHESTER,NY0592600,current,,NY0592600,Hastings-on-Hudson Village Police Department,city,Westchester
NY,LAW ENFORCEMENT AGENCIE NEWYORK,HAVERSTRAW TOWN PD,GARNERVILLE,ROCKLAND,NY0435100,current,,NY0435100,Haverstraw Town Police Department,city,Rockland
NY,LAW ENFORCEMENT AGENCIE NEWYORK,HAVERSTRAW VILLAGE PD,HAVERSTRAW,ROCKLAND,NY0432100,not_found,,,,,
NY,LAW ENFORCEMENT AGENCIE NEWYORK,HEAD OF THE HARBOR PD,ST. JAMES,SUFFOLK,NY0514600,current,,NY0514600,Head of the Harbor Village Police Department,city,Suffolk
NY,LAW ENFORCEMENT AGENCIE NEWYORK,HEMPSTEAD PD,HEMPSTEAD,NASSAU,NY0290600,current,,NY0290600,Hempstead Village Police Department,city,Nassau
NY,LAW ENFORCEMENT AGENCIE NEWYORK,HENDERSON TOWN PD,HENDERSON,JEFFERSON,NY0224100,not_found,,,,,
NY,LAW ENFORCEMENT AGENCIE NEWYORK,HERKIMER PD,HERKIMER,HERKIMER,NY0212400,current,,NY0212400,Herkimer Village Police Department,city,Herkimer
NY,LAW ENFORCEMENT AGENCIE NEWYORK,*SHERIFF'S OFFICE,HERKIMER,HERKIMER,NY0210000,current,,NY0210000,Herkimer County Sheriff's Office,county,Herkimer
NY,LAW ENFORCEMENT AGENCIE NEWYORK,*STATE POLICE,HERKIMER,N/A,NY1210100,not_found,,,,,
NY,LAW ENFORCEMENT AGENCIE NEWYORK,HIGHLAND FALLS PD,HIGHLAND FALLS,ORANGE,NY0352400,current,,NY0352400,Highland Falls Village Police Department,city,Orange
NY,LAW ENFORCEMENT AGENCIE NEWYORK,*WOODBURY TOWN PD,HIGHLAND MILLS,ORANGE,NY0356900,current,,NY0356900,Woodbury Town Police Department,city,Orange
NY,LAW ENFORCEMENT AGENCIE NEWYORK,HIGHLAND PD,HIGHLAND,ULSTER,NY0550200,not_found,,,,,
NY,LAW ENFORCEMENT AGENCIE NEWYORK,*STATE POLICE,HIGHLAND,N/A,NY1550300,not_found,,,,,
NY,LAW ENFORCEMENT AGENCIE NEWYORK,HIGHLANDS PD,FORT MONTGOMERY,ORANGE,NY0355800,current,,NY0355800,Highlands Town Police Department,city,Orange
NY,LAW ENFORCEMENT AGENCIE NEWYORK,*LLOYD PD,HIGHLAND,ULSTER,NY0555600,current,,NY0555600,Lloyd Town Police Department,city,Ulster
NY,LAW ENFORCEMENT AGENCIE NEWYORK,HOLLAND PATENT PD,HOLLAND PATENT,ONEIDA,NY0323000,not_found,,,,,
NY,LAW ENFORCEMENT AGENCIE NEWYORK,HOLLAND PD,HOLLAND,ERIE,NY0146600,not_found,,,,,
NY,LAW ENFORCEMENT AGENCIE NEWYORK,HOLLEY PD,HOLLEY,ORLEANS,NY0362100,current,,NY0362100,Holley Village Police Department,city,Orleans
NY,LAW ENFORCEMENT AGENCIE NEWYORK,HOMER PD,HOMER,CORTLAND,NY0112000,current,,NY0112000,Homer Village Police Department,city,Cortland
NY,LAW ENFORCEMENT AGENCIE NEWYORK,HONEOYE FALLS PD,HONEOYE FALLS,MONROE,NY0272100,not_found,,,,,
NY,LAW ENFORCEMENT AGENCIE NEWYORK,HOOSICK FALLS PD,HOOSICK FALLS,RENSSELAER,NY0412000,current,,NY0412000,Hoosick Falls Village Police Department,city,Rensselaer
NY,LAW ENFORCEMENT AGENCIE NEWYORK,HORNELL PD,HORNELL,STEUBEN,NY0500200,current,,NY0500200,Hornell Police Department,city,Steuben
NY,LAW ENFORCEMENT AGENCIE NEWYORK,*NORTH HORNELL PD,HORNELL,STEUBEN,NY0503400,current,,NY0503400,North Hornell Village Police Department,city,Steuben
NY,LAW ENFORCEMENT AGENCIE NEWYORK,HORSEHEADS PD,HORSEHEADS,CHEMUNG,NY0072200,current,,NY0072200,Horseheads Village Police Department,city,Chemung
NY,LAW ENFORCEMENT AGENCIE NEWYORK,*STATE POLICE,HORSEHEADS,N/A,NY1070100,not_found,,,,,
NY,LAW ENFORCEMENT AGENCIE NEWYORK,HUDSON FAILS PD,HUDSON FALLS,WASHINGTON,NY0572600,current,,NY0572600,Hudson Falls Village Police Department,city,Washington
NY,LAW ENFORCEMENT AGENCIE NEWYORK,HUDSON PD,HUDSON,COLUMBIA,NY01001C0,not_found,,,,,
NY,LAW ENFORCEMENT AGENCIE NEWYORK,*GREENPORT TOWN PD,HUDSON,COLUMBIA,NY0100300,current,,NY0100300,Greenport Town Police Department,city,Columbia
NY,LAW ENFORCEMENT AGENCIE NEWYORK,*SHERIFF'S OFFICE,HUDSON,COLUMBIA,NY0100000,current,,NY0100000,Columbia County Sheriff's Office,county,Columbia
NY,LAW ENFORCEMENT AGENCIE NEWYORK,HUNTER TOWN PD,TANNERSVILLE,GREENE,NY0195000,current,,NY0195000,Hunter Town Police Department,city,Greene
NY,LAW ENFORCEMENT AGENCIE NEWYORK,HUNTER VILLAGE PD,HUNTER,GREENE,NY0192300,not_found,,,,,
NY,LAW ENFORCEMENT AGENCIE NEWYORK,HUNTINGTON BAY PD,HUNTINGTON,SUFFOLK,NY0513600,current,,NY0513600,Huntington Bay Village Police Department,city,Suffolk
NY,LAW ENFORCEMENT AGENCIE NEWYORK,HUNTINGTON PD,HUNTINGTON,SUFFOLK,NY0510700,not_found,,,,,
NY,LAW ENFORCEMENT AGENCIE NEWYORK,*LLOYD HARBOR PD,HUNTINGTON,SUFFOLK,NY0513700,current,,NY0513700,Lloyd Harbor Village Police Department,city,Suffolk
NY,LAW ENFORCEMENT AGENCIE NEWYORK,HURLEY PD,HURLEY,ULSTER,NY0559600,not_found,,,,,
NY,LAW ENFORCEMENT AGENCIE NEWYORK,HYDE PARK TOWNSHIP PD,HYDE PARK,DUTCHESS,NY0136500,current,,NY0136500,Hyde Park Town Police Department,city,Dutchess
NY,LAW ENFORCEMENT AGENCIE NEWYORK,*ROOSEVELT,HYDE PARK,DUTCHESS,NY0139500,not_found,,,,,
NY,LAW ENFORCEMENT AGENCIE NEWYORK,*TACONIC STATE PARK COMMISSION,HYDE PARK,DUTCHESS,NY0139000,current,,NY0139000,State Park: Taconic Region,other_state,
NY,LAW ENFORCEMENT AGENCIE NEWYORK,ILION PD,ILION,HERKIMER,NY0212200,current,,NY0212200,Ilion Village Police Department,city,Herkimer
NY,LAW ENFORCEMENT AGENCIE NEWYORK,INDEPENDENCE PD,WHITESVILLE,ALLEGANY,NY0027000,current,,NY0027000,Independence Town Police Department,city,Allegany
NY,LAW ENFORCEMENT AGENCIE NEWYORK,INLET TOWN PD,INLET,HAMILTON,NY0205000,current,,NY0205000,Inlet Town Police Department,city,Hamilton
NY,LAW ENFORCEMENT AGENCIE NEWYORK,INTERLAKEN PD,INTERLAKEN,SENECA,NY0492000,current,,NY0492000,Interlaken Village Police Department,city,Seneca
NY,LAW ENFORCEMENT AGENCIE NEWYORK,IRONDEQUOIT PD,ROCHESTER,MONROE,NY0270200,current,,NY0270200,Irondequoit Town Police Department,city,Monroe
NY,LAW ENFORCEMENT AGENCIE NEWYORK,IRVINGTON PD,IRVINGTON,WESTCHESTER,NY0592700,current,,NY0592700,Irvington Village Police Department,city,Westchester
NY,LAW ENFORCEMENT AGENCIE NEWYORK,ISLAND PARK PD,ISLAND PARK,NASSAU,NY0291800,not_found,,,,,
NY,LAW ENFORCEMENT AGENCIE NEWYORK,ISLIP PD,ISLIP,SUFFOLK,NY0510800,not_found,,,,,
NY,LAW ENFORCEMENT AGENCIE NEWYORK,ITHACA PD,ITHACA,TOMPKINS,NY0540100,current,,NY0540100,Ithaca Police Department,city,Tompkins
NY,LAW ENFORCEMENT AGENCIE NEWYORK,*STATE POLICE,ITHACA,N/A,NY1540100,not_found,,,,,
NY,LAW ENFORCEMENT AGENCIE NEWYORK,*CAYUGA HEIGHTS PD,ITHACA,TOMPKINS,NY0542500,current,,NY0542500,Cayuga Heights Village Police Department,city,Tompkins
NY,LAW ENFORCEMENT AGENCIE NEWYORK,*CORNELL UNIVERSITY,ITHACA,TOMPKINS,NY0541100,not_found,,,,,
NY,LAW ENFORCEMENT AGENCIE NEWYORK,*SHERIFF'S OFFICE,ITHACA,TOMPKINS,NY0540000,current,,NY0540000,Tompkins County Sheriff's Office,county,Tompkins
NY,LAW ENFORCEMENT AGENCIE NEWYORK,JAMESTOWN CITY PD,JAMESTOWN,CHAUTAUQUA,NY0060200,current,,NY0060200,Jamestown Police Department,city,Chautauqua
NY,LAW ENFORCEMENT AGENCIE NEWYORK,*BUSTI PD,JAMESTOWN,CHAUTAUQUA,NY0065100,not_found,,,,,
NY,LAW ENFORCEMENT AGENCIE NEWYORK,*CENTRAL NEW YORK STATE PARK COMMISSION,JAMESVILLE,ONONDAGA,NY0339000,current,,NY0339000,State Park: Central Region,other_state,
NY,LAW ENFORCEMENT AGENCIE NEWYORK,JAY TOWN PD,AUSABLE FORKS,ESSEX,NY0155000,not_found,,,,,
NY,LAW ENFORCEMENT AGENCIE NEWYORK,JOHNSBURG PD,JOHNSBURG,WARREN,NY0565500,not_found,,,,,
NY,LAW ENFORCEMENT AGENCIE NEWYORK,JOHNSON CITY PD,JOHNSON CITY,BROOME,NY0030300,current,,NY0030300,Johnson City Village Police Department,city,Broome
NY,LAW ENFORCEMENT AGENCIE NEWYORK,JOHNSTOWN PD,JOHNSTOWN,FULTON,NY0170200,current,,NY0170200,Johnstown Police Department,city,Fulton
NY,LAW ENFORCEMENT AGENCIE NEWYORK,*SHERIFF'S OFFICE,JOHNSTOWN,FULTON,NY0170000,current,,NY0170000,Fulton County Sheriff's Office,county,Fulton
NY,LAW ENFORCEMENT AGENCIE NEWYORK,JORDAN PD,JORDAN,ONONDAGA,NY0332400,current,,NY0332400,Jordan Village Police Department,city,Onondaga
NY,LAW ENFORCEMENT AGENCIE NEWYORK,KEESEVILLE PD,KEESEVILLE,CLINTON,NY0092000,not_found,,,,,
NY,LAW ENFORCEMENT AGENCIE NEWYORK,KEESEVILLE VILLAGE PD,KEESEVILLE,ESSEX,NY0152000,not_found,,,,,
NY,LAW ENFORCEMENT AGENCIE NEWYORK,KENMORE PD,BUFFALO,ERIE,NY0140400,current,,NY0140400,Kenmore Village Police Department,city,Erie
NY,LAW ENFORCEMENT AGENCIE NEWYORK,*TONAWANDA TOWN PD,KENMORE,ERIE,NY0147200,current,,NY0147200,Tonawanda Town Police Department,city,Erie
NY,LAW ENFORCEMENT AGENCIE NEWYORK,KENSINGTON PD,GREAT NECK,NASSAU,NY0294100,current,,NY0294100,Kensington Village Police Department,city,Nassau
NY,LAW ENFORCEMENT AGENCIE NEWYORK,KENT TOWN PD,CARMEL,PUTNAM,NY0395100,current,,NY0395100,Kent Town Police Department,city,Putnam
NY,LAW ENFORCEMENT AGENCIE NEWYORK,KIANTONE PD,FREWSBURG,CHAUTAUQUA,NY0066500,not_found,,,,,
NY,LAW ENFORCEMENT AGENCIE NEWYORK,KINGS POINT PD,GREAT NECK,NASSAU,NY0294400,current,,NY0294400,Kings Point Village Police Department,city,Nassau
NY,LAW ENFORCEMENT AGENCIE NEWYORK,KINGSTON PD,KINGSTON,ULSTER,NY0550100,current,,NY0550100,Kingston Police Department,city,Ulster
NY,LAW ENFORCEMENT AGENCIE NEWYORK,*STATE POLICE-THRUWAY,KINGSTON,N/A,NY1550400,not_found,,,,,
NY,LAW ENFORCEMENT AGENCIE NEWYORK,*STATE POLICE,KINGSTON,N/A,NY1550200,not_found,,,,,
NY,LAW ENFORCEMENT AGENCIE NEWYORK,*SHERIFF’S OFFICE,KINGSTON,ULSTER,NY0550000,current,,NY0550000,Ulster County Sheriff's Office,county,Ulster
NY,LAW ENFORCEMENT AGENCIE NEWYORK,*ULSTER TOWN PD,KINGSTON,ULSTER,NY0559500,current,,NY0559500,Ulster Town Police Department,city,Ulster
NY,LAW ENFORCEMENT AGENCIE NEWYORK,LACKAWANNA PD,BUFFALO,ERIE,NY0140200,current,,NY0140200,Lackawanna Police Department,city,Erie
NY,LAW ENFORCEMENT AGENCIE NEWYORK,LAKE GEORGE TOWN PD,LAKE GEORGE,WARREN,NY0565100,not_found,,,,,
NY,LAW ENFORCEMENT AGENCIE NEWYORK,LAKE GEORGE VILLAGE PD,LAKE GEORGE,WARREN,NY0562000,not_found,,,,,
NY,LAW ENFORCEMENT AGENCIE NEWYORK,*SHERIFF’S OFFICE,LAKE GEORGE,WARREN,NY0560000,current,,NY0560000,Warren County Sheriff's Office,county,Warren
NY,LAW ENFORCEMENT AGENCIE NEWYORK,LAKE LUZERNE TOWN PD,LAKE LUZERNE,WARREN,NY0565600,not_found,,,,,
NY,LAW ENFORCEMENT AGENCIE NEWYORK,LAKE LUZERNE VILLAGE PD,LAKE LUZERNE,WARREN,NY0566100,not_found,,,,,
NY,LAW ENFORCEMENT AGENCIE NEWYORK,LAKE PLACID PD,LAKE PLACID,ESSEX,NY0152300,current,,NY0152300,Lake Placid Village Police Department,city,Essex
NY,LAW ENFORCEMENT AGENCIE NEWYORK,*SHERIFF'S OFFICE,LAKE PLEASANT,HAMILTON,NY0200000,current,,NY0200000,Hamilton County Sheriff's Office,county,Hamilton
NY,LAW ENFORCEMENT AGENCIE NEWYORK,LAKE SUCCESS PD,LAKE SUCCESS,NASSAU,NY0296300,current,,NY0296300,Lake Success Village Police Department,city,Nassau
NY,LAW ENFORCEMENT AGENCIE NEWYORK,LAKEWOOD PD,LAKEWOOD,CHAUTAUQUA,NY0062000,current,,NY0062000,Lakewood-Busti Police Department,city,Chautauqua
NY,LAW ENFORCEMENT AGENCIE NEWYORK,LANCASTER TOWN PD,LANCASTER,ERIE,NY0146700,current,,NY0146700,Lancaster Town Police Department,city,Erie
NY,LAW ENFORCEMENT AGENCIE NEWYORK,LANCASTER VILLAGE PD,LANCASTER,ERIE,NY0143100,not_found,,,,,
NY,LAW ENFORCEMENT AGENCIE NEWYORK,LARCHMONT PD,LARCHMONT,WESTCHESTER,NY0592900,current,,NY0592900,Larchmont Village Police Department,city,Westchester
NY,LAW ENFORCEMENT AGENCIE NEWYORK,LAUREL HOLLOW PD,SYOSSET,NASSAU,NY0294900,not_found,,,,,
NY,LAW ENFORCEMENT AGENCIE NEWYORK,LAWRENCE PD,LAWRENCE,NASSAU,NY0291900,not_found,,,,,
NY,LAW ENFORCEMENT AGENCIE NEWYORK,LE ROY PD,LEROY,GENESEE,NY0182300,current,,NY0182300,Le Roy Village Police Department,city,Genesee
NY,LAW ENFORCEMENT AGENCIE NEWYORK,LETCHWORTH STATE PARK PD,LETCHWORTH,WYOMING,NY0601000,not_found,,,,,
NY,LAW ENFORCEMENT AGENCIE NEWYORK,LEWISBORO PD,SOUTH SALEM,WESTCHESTER,NY0597000,not_found,,,,,
NY,LAW ENFORCEMENT AGENCIE NEWYORK,LEWISBORO TOWN PD,SOUTH SALEM,WESTCHESTER,NY0595500,current,,NY0595500,Lewisboro Town Police Department,city,Westchester
NY,LAW ENFORCEMENT AGENCIE NEWYORK,LEWISTON PD,LEWISTON,NIAGARA,NY0312100,not_found,,,,,
NY,LAW ENFORCEMENT AGENCIE NEWYORK,*STATE POLICE,LEWISTON,N/A,NY1310100,not_found,,,,,
NY,LAW ENFORCEMENT AGENCIE NEWYORK,LIBERTY PD,LIBERTY,SULLIVAN,NY0522000,current,,NY0522000,Liberty Village Police Department,city,Sullivan
NY,LAW ENFORCEMENT AGENCIE NEWYORK,LIMA PD,LIMA,LIVINGTON,NY0252400,not_found,,,,,
NY,LAW ENFORCEMENT AGENCIE NEWYORK,LIMESTONE VILLAGE PD,LIMESTONE,CATTARAUGUS,NY0042100,not_found,,,,,
NY,LAW ENFORCEMENT AGENCIE NEWYORK,*CARROLLTOWN TOWN PD,LIMESTONE,CATTARAUGUS,NY0040200,not_found,,,,,
NY,LAW ENFORCEMENT AGENCIE NEWYORK,LINDENHURST PD,LINDENHURST,SUFFOLK,NY0510900,not_found,,,,,
NY,LAW ENFORCEMENT AGENCIE NEWYORK,LITTLE FALLS PD,LITTLE FALLS,HERKIMER,NY0212900,current,,NY0212900,Little Falls Police Department,city,Herkimer
NY,LAW ENFORCEMENT AGENCIE NEWYORK,LITTLE VALLEY PD,LITTLE VALLEY,CATTARAUGUS,NY0042500,not_found,,,,,
NY,LAW ENFORCEMENT AGENCIE NEWYORK,*SHERIFF'S OFFICE,LITTLE VALLEY,CATTARAUGUS,NY0040000,current,,NY0040000,Cattaraugus County Sheriff's Office,county,Cattaraugus
NY,LAW ENFORCEMENT AGENCIE NEWYORK,LIVERPOOL PD,LIVERPOOL,ONONDAGA,NY0333100,current,,NY0333100,Liverpool Village Police Department,city,Onondaga
NY,LAW ENFORCEMENT AGENCIE NEWYORK,LIVONIA PD,LIVONIA,LIVINGTON,NY0252500,not_found,,,,,
NY,LAW ENFORCEMENT AGENCIE NEWYORK,LLOYD HARBOR PD,HUNTINGTON,SUFFOLK,NY0513700,current,,NY0513700,Lloyd Harbor Village Police Department,city,Suffolk
NY,LAW ENFORCEMENT AGENCIE NEWYORK,LLOYD PD,HIGHLAND,ULSTER,NY0555600,current,,NY0555600,Lloyd Town Police Department,city,Ulster
NY,LAW ENFORCEMENT AGENCIE NEWYORK,LOCKPORT PD,LOCKPORT,NIAGARA,NY0310100,current,,NY0310100,Lockport Police Department,city,Niagara
NY,LAW ENFORCEMENT AGENCIE NEWYORK,*SHERIFF'S OFFICE,LOCKPORT,NIAGARA,NY0310000,current,,NY0310000,Niagara County Sheriff's Office,county,Niagara
NY,LAW ENFORCEMENT AGENCIE NEWYORK,LONG BEACH PD,LONG BEACH,NASSAU,NY0290200,current,,NY0290200,Long Beach Police Department,city,Nassau
NY,LAW ENFORCEMENT AGENCIE NEWYORK,LONG ISLAND STATE PARK COMMISSION,BABYLON,SUFFOLK,NY0519000,current,,NY0519000,State Park: Long Island Region,other_state,
NY,LAW ENFORCEMENT AGENCIE NEWYORK,LOWVILLE PD,LOWVILLE,LEWIS,NY0242400,current,,NY0242400,Lowville Village Police Department,city,Lewis
NY,LAW ENFORCEMENT AGENCIE NEWYORK,*SHERIFF'S OFFICE,LOWVILLE,LEWIS,NY0240000,current,,NY0240000,Lewis County Sheriff's Office,county,Lewis
NY,LAW ENFORCEMENT AGENCIE NEWYORK,*STATE POLICE,LOWVILLE,N/A,NY1240100,not_found,,,,,
NY,LAW ENFORCEMENT AGENCIE NEWYORK,LYNBROOK PD,LYNBROOK,NASSAU,NY0290700,current,,NY0290700,Lynbrook Village Police Department,city,Nassau
NY,LAW ENFORCEMENT AGENCIE NEWYORK,LYNDONVILLE PD,LYNDONVILLE,ORLEANS,NY0362300,not_found,,,,,
NY,LAW ENFORCEMENT AGENCIE NEWYORK,*YATES TOWN PD,LYNDONVILLE,ORLEANS,NY0365900,not_found,,,,,
NY,LAW ENFORCEMENT AGENCIE NEWYORK,LYONS FALLS PD,LYONS FALLS,LEWIS,NY0242500,not_found,,,,,
NY,LAW ENFORCEMENT AGENCIE NEWYORK,LYONS VILLAGE PD,LYONS,WAYNE,NY0582300,not_found,,,,,
NY,LAW ENFORCEMENT AGENCIE NEWYORK,*SHERIFF’S OFFICE,LYONS,WAYNE,NY0580000,current,,NY0580000,Wayne County Sheriff's Office,county,Wayne
NY,LAW ENFORCEMENT AGENCIE NEWYORK,MACEDON TOWN PD,MACEDON,WAYNE,NY0585500,not_found,,,,,
NY,LAW ENFORCEMENT AGENCIE NEWYORK,MACEDON VILLAGE PD,MACEDON,WAYNE,NY0582400,not_found,,,,,
NY,LAW ENFORCEMENT AGENCIE NEWYORK,MALONE PD,MALONE,FRANKLIN,NY0162400,current,,NY0162400,Malone Village Police Department,city,Franklin
NY,LAW ENFORCEMENT AGENCIE NEWYORK,*SHERIFF'S OFFICE,MALONE,FRANKLIN,NY0160000,current,,NY0160000,Franklin County Sheriff's Office,county,Franklin
NY,LAW ENFORCEMENT AGENCIE NEWYORK,*STATE POLICE,MALONE,N/A,NY1160100,not_found,,,,,
NY,LAW ENFORCEMENT AGENCIE NEWYORK,MALVERNE PD,MALVERNE,NASSAU,NY0293900,current,,NY0293900,Malverne Village Police Department,city,Nassau
NY,LAW ENFORCEMENT AGENCIE NEWYORK,MAMAKATING PD,WURTSBORO,SULLIVAN,NY0526000,not_found,,,,,
NY,LAW ENFORCEMENT AGENCIE NEWYORK,MAMARONECK TOWN PD,MAMARONECK,WESTCHESTER,NY0595600,current,,NY0595600,Mamaroneck Town Police Department,city,Westchester
NY,LAW ENFORCEMENT AGENCIE NEWYORK,MAMARONECK VILLAGE PD,MAMARONECK,WESTCHESTER,NY0590900,current,,NY0590900,Mamaroneck Village Police Department,city,Westchester
NY,LAW ENFORCEMENT AGENCIE NEWYORK,MANCHESTER PD,MANCHESTER,ONTARIO,NY0342200,not_found,,,,,
NY,LAW ENFORCEMENT AGENCIE NEWYORK,MANLIUS PD,MANLIUS,ONONDAGA,NY0332900,current,,NY0332900,Manlius Town Police Department,city,Onondaga
NY,LAW ENFORCEMENT AGENCIE NEWYORK,MANORHAVEN PD,PORT WASHINGTON,NASSAU,NY0292000,not_found,,,,,
NY,LAW ENFORCEMENT AGENCIE NEWYORK,MARATHON PD,MARATHON,CORTLAND,NY0112200,not_found,,,,,
NY,LAW ENFORCEMENT AGENCIE NEWYORK,MARCELLUS PD,MARCELLUS,ONONDAGA,NY0333000,current,,NY0333000,Marcellus Village Police Department,city,Onondaga
NY,LAW ENFORCEMENT AGENCIE NEWYORK,MARGARETVILLE PD,MARGARETVILLE,DELAWARE,NY0122600,not_found,,,,,
NY,LAW ENFORCEMENT AGENCIE NEWYORK,*STATE POLICE,MARGARETVILLE,N/A,NY1120300,not_found,,,,,
NY,LAW ENFORCEMENT AGENCIE NEWYORK,MARLBORO PD,MILTON,ULSTER,NY0555800,current,,NY0555800,Marlborough Town Police Department,city,Ulster
NY,LAW ENFORCEMENT AGENCIE NEWYORK,MASSAPEQUA PARK PD,MASSAPEQUA PARK,NASSAU,NY0292100,not_found,,,,,
NY,LAW ENFORCEMENT AGENCIE NEWYORK,MASSENA PD,MASSENA,ST. LAWRENCE,NY0440200,current,,NY0440200,Massena Village Police Department,city,St Lawrence
NY,LAW ENFORCEMENT AGENCIE NEWYORK,*STATE POLICE,MASSENA,N/A,NY1440300,not_found,,,,,
NY,LAW ENFORCEMENT AGENCIE NEWYORK,MATINECOCK PD,LOCUST VALLEY,NASSAU,NY0296600,not_found,,,,,
NY,LAW ENFORCEMENT AGENCIE NEWYORK,MAYBROOK PD,MAYBROOK,ORANGE,NY0353200,current,,NY0353200,Maybrook Village Police Department,city,Orange
NY,LAW ENFORCEMENT AGENCIE NEWYORK,MAYFIELD PD,MAYFIELD,FULTON,NY0172400,not_found,,,,,
NY,LAW ENFORCEMENT AGENCIE NEWYORK,*STATE POLICE,MAYFIELD,N/A,NY1170100,not_found,,,,,
NY,LAW ENFORCEMENT AGENCIE NEWYORK,MAYVILLE PD,MAYVILLE,CHAUTAUQUA,NY0062200,not_found,,,,,
NY,LAW ENFORCEMENT AGENCIE NEWYORK,*SHERIFF’S OFFICE,MAYVILLE,CHAUTAUQUA,NY0060000,current,,NY0060000,Chautauqua County Sheriff's Office,county,Chautauqua
NY,LAW ENFORCEMENT AGENCIE NEWYORK,MCGRAW PD,MCGRAW,CORTLAND,NY0112100,not_found,,,,,
NY,LAW ENFORCEMENT AGENCIE NEWYORK,MECHANICVILLE PD,MECHANICVILLE,SARATOGA,NY0452300,current,,NY0452300,Mechanicville Police Department,city,Saratoga
NY,LAW ENFORCEMENT AGENCIE NEWYORK,MEDINA PD,MEDINA,ORLEANS,NY0362200,current,,NY0362200,Medina Village Police Department,city,Orleans
NY,LAW ENFORCEMENT AGENCIE NEWYORK,MENANDS PD,ALBANY,ALBANY,NY0012500,current,,NY0012500,Menands Village Police Department,city,Albany
NY,LAW ENFORCEMENT AGENCIE NEWYORK,MEXICO TOWN PD,MEXICO,OSWEGO,NY0372400,not_found,,,,,
NY,LAW ENFORCEMENT AGENCIE NEWYORK,MIDDLEBURG PD,MIDDLEBURG,SCHOHARIE,NY0472200,not_found,,,,,
NY,LAW ENFORCEMENT AGENCIE NEWYORK,MIDDLEPORT PD,MIDDLEPORT,NIAGARA,NY0312000,current,,NY0312000,Middleport Village Police Department,city,Niagara
NY,LAW ENFORCEMENT AGENCIE NEWYORK,MIDDLETOWN PD,MIDDLETOWN,ORANGE,NY0350100,current,,NY0350100,Middletown Police Department,city,Orange
NY,LAW ENFORCEMENT AGENCIE NEWYORK,*STATE POLICE,MIDDLETOWN,N/A,NY1350100,not_found,,,,,
NY,LAW ENFORCEMENT AGENCIE NEWYORK,*MOUNT HOPE TOWN PD,MIDDLETOWN,ORANGE,NY0355000,current,,NY0355000,Mount Hope Town Police Department,city,Orange
NY,LAW ENFORCEMENT AGENCIE NEWYORK,MILL NECK PD,MILL NECK,NASSAU,NY0293100,not_found,,,,,
NY,LAW ENFORCEMENT AGENCIE NEWYORK,MILLBROOK VILLAGE PD,MILLBROOK,DUTCHESS,NY0132800,current,,NY0132800,Millbrook Village Police Department,city,Dutchess
NY,LAW ENFORCEMENT AGENCIE NEWYORK,MILLERTON PD,MILLERTON,DUTCHESS,NY0132100,current,,NY0132100,Millerton Village Police Department,city,Dutchess
NY,LAW ENFORCEMENT AGENCIE NEWYORK,*NORTHEAST PD,MILLERTON,DUTCHESS,NY0135900,not_found,,,,,
NY,LAW ENFORCEMENT AGENCIE NEWYORK,MILLPORT PD,MILLPORT,CHEMUNG,NY0072400,not_found,,,,,
NY,LAW ENFORCEMENT AGENCIE NEWYORK,MINA PD,FINDLEY LAKE,CHAUTAUGUA,NY0067800,not_found,,,,,
NY,LAW ENFORCEMENT AGENCIE NEWYORK,MINEOLA PD,MINEOLA,NASSAU,NY0292200,not_found,,,,,
NY,LAW ENFORCEMENT AGENCIE NEWYORK,*NASSAU COUNTY PD,MINEOLA,NASSAU,NY0290000,current,,NY0290000,Nassau County Police Department,county,Nassau
NY,LAW ENFORCEMENT AGENCIE NEWYORK,*SHERIFF'S OFFICE,MINEOLA,NASSAU,NY0299000,not_found,,,,,
NY,LAW ENFORCEMENT AGENCIE NEWYORK,MINOA PD,MINOA,ONONDAGA,NY0333400,not_found,,,,,
NY,LAW ENFORCEMENT AGENCIE NEWYORK,MOHAWK PD,MOHAWK,HERKIMER,NY0212300,current,,NY0212300,Mohawk Village Police Department,city,Herkimer
NY,LAW ENFORCEMENT AGENCIE NEWYORK,MONROE PD,MONROE,ORANGE,NY0352600,current,,NY0352600,Monroe Village Police Department,city,Orange
NY,LAW ENFORCEMENT AGENCIE NEWYORK,*STATE POLICE,MONROE,N/A,NY1350200,not_found,,,,,
NY,LAW ENFORCEMENT AGENCIE NEWYORK,MONTGOMERY TOWN PD,WALDEN,ORANGE,NY0357400,current,,NY0357400,Montgomery Town Police Department,city,Orange
NY,LAW ENFORCEMENT AGENCIE NEWYORK,MONTICELLO PD,MONTICELLO,SULLIVAN,NY0522200,current,,NY0522200,Monticello Village Police Department,city,Sullivan
NY,LAW ENFORCEMENT AGENCIE NEWYORK,*SHERIFF'S OFFICE,MONTICELLO,SULLIVAN,NY0520000,current,,NY0520000,Sullivan County Sheriff's Office,county,Sullivan
NY,LAW ENFORCEMENT AGENCIE NEWYORK,MONTOUR FALLS PD,MONTOUR FALLS,SCHUYLER,NY0482300,not_found,,,,,
NY,LAW ENFORCEMENT AGENCIE NEWYORK,MORAVIA PD,MORAVIA,CAYUGA,NY0052600,current,,NY0052600,Moravia Village Police Department,city,Cayuga
NY,LAW ENFORCEMENT AGENCIE NEWYORK,MORRIS TOWN PD,MORRIS,OTSEGO,NY0386100,not_found,,,,,
NY,LAW ENFORCEMENT AGENCIE NEWYORK,MORRIS VILLAGE PD,MORRIS,OTSEGO,NY0382600,not_found,,,,,
NY,LAW ENFORCEMENT AGENCIE NEWYORK,*STATE UNIVERSITY AGRICULTAND TECHNICAL COLLEGE PD,MORRISVILLE,MADISON,NY0260400,not_found,,,,,
NY,LAW ENFORCEMENT AGENCIE NEWYORK,*STATE POLICE,MORRISVILLE,N/A,NY1260200,not_found,,,,,
NY,LAW ENFORCEMENT AGENCIE NEWYORK,MOUNT HOPE TOWN PD,MIDDLETOWN,ORANGE,NY0355000,current,,NY0355000,Mount Hope Town Police Department,city,Orange
NY,LAW ENFORCEMENT AGENCIE NEWYORK,MOUNT KISCO PD,MOUNT KISCO,WESTCHESTER,NY0592000,not_found,,,,,
NY,LAW ENFORCEMENT AGENCIE NEWYORK,MOUNT MORRIS PD,MOUNT MORRIS,LIVINGTON,NY0252600,current,,NY0252600,Mount Morris Village Police Department,city,Livingston
NY,LAW ENFORCEMENT AGENCIE NEWYORK,MOUNT PLEASANT PP,HAWTHORNE,WESTCHESTER,NY0595700,current,,NY0595700,Mount Pleasant Town Police Department,city,Westchester
NY,LAW ENFORCEMENT AGENCIE NEWYORK,MOUNT VERNON PD,MOUNT VERNON,WESTCHESTER,NY0590300,current,,NY0590300,Mount Vernon Police Department,city,Westchester
NY,LAW ENFORCEMENT AGENCIE NEWYORK,MUNSEY PARK PD,MANHASSET,NASSAU,NY0292300,not_found,,,,,
NY,LAW ENFORCEMENT AGENCIE NEWYORK,MUTTONTOWN PD,SYOSSET,NASSAU,NY0297900,not_found,,,,,
NY,LAW ENFORCEMENT AGENCIE NEWYORK,NAPLES PD,NAPLES,ONTARIO,NY0342400,not_found,,,,,
NY,LAW ENFORCEMENT AGENCIE NEWYORK,NASSAU COUNTY PD,MINEOLA,NASSAU,NY0290000,current,,NY0290000,Nassau County Police Department,county,Nassau
NY,LAW ENFORCEMENT AGENCIE NEWYORK,NASSAU VILLAGE PD,NASSAU,RENSSELAER,NY0412100,current,,NY0412100,Nassau Village Police Department,city,Rensselaer
NY,LAW ENFORCEMENT AGENCIE NEWYORK,NELSONVILLE VILLAGE PD',COLD SPRING,PUTNAM,NY0392100,not_found,,,,,
NY,LAW ENFORCEMENT AGENCIE NEWYORK,NEW BERLIN PD,NEW BERLIN,CHENANGO,NY0082300,not_found,,,,,
NY,LAW ENFORCEMENT AGENCIE NEWYORK,NEW CASTLE PD,CHAPPAQUA,WESTCHESTER,NY0595B00,likely_ocr_error,,NY0595800,New Castle Town Police Department,city,Westchester
NY,LAW ENFORCEMENT AGENCIE NEWYORK,*CLARKSTOWN PD,NEW CITY,ROCKLAND,NY0435000,current,,NY0435000,Clarkstown Town Police Department,city,Rockland
NY,LAW ENFORCEMENT AGENCIE NEWYORK,*SHERIFF'S OFFICE,NEW CITY,ROCKLAND,NY0430000,current,,NY0430000,Rockland County Sheriff's Office,county,Rockland
NY,LAW ENFORCEMENT AGENCIE NEWYORK,NEW HARTFORD TOWN PD,NEW HARTFORD,ONEIDA,NY0324100,current,,NY0324100,New Hartford Town and Village Police Department,city,Oneida
NY,LAW ENFORCEMENT AGENCIE NEWYORK,NEW HARTFORD VILLAGE PD,NEW HARTFORD,ONEIDA,NY0322700,not_found,,,,,
NY,LAW ENFORCEMENT AGENCIE NEWYORK,*STATE POLICE,NEW HARTFORD,N/A,NY1320100,not_found,,,,,
NY,LAW ENFORCEMENT AGENCIE NEWYORK,NEW HYDE PARK PD,NEW HYDE PARK,NASSAU,NY0292400,not_found,,,,,
NY,LAW ENFORCEMENT AGENCIE NEWYORK,*STATE POLICE,NEW LEBANON,N/A,NY110020C,not_found,,,,,
NY,LAW ENFORCEMENT AGENCIE NEWYORK,NEW PALTZ TOWN PD,NEW PALTZ,ULSTER,NY0552700,current,,NY0552700,New Paltz Town and Village Police Department,city,Ulster
NY,LAW ENFORCEMENT AGENCIE NEWYORK,NEW PALTZ VILLAGE PD,NEW PALTZ,ULSTER,NY0552200,not_found,,,,,
NY,LAW ENFORCEMENT AGENCIE NEWYORK,*STATE UNIVERSITY COLLEGE,NEW PALTZ,ULSTER,NY0550400,not_found,,,,,
NY,LAW ENFORCEMENT AGENCIE NEWYORK,NEW ROCHELLE PD,NEW ROCHELLE,WESTCHESTER,NY0590400,current,,NY0590400,New Rochelle Police Department,city,Westchester
NY,LAW ENFORCEMENT AGENCIE NEWYORK,*STATE POLICE-THRUWAY,NEW ROCHELLE,N/A,NY1590500,not_found,,,,,
NY,LAW ENFORCEMENT AGENCIE NEWYORK,NEW WINDSOR TOWN PD,NEW WINDSOR,ORANGE,NY0356700,current,,NY0356700,New Windsor Town Police Department,city,Orange
NY,LAW ENFORCEMENT AGENCIE NEWYORK,NEW YORK CITY HOUSING AUTHORITY PD,NEW YORK,NEW YORK,NY0307200,not_found,,,,,
NY,LAW ENFORCEMENT AGENCIE NEWYORK,NEW YORK CITY TRANSIT PD,NEW YORK,KINGS,NY0232300,not_found,,,,,
NY,LAW ENFORCEMENT AGENCIE NEWYORK,NEW YORK MILLS PD,NEW YORK MILLS,ONEIDA,NY0324000,current,,NY0324000,New York Mills Village Police Department,city,Oneida
NY,LAW ENFORCEMENT AGENCIE NEWYORK,NEW YORK PD,NEW YORK,NEW YORK,NY0303000,current,,NY0303000,New York City Police Department,city,
NY,LAW ENFORCEMENT AGENCIE NEWYORK,NEW YORK PORT AUTHORITY,NEW YORK,NEW YORK,NY0307000,not_found,,,,,
NY,LAW ENFORCEMENT AGENCIE NEWYORK,NEW YORK STATE ALBANY DIVISION OF,ALBANY,BRONX,NY1011100,not_found,,,,,
NY,LAW ENFORCEMENT AGENCIE NEWYORK,NEW YORK STATE POLICE DIVISION HEADQUARTERS,ALBANY,N/A,NY1010000,current,,NY1010000,New York State Police,state_police,
NY,LAW ENFORCEMENT AGENCIE NEWYORK,*SHERIFF'S OFFICE,NEW YORK,BRONX,NY0620000,not_found,,,,,
NY,LAW ENFORCEMENT AGENCIE NEWYORK,*SHERIFF’S OFFICE,NEW YORK,KINGS,NY0230000,not_found,,,,,
NY,LAW ENFORCEMENT AGENCIE NEWYORK,*DEPARTMENT OF MOTOR VEHICLES,NEW YORK,N/A,NYDMVNY00,not_found,,,,,
NY,LAW ENFORCEMENT AGENCIE NEWYORK,*PENN CENTRAL RAILROAD PD,NEW YORK,NEW YORK,NY0304000,not_found,,,,,
NY,LAW ENFORCEMENT AGENCIE NEWYORK,*SHERIFF’S OFFICE,NEW YORK,NEW YORK,NY0300000,not_found,,,,,
NY,LAW ENFORCEMENT AGENCIE NEWYORK,*STATE PARK AND RECREATION COMMISSION FOR THE,NEW YORK,NEW YORK,NY0303100,current,,NY0303100,State Park: New York City Region,other_state,
NY,LAW ENFORCEMENT AGENCIE NEWYORK,*TRIBOROUGH BRIDGE AND TUNNEL AUTHORITY,NEW YORK,NEW YORK,NY0307100,not_found,,,,,
NY,LAW ENFORCEMENT AGENCIE NEWYORK,*WATERFRONT COMMISSION OF NEW YORK HARBOR,NEW YORK,NEW YORK,NY0303200,not_found,,,,,
NY,LAW ENFORCEMENT AGENCIE NEWYORK,*SHERIFF’S OFFICE,NEW YORK,QUEENS,NY04000Q0,not_found,,,,,
NY,LAW ENFORCEMENT AGENCIE NEWYORK,*SHERIFF'S OFFICE,NEW YORK,RICHMOND,NY0420000,not_found,,,,,
NY,LAW ENFORCEMENT AGENCIE NEWYORK,NEWARK PD,NEWARK,WAYNE,NY0582000,current,,NY0582000,Newark Village Police Department,city,Wayne
NY,LAW ENFORCEMENT AGENCIE NEWYORK,NEWARK VALLEY PD,NEWARK VALLEY,TIOGA,NY0532200,not_found,,,,,
NY,LAW ENFORCEMENT AGENCIE NEWYORK,*STATE POLICE,NEWARK,N/A,NY1580100,not_found,,,,,
NY,LAW ENFORCEMENT AGENCIE NEWYORK,NEWBURGH CITY PD,NEWBURGH,ORANGE,NY0350200,current,,NY0350200,Newburgh Police Department,city,Orange
NY,LAW ENFORCEMENT AGENCIE NEWYORK,NEWBURGH TOWN PD,NEWBURGH,ORANGE,NY0356300,current,,NY0356300,Newburgh Town Police Department,city,Orange
NY,LAW ENFORCEMENT AGENCIE NEWYORK,*STATE POLICE,NEWBURGH,N/A,NY1350300,not_found,,,,,
NY,LAW ENFORCEMENT AGENCIE NEWYORK,STATE POLICE-THRUWAY,NEWBURGH,N/A,NY1350400,not_found,,,,,
NY,LAW ENFORCEMENT AGENCIE NEWYORK,NEWFANE TOWN PD,NEWFANE,NIAGARA,NY0315600,not_found,,,,,
NY,LAW ENFORCEMENT AGENCIE NEWYORK,NIAGARA FALLS PD,NIAGARA FALLS,NIAGARA,NY0310200,current,,NY0310200,Niagara Falls Police Department,city,Niagara
NY,LAW ENFORCEMENT AGENCIE NEWYORK,NIAGARA FRONTIER STATE PARK COMMISSION,NIAGARA FALLS,NIAGARA,NY0319000,current,,NY0319000,State Park: Niagara Region,other_state,
NY,LAW ENFORCEMENT AGENCIE NEWYORK,NIAGARA TOWN PD,NIAGARA FALLS,NIAGARA,NY0315500,current,,NY0315500,Niagara Town Police Department,city,Niagara
NY,LAW ENFORCEMENT AGENCIE NEWYORK,NICHOLS PD,NICHOLS,TIOGA,NY0532300,not_found,,,,,
NY,LAW ENFORCEMENT AGENCIE NEWYORK,NISKAYUNA PD,SCHENECTADY,SCHENECTADY,NY0465200,current,,NY0465200,Niskayuna Town Police Department,city,Schenectady
NY,LAW ENFORCEMENT AGENCIE NEWYORK,NISSEQUOQUE PD,"ST, JAMES",SUFFOLK,NY0514100,current,,NY0514100,Nissequogue Village Police Department,city,Suffolk
NY,LAW ENFORCEMENT AGENCIE NEWYORK,NORTH CASTLE PD,ARMONK,WESTCHESTER,NY0595900,current,,NY0595900,North Castle Town Police Department,city,Westchester
NY,LAW ENFORCEMENT AGENCIE NEWYORK,NORTH COLLINS TOWN PD,NORTH COLLINS,ERIE,NY0147000,not_found,,,,,
NY,LAW ENFORCEMENT AGENCIE NEWYORK,NORTH COLLINS VILLAGE PD,NORTH COLLINS,ERIE,NY0143400,not_found,,,,,
NY,LAW ENFORCEMENT AGENCIE NEWYORK,NORTH GREENBUSH TOWN PD,RENSSELAER,RENSSELAER,NY0415300,current,,NY0415300,North Greenbush Town Police Department,city,Rensselaer
NY,LAW ENFORCEMENT AGENCIE NEWYORK,NORTH HARMONY PD,STOW,CHAUTAUQUA,NY0067500,not_found,,,,,
NY,LAW ENFORCEMENT AGENCIE NEWYORK,NORTH HORNELL PD,HORNELL,STEUBEN,NY0503400,current,,NY0503400,North Hornell Village Police Department,city,Steuben
NY,LAW ENFORCEMENT AGENCIE NEWYORK,NORTH SALEM PD,NORTH SALEM,WESTCHESTER,NY0597100,not_found,,,,,
NY,LAW ENFORCEMENT AGENCIE NEWYORK,NORTH SYRACUSE PD,SYRACUSE,ONONDAGA,NY0333500,current,,NY0333500,North Syracuse Village Police Department,city,Onondaga
NY,LAW ENFORCEMENT AGENCIE NEWYORK,*STATE POLICE,NORTH SYRACUSE,N/A,NY1330100,not_found,,,,,
NY,LAW ENFORCEMENT AGENCIE NEWYORK,NORTH TARRYTOWN PD,NORTH TARRYTOWN,WESTCHESTER,NY0593200,current,,NY0593200,Sleepy Hollow Village Police Department,city,Westchester
NY,LAW ENFORCEMENT AGENCIE NEWYORK,NORTH TONAWANDA PD,NORTH TONAWANDA,NIAGARA,NY0310300,current,,NY0310300,North Tonawanda Police Department,city,Niagara
NY,LAW ENFORCEMENT AGENCIE NEWYORK,NORTHEAST PD,MILLERTON,DUTCHESS,NY0135900,not_found,,,,,
NY,LAW ENFORCEMENT AGENCIE NEWYORK,NORTHPORT PD,NORTHPORT,SUFFOLK,NY0512500,current,,NY0512500,Northport Village Police Department,city,Suffolk
NY,LAW ENFORCEMENT AGENCIE NEWYORK,*VETERANS ADMINISTRATION HOSPITAL PD,NORTHPORT,N/A,NYVA00100,not_found,,,,,
NY,LAW ENFORCEMENT AGENCIE NEWYORK,NORTHVILLE PD,NORTHVILLE,FULTON,NY0172100,current,,NY0172100,Northville Village Police Department,city,Fulton
NY,LAW ENFORCEMENT AGENCIE NEWYORK,NORWICH PD,NORWICH,CHENANGO,NY0082400,current,,NY0082400,Norwich Police Department,city,Chenango
NY,LAW ENFORCEMENT AGENCIE NEWYORK,*SHERIFF'S OFFICE,NORWICH,CHENANGO,NY0080000,current,,NY0080000,Chenango County Sheriff's Office,county,Chenango
NY,LAW ENFORCEMENT AGENCIE NEWYORK,*STATE POLICE,NORWICH,N/A,NY1080100,not_found,,,,,
NY,LAW ENFORCEMENT AGENCIE NEWYORK,NORWOOD PD,NORWOOD,ST. LAWRENCE,NY0442800,current,,NY0442800,Norwood Village Police Department,city,St Lawrence
NY,LAW ENFORCEMENT AGENCIE NEWYORK,NUNDA TOWN PD,NUNDA,LIVINGTON,NY0256000,current,,NY0256000,Nunda Town and Village Police Department,city,Livingston
NY,LAW ENFORCEMENT AGENCIE NEWYORK,NUNDA VILLAGE PD,NUNDA,LIVINGTON,NY0252800,not_found,,,,,
NY,LAW ENFORCEMENT AGENCIE NEWYORK,NYACK PD,NYACK,ROCKLAND,NY0432400,not_found,,,,,
NY,LAW ENFORCEMENT AGENCIE NEWYORK,*GRANDVIEW ON HUDSON VILLAPD,NYACK,ROCKLAND,NY0432300,not_found,,,,,
NY,LAW ENFORCEMENT AGENCIE NEWYORK,*SOUTH NYACK PD,NYACK,ROCKLAND,NY0432600,not_found,,,,,
NY,LAW ENFORCEMENT AGENCIE NEWYORK,OAKFIELD TOWN PD,OAKFIELD,GENESEE,NY0185900,not_found,,,,,
NY,LAW ENFORCEMENT AGENCIE NEWYORK,OAKFIELD VILLAGE-PD,OAKFIELD,GENESEE,NY0182400,not_found,,,,,
NY,LAW ENFORCEMENT AGENCIE NEWYORK,OCEAN BEACH PD,OCEAN BEACH,SUFFOLK,NY0513300,current,,NY0513300,Ocean Beach Village Police Department,city,Suffolk
NY,LAW ENFORCEMENT AGENCIE NEWYORK,OGDEN PD,SPENCERPORT,MONROE,NY0275900,current,,NY0275900,Ogden Town Police Department,city,Monroe
NY,LAW ENFORCEMENT AGENCIE NEWYORK,OGDENSBURG PD,OGDENSBURG,ST. LAWRENCE,NY0440100,current,,NY0440100,Ogdensburg Police Department,city,St Lawrence
NY,LAW ENFORCEMENT AGENCIE NEWYORK,*STATE POLICE,OGDENSBURG,N/A,NY1440400,not_found,,,,,
NY,LAW ENFORCEMENT AGENCIE NEWYORK,OLD BROOKVILLE PD,GLEN HEAD,NASSAU,NY0297200,current,,NY0297200,Old Brookville Village Police Department,city,Nassau
NY,LAW ENFORCEMENT AGENCIE NEWYORK,*WEBB PD,OLD FORGE,HERKIMER,NY0216700,current,,NY0216700,Webb Town Police Department,city,Herkimer
NY,LAW ENFORCEMENT AGENCIE NEWYORK,*STATE POLICE,OLD FORGE,N/A,NYÌ210300,not_found,,,,,
NY,LAW ENFORCEMENT AGENCIE NEWYORK,OLD WESTBURY PD,WESTBURY,NASSAU,NY0294300,current,,NY0294300,Old Westbury Village Police Department,city,Nassau
NY,LAW ENFORCEMENT AGENCIE NEWYORK,*STATE UNIVERSITY COLLEGE,OLD WESTBURY,NASSAU,NY0296900,not_found,,,,,
NY,LAW ENFORCEMENT AGENCIE NEWYORK,OLEAN CITY PD,OLEAN,CATTARAUGUS,NY0040100,current,,NY0040100,Olean Police Department,city,Cattaraugus
NY,LAW ENFORCEMENT AGENCIE NEWYORK,OLIVE TOWN PD,WEST SHOKAN,ULSTER,NY0559800,not_found,,,,,
NY,LAW ENFORCEMENT AGENCIE NEWYORK,ONEIDA PD,ONEIDA,MADISON,NY0260100,current,,NY0260100,Oneida Police Department,city,Madison
NY,LAW ENFORCEMENT AGENCIE NEWYORK,*STATE POLICE,ONEIDA,N/A,NY1260100,not_found,,,,,
NY,LAW ENFORCEMENT AGENCIE NEWYORK,ONEONTA PD,ONEONTA,OTSEGO,NY038010G,not_found,,,,,
NY,LAW ENFORCEMENT AGENCIE NEWYORK,*STATE POLICE,ONEONTA,N/A,NY1380100,not_found,,,,,
NY,LAW ENFORCEMENT AGENCIE NEWYORK,*STATE UNIVERSITY COLLEGE,ONEONTA,OTSEGO,NY0380400,not_found,,,,,
NY,LAW ENFORCEMENT AGENCIE NEWYORK,ORANGETOWN PD,ORANGEBURG,ROCKLAND,NY0435200,current,,NY0435200,Orangetown Town Police Department,city,Rockland
NY,LAW ENFORCEMENT AGENCIE NEWYORK,ORCHARD PARK PD,ORCHARD PARK,ERIE,NY0146000,current,,NY0146000,Orchard Park Town Police Department,city,Erie
NY,LAW ENFORCEMENT AGENCIE NEWYORK,*STATE POLICE,ORCHARD PARK,BRONX,NY1140500,not_found,,,,,
NY,LAW ENFORCEMENT AGENCIE NEWYORK,ORISKANY FALLS PD,ORISKANY FALLS,ONEIDA,NY0322000,not_found,,,,,
NY,LAW ENFORCEMENT AGENCIE NEWYORK,ORISKANY PD,ORISKANY,ONEIDA,NY0323900,current,,NY0323900,Oriskany Village Police Department,city,Oneida
NY,LAW ENFORCEMENT AGENCIE NEWYORK,*SHERIFF'S OFFICE,ORISKANY,ONEIDA,NY0320000,current,,NY0320000,Oneida County Sheriff's Office,county,Oneida
NY,LAW ENFORCEMENT AGENCIE NEWYORK,OSSINING PD,OSSINING,WESTCHESTER,NY0596100,not_found,,,,,
NY,LAW ENFORCEMENT AGENCIE NEWYORK,OSSINING TOWN PD,OSSINING,WESTCHESTER,NY0597300,not_found,,,,,
NY,LAW ENFORCEMENT AGENCIE NEWYORK,OSSINING VILLAGE PD,OSSINING,WESTCHESTER,NY0590500,current,,NY0590500,Ossining Village Police Department,city,Westchester
NY,LAW ENFORCEMENT AGENCIE NEWYORK,OSWEGO PD,OSWEGO,OSWEGO,NY0370200,current,,NY0370200,Oswego City Police Department,city,Oswego
NY,LAW ENFORCEMENT AGENCIE NEWYORK,*SHERIFF'S OFFICE,OSWEGO,OSWEGO,NY0370000,current,,NY0370000,Oswego County Sheriff's Office,county,Oswego
NY,LAW ENFORCEMENT AGENCIE NEWYORK,*STATE UNIVERSITY COLLEGE,OSWEGO,OSWEGO,NY0370400,not_found,,,,,
NY,LAW ENFORCEMENT AGENCIE NEWYORK,OVID VILLAGE PD,OVID,SENECA,NY0492400,not_found,,,,,
NY,LAW ENFORCEMENT AGENCIE NEWYORK,OWEGO VILLAGE PD,OWEGO,TIOGA,NY0532400,current,,NY0532400,Owego Village Police Department,city,Tioga
NY,LAW ENFORCEMENT AGENCIE NEWYORK,*STATE POLICE,OWEGO,N/A,NY1530100,not_found,,,,,
NY,LAW ENFORCEMENT AGENCIE NEWYORK,*SHERIFF'S OFFICE,OWEGO,TIOGA,NY0530000,current,,NY0530000,Tioga County Sheriff's Office,county,Tioga
NY,LAW ENFORCEMENT AGENCIE NEWYORK,OXFORD TOWN PD,OXFORD,CHENANGO,NY0086300,not_found,,,,,
NY,LAW ENFORCEMENT AGENCIE NEWYORK,OXFORD VILLAGE PD,OXFORD,CHENANGO,NY0082500,current,,NY0082500,Oxford Village Police Department,city,Chenango
NY,LAW ENFORCEMENT AGENCIE NEWYORK,DYSTER BAY COVE PD,OYSTER BAY,NASSAU,NY0298800,current,,NY0298800,Oyster Bay Cove Village Police Department,city,Nassau
NY,LAW ENFORCEMENT AGENCIE NEWYORK,*CENTRE ISLAND VILLAGE PD,OYSTER BAY,NASSAU,NY0294700,current,,NY0294700,Centre Island Village Police Department,city,Nassau
NY,LAW ENFORCEMENT AGENCIE NEWYORK,*COVE NECK VILLAGE PD,OYSTER BAY,NASSAU,NY0296200,not_found,,,,,
NY,LAW ENFORCEMENT AGENCIE NEWYORK,PAINTED POST PD,PAINTED POST,STEUBEN,NY0502600,current,,NY0502600,Painted Post Village Police Department,city,Steuben
NY,LAW ENFORCEMENT AGENCIE NEWYORK,*STATE POLICE,PAINTED POST,N/A,NY1500200,not_found,,,,,
NY,LAW ENFORCEMENT AGENCIE NEWYORK,PALATINE BRIDGE TOWN PD,PALATINE BRIDGE,MONTGOMERY,HY0282900,not_found,,,,,
NY,LAW ENFORCEMENT AGENCIE NEWYORK,PALISADES INTERSTATE PARK COMMISSION,BEAR MOUNTAIN,ROCKLAND,NY0439000,current,,NY0439000,State Park: Palisades Region,other_state,
NY,LAW ENFORCEMENT AGENCIE NEWYORK,PALMYRA PD,PALMYRA,WAYNE,NY0582500,current,,NY0582500,Palmyra Village Police Department,city,Wayne
NY,LAW ENFORCEMENT AGENCIE NEWYORK,PARISH PD,PARISH,OSWEGO,NY0376200,not_found,,,,,
NY,LAW ENFORCEMENT AGENCIE NEWYORK,PATCHOGUE PD,PATCHOGUE,SUFFOLK,NY0511000,not_found,,,,,
NY,LAW ENFORCEMENT AGENCIE NEWYORK,PAWLING PD,PAWLING,DUTCHESS,NY0132200,not_found,,,,,
NY,LAW ENFORCEMENT AGENCIE NEWYORK,PEEKSKILL PD,PEEKSKILL,WESTCHESTER,NY0590100,current,,NY0590100,Peekskill Police Department,city,Westchester
NY,LAW ENFORCEMENT AGENCIE NEWYORK,*STATE POLICE,PEEKSKILL,N/A,NY1590200,not_found,,,,,
NY,LAW ENFORCEMENT AGENCIE NEWYORK,PELHAM MANOR PD,PELHAM,WESTCHESTER,NY0593700,current,,NY0593700,Pelham Manor Village Police Department,city,Westchester
NY,LAW ENFORCEMENT AGENCIE NEWYORK,PELHAM PD,PELHAM,WESTCHESTER,NY0593600,not_found,,,,,
NY,LAW ENFORCEMENT AGENCIE NEWYORK,*VILLAGE OF PELHAM PD,PELHAM,WESTCHESTER,NY0593500,current,,NY0593500,Pelham Village Police Department,city,Westchester
NY,LAW ENFORCEMENT AGENCIE NEWYORK,PENN CENTRAL RAILROAD PD,NEW YORK,NEW YORK,NY0304000,not_found,,,,,
NY,LAW ENFORCEMENT AGENCIE NEWYORK,PENN YAN PD,PENN YAN,YATES,NY0612000,current,,NY0612000,Penn Yan Village Police Department,city,Yates
NY,LAW ENFORCEMENT AGENCIE NEWYORK,*SHERIFF’S OFFICE,PENN YAN,YATES,NY0610000,current,,NY0610000,Yates County Sheriff's Office,county,Yates
NY,LAW ENFORCEMENT AGENCIE NEWYORK,PERRY PD,PERRY,WYOMING,NY0602300,current,,NY0602300,Perry Village Police Department,city,Wyoming
NY,LAW ENFORCEMENT AGENCIE NEWYORK,*TOWN OF PERRYSBURG PD,PERRYSBURG,CATTARAUGUS,NY0046300,not_found,,,,,
NY,LAW ENFORCEMENT AGENCIE NEWYORK,PHELPS PD,PHELPS,ONTARIO,NY0342500,current,,NY0342500,Phelps Village Police Department,city,Ontario
NY,LAW ENFORCEMENT AGENCIE NEWYORK,PHILADELPHIA PD,PHILADELPHIA,JEFFERSON,NY0223600,not_found,,,,,
NY,LAW ENFORCEMENT AGENCIE NEWYORK,PHILLIPSTOWN PD,COLD SPRING,PUTNAM,NY0395300,not_found,,,,,
NY,LAW ENFORCEMENT AGENCIE NEWYORK,PHILMONT VILLAGE PD,PHILMONT,COLUMBIA,NY0100200,current,,NY0100200,Philmont Village Police Department,city,Columbia
NY,LAW ENFORCEMENT AGENCIE NEWYORK,PHOENIX PD,PHOENIX,OSWEGO,NY0372900,current,,NY0372900,Phoenix Village Police Department,city,Oswego
NY,LAW ENFORCEMENT AGENCIE NEWYORK,PIERMONT PD,PIERMONT,ROCKLAND,NY0432500,current,,NY0432500,Piermont Village Police Department,city,Rockland
NY,LAW ENFORCEMENT AGENCIE NEWYORK,PIKE TOWN PD,PIKE,WYOMING,NY0606200,not_found,,,,,
NY,LAW ENFORCEMENT AGENCIE NEWYORK,PIKE VILLAGE PD,GAINESVILLE,WYOMING,NY0602600,not_found,,,,,
NY,LAW ENFORCEMENT AGENCIE NEWYORK,PINE PLAINS TOWN PD,PINE PLAINS,DUTCHESS,NY0135000,current,,NY0135000,Pine Plains Town Police Department,city,Dutchess
NY,LAW ENFORCEMENT AGENCIE NEWYORK,PLANDOME PD,MANHASSET,NASSAU,NY0293200,not_found,,,,,
NY,LAW ENFORCEMENT AGENCIE NEWYORK,PLATTEKILL PD,PLATTEKILL,ULSTER,NY0556100,current,,NY0556100,Plattekill Town Police Department,city,Ulster
NY,LAW ENFORCEMENT AGENCIE NEWYORK,PLATTSBURGH CITY PD,PLATTSBURGH,CLINTON,NY0090100,current,,NY0090100,Plattsburgh City Police Department,city,Clinton
NY,LAW ENFORCEMENT AGENCIE NEWYORK,*SHERIFF’S OFFICE,PLATTSBURGH,CLINTON,NY0990000,not_found,,,,,
NY,LAW ENFORCEMENT AGENCIE NEWYORK,*STATE UNIVERSITY COLLEGE,PLATTSBURGH,CLINTON,NY0090400,not_found,,,,,
NY,LAW ENFORCEMENT AGENCIE NEWYORK,*STATE POLICE,PLATTSBURG,N/A,NY1090100,not_found,,,,,
NY,LAW ENFORCEMENT AGENCIE NEWYORK,PLEASANT VALLEY PD,PLEASANT VALLEY,DUTCHESS,NY0135100,not_found,,,,,
NY,LAW ENFORCEMENT AGENCIE NEWYORK,PLEASANTVILLE PD,PLEASANTVILLE,WESTCHESTER,NY0593300,current,,NY0593300,Pleasantville Village Police Department,city,Westchester
NY,LAW ENFORCEMENT AGENCIE NEWYORK,POESTENKILL PD,POESTENKILL,RENSSELAER,NY0415600,not_found,,,,,
NY,LAW ENFORCEMENT AGENCIE NEWYORK,POMFRET TOWN PD,FREDONIA,CHAUTAUQUA,NY0067600,not_found,,,,,
NY,LAW ENFORCEMENT AGENCIE NEWYORK,PORT CHESTER PD,PORT CHESTER,WESTCHESTER,NY0590600,current,,NY0590600,Port Chester Village Police Department,city,Westchester
NY,LAW ENFORCEMENT AGENCIE NEWYORK,*RYE TOWN PD,PORT CHESTER,WESTCHESTER,NY0597200,current,,NY0597200,Rye Brook Village Police Department,city,Westchester
NY,LAW ENFORCEMENT AGENCIE NEWYORK,PORT DICKINSON PD,BINGHAMTON,BROOME,NY0032000,current,,NY0032000,Port Dickinson Village Police Department,city,Broome
NY,LAW ENFORCEMENT AGENCIE NEWYORK,PORT HENRY PD,PORT HENRY,ESSEX,NY0152200,not_found,,,,,
NY,LAW ENFORCEMENT AGENCIE NEWYORK,PORT JEFFERSON PD,PORT JEFFERSON,SUFFOLK,NY0511100,not_found,,,,,
NY,LAW ENFORCEMENT AGENCIE NEWYORK,*BELLE TERRE PD,PORT JEFFERSON,SUFFOLK,NY0514700,not_found,,,,,
NY,LAW ENFORCEMENT AGENCIE NEWYORK,PORT JERVIS PD,PORT JERVIS,ORANGE,NY0353500,current,,NY0353500,Port Jervis Police Department,city,Orange
NY,LAW ENFORCEMENT AGENCIE NEWYORK,*GREENVILLE TOWN,PORT JERVIS,ORANGE,NY0357500,not_found,,,,,
NY,LAW ENFORCEMENT AGENCIE NEWYORK,PORT WASHINGTON PD,PORT WASHINGTON,NASSAU,NY0295500,current,,NY0295500,Port Washington Police Department,city,Nassau
NY,LAW ENFORCEMENT AGENCIE NEWYORK,*FLOWER HILL PD,PORT WASHINGTON,NASSAU,NY0291500,not_found,,,,,
NY,LAW ENFORCEMENT AGENCIE NEWYORK,*MANORHAVEN PD,PORT WASHINGTON,NASSAU,NY0292000,not_found,,,,,
NY,LAW ENFORCEMENT AGENCIE NEWYORK,*SANOS POINT PD,PORT WASHINGTON,NASSAU,NY0293500,current,,NY0293500,Sands Point Village Police Department,city,Nassau
NY,LAW ENFORCEMENT AGENCIE NEWYORK,PORTVILLE PD,PORTVILLE,CATTARAUGUS,NY0042800,current,,NY0042800,Portville Village Police Department,city,Cattaraugus
NY,LAW ENFORCEMENT AGENCIE NEWYORK,POTSDAM PD,POTSDAM,ST. LAWRENCE,NY0442900,current,,NY0442900,Potsdam Village Police Department,city,St Lawrence
NY,LAW ENFORCEMENT AGENCIE NEWYORK,*STATE UNIVERSITY COLLEGE,POTSDAM,ST. LAWRENCE,NY0440400,not_found,,,,,
NY,LAW ENFORCEMENT AGENCIE NEWYORK,POUGHKEEPSIE CITY PD,POUGHKEEPSIE,DUTCHESS,NY0130200,current,,NY0130200,Poughkeepsie Police Department,city,Dutchess
NY,LAW ENFORCEMENT AGENCIE NEWYORK,POUGHKEEPSIE TOWN PD,POUGHKEEPSIE,DUTCHESS,N70136300,not_found,,,,,
NY,LAW ENFORCEMENT AGENCIE NEWYORK,*ARLINGTON PD,POUGHKEEPSIE,DUTCHESS,NY0130300,not_found,,,,,
NY,LAW ENFORCEMENT AGENCIE NEWYORK,*SHERIFF’S OFFICE,POUGHKEEPSIE,DUTCHESS,NY0130000,current,,NY0130000,Dutchess County Sheriff's Office,county,Dutchess
NY,LAW ENFORCEMENT AGENCIE NEWYORK,*STATE POLICE,POUGHKEEPSI,N/A,NY1130400,not_found,,,,,
NY,LAW ENFORCEMENT AGENCIE NEWYORK,POUND RIDGE PD,POUND RIDGE,WESTCHESTER,NY0596300,current,,NY0596300,Pound Ridge Town Police Department,city,Westchester
NY,LAW ENFORCEMENT AGENCIE NEWYORK,PRATTSBURG PD,PRATTSBURG,STEUBEN,NY0502700,not_found,,,,,
NY,LAW ENFORCEMENT AGENCIE NEWYORK,PULASKI PD,PULASKI,OSWEGO,NY0372600,current,,NY0372600,Pulaski Village Police Department,city,Oswego
NY,LAW ENFORCEMENT AGENCIE NEWYORK,STATE POLICE,PULASKI,N/A,NY1370200,not_found,,,,,
NY,LAW ENFORCEMENT AGENCIE NEWYORK,PUTNAM VALLEY PD,PUTNAM VALLEY,PUTNAM,NY0395400,not_found,,,,,
NY,LAW ENFORCEMENT AGENCIE NEWYORK,STATE POLICE,PUTNAM VALLEY,N/A,NY1390100,not_found,,,,,
NY,LAW ENFORCEMENT AGENCIE NEWYORK,QUEENSBURY PD,QUEENSBURY,WARREN,NY0565700,not_found,,,,,
NY,LAW ENFORCEMENT AGENCIE NEWYORK,QUOGUE PD,QUOGUE,SUFFOLK,NY0513900,current,,NY0513900,Quogue Village Police Department,city,Suffolk
NY,LAW ENFORCEMENT AGENCIE NEWYORK,RAMAPO PD,SUFFERN,ROCKLAND,NY0435300,current,,NY0435300,Ramapo Town Police Department,city,Rockland
NY,LAW ENFORCEMENT AGENCIE NEWYORK,RANDOLPH PD,RANDOLPH,CATTARAUGUS,NY0042900,not_found,,,,,
NY,LAW ENFORCEMENT AGENCIE NEWYORK,RAVENA PD,RAVENA,ALBANY,NY0012300,not_found,,,,,
NY,LAW ENFORCEMENT AGENCIE NEWYORK,RED HOOK PD,RED HOOK,DUTCHESS,NY0132500,current,,NY0132500,Red Hook Village Police Department,city,Dutchess
NY,LAW ENFORCEMENT AGENCIE NEWYORK,RENSSELAER PD,RENSSELAER,RENSSELAER,NY0410100,current,,NY0410100,Rensselaer City Police Department,city,Rensselaer
NY,LAW ENFORCEMENT AGENCIE NEWYORK,*NORTH GREENBUSH TOWN PD,RENSSELAER,RENSSELAER,NY0415300,current,,NY0415300,North Greenbush Town Police Department,city,Rensselaer
NY,LAW ENFORCEMENT AGENCIE NEWYORK,RHINEBECK PD,RHINEBECK,DUTCHESS,NY0132700,current,,NY0132700,Rhinebeck Village Police Department,city,Dutchess
NY,LAW ENFORCEMENT AGENCIE NEWYORK,*STATE POLICE,RHINEBECK,N/A,NY1130200,not_found,,,,,
NY,LAW ENFORCEMENT AGENCIE NEWYORK,RICHBURG PD,RICHBURG,ALLEGANY,NY0022900,not_found,,,,,
NY,LAW ENFORCEMENT AGENCIE NEWYORK,RICHFIELD SPRINGS PD,RICHFIELD SPRINGS,OTSEGO,NY0382000,not_found,,,,,
NY,LAW ENFORCEMENT AGENCIE NEWYORK,*STATE POLICE,RICHFIELD SPRINGS,N/A,NY1380200,not_found,,,,,
NY,LAW ENFORCEMENT AGENCIE NEWYORK,RICHMONDVILLE PD,RICHMONDVILLE,SCHOHARIE,NY0472300,not_found,,,,,
NY,LAW ENFORCEMENT AGENCIE NEWYORK,RIPLEY PD,RIPLEY,CHAUTAUQUA,NY0067000,not_found,,,,,
NY,LAW ENFORCEMENT AGENCIE NEWYORK,RIVERHEAD PD,RIVERHEAD,SUFFOLK,NY0515500,current,,NY0515500,Riverhead Town Police Department,city,Suffolk
NY,LAW ENFORCEMENT AGENCIE NEWYORK,*STATE POLICE,RIVERHEAD,N/A,NY1510100,not_found,,,,,
NY,LAW ENFORCEMENT AGENCIE NEWYORK,*SHERIFF’S OFFICE,RIVERHEAD,SUFFOLK,NY0510000,current,,NY0510000,Suffolk County Sheriff's Office,county,Suffolk
NY,LAW ENFORCEMENT AGENCIE NEWYORK,ROCHESTER PD,ROCHESTER,MONROE,NY0270100,current,,NY0270100,Rochester Police Department,city,Monroe
NY,LAW ENFORCEMENT AGENCIE NEWYORK,*BRIGHTON PD,ROCHESTER,MONROE,NY0275000,current,,NY0275000,Brighton Town Police Department,city,Monroe
NY,LAW ENFORCEMENT AGENCIE NEWYORK,*GATES TOWN PD,ROCHESTER,MONROE,NY0275300,current,,NY0275300,Gates Town Police Department,city,Monroe
NY,LAW ENFORCEMENT AGENCIE NEWYORK,*GREECE PD,ROCHESTER,MONROE,NY0275400,current,,NY0275400,Greece Town Police Department,city,Monroe
NY,LAW ENFORCEMENT AGENCIE NEWYORK,*IRONDEQUOIT PD,ROCHESTER,MONROE,NY0270200,current,,NY0270200,Irondequoit Town Police Department,city,Monroe
NY,LAW ENFORCEMENT AGENCIE NEWYORK,*SHERIFF’S OFFICE,ROCHESTER,MONROE,NY0270000,current,,NY0270000,Monroe County Sheriff's Office,county,Monroe
NY,LAW ENFORCEMENT AGENCIE NEWYORK,ROCKLAND TOWN PD,LIVINGSTON MANOR,SULLIVAN,NY0526300,not_found,,,,,
NY,LAW ENFORCEMENT AGENCIE NEWYORK,ROCKVILLE CENTRE PD,ROCKVILLE CENTRE,NASSAU,NY0290900,current,,NY0290900,Rockville Centre Village Police Department,city,Nassau
NY,LAW ENFORCEMENT AGENCIE NEWYORK,ROME PD,ROME,ONEIDA,NY0320100,current,,NY0320100,Rome Police Department,city,Oneida
NY,LAW ENFORCEMENT AGENCIE NEWYORK,ROOSEVELT,HYDE PARK,DUTCHESS,NY0139500,not_found,,,,,
NY,LAW ENFORCEMENT AGENCIE NEWYORK,ROSENDALE TOWN PD,ROSENDALE,ULSTER,NY0559100,current,,NY0559100,Rosendale Town Police Department,city,Ulster
NY,LAW ENFORCEMENT AGENCIE NEWYORK,ROSENDALE VILLAGE PD,ROSENDALE,ULSTER,NY0559000,not_found,,,,,
NY,LAW ENFORCEMENT AGENCIE NEWYORK,ROSLYN PD,ROSLYN,NASSAU,NY0292500,not_found,,,,,
NY,LAW ENFORCEMENT AGENCIE NEWYORK,*EAST HILLS PD,ROSLYN,NASSAU,NY0291100,not_found,,,,,
NY,LAW ENFORCEMENT AGENCIE NEWYORK,ROTTERDAM PD,ROTTERDAM,SCHENECTADY,NY0465400,current,,NY0465400,Rotterdam Town Police Department,city,Schenectady
NY,LAW ENFORCEMENT AGENCIE NEWYORK,ROUSES POINT PD,ROUSES POINT,CLINTON,NY0092200,not_found,,,,,
NY,LAW ENFORCEMENT AGENCIE NEWYORK,RUSHVILLE PD,RUSHVILLE,YATES,NY0612100,not_found,,,,,
NY,LAW ENFORCEMENT AGENCIE NEWYORK,RYE PD,RYE,WESTCHESTER,NY0590800,current,,NY0590800,Rye Police Department,city,Westchester
NY,LAW ENFORCEMENT AGENCIE NEWYORK,RYE TOWN PD,PORT CHESTER,WESTCHESTER,NY0597200,current,,NY0597200,Rye Brook Village Police Department,city,Westchester
NY,LAW ENFORCEMENT AGENCIE NEWYORK,SACKETS HARBOR PD,SACKETS HARBOR,JEFFERSON,NY0223300,current,,NY0223300,Sackets Harbor Village Police Department,city,Jefferson
NY,LAW ENFORCEMENT AGENCIE NEWYORK,SAG HARBOR PD,SAG HARBOR,SUFFOLK,NY0512400,current,,NY0512400,Sag Harbor Village Police Department,city,Suffolk
NY,LAW ENFORCEMENT AGENCIE NEWYORK,SAINT JOHNSVILLE PD,SAINT JOHNSVILLE,MONTGOMERY,NY0282800,current,,NY0282800,St. Johnsville Village Police Department,city,Montgomery
NY,LAW ENFORCEMENT AGENCIE NEWYORK,SALAMANCA CITY PD,SALAMANCA,CATTARAUGUS,NY0043300,current,,NY0043300,Salamanca Police Department,city,Cattaraugus
NY,LAW ENFORCEMENT AGENCIE NEWYORK,ALLEGANY STATE PARK COMMISSION,SALAMANCA,CATTARAUGUS,NY0049000,current,,NY0049000,State Park: Allegany Region,other_state,
NY,LAW ENFORCEMENT AGENCIE NEWYORK,SALEM PD,SALEM,WASHINGTON,NY0572700,not_found,,,,,
NY,LAW ENFORCEMENT AGENCIE NEWYORK,*STATE POLICE,SALEM,N/A,NY1570200,not_found,,,,,
NY,LAW ENFORCEMENT AGENCIE NEWYORK,*SHERIFF'S OFFICE,SALEM,WASHINGTON,NY0570000,current,,NY0570000,Washington County Sheriff's Office,county,Washington
NY,LAW ENFORCEMENT AGENCIE NEWYORK,SALTAIRE PD,SALEM SALTAIRE,SUFFOLK,NY0513000,not_found,,,,,
NY,LAW ENFORCEMENT AGENCIE NEWYORK,SAND LAKE TOWN PD,WEST SAND LAKE,RENSSELAER,NY0419000,not_found,,,,,
NY,LAW ENFORCEMENT AGENCIE NEWYORK,SANOS POINT PD,PORT WASHINGTON,NASSAU,NY0293500,current,,NY0293500,Sands Point Village Police Department,city,Nassau
NY,LAW ENFORCEMENT AGENCIE NEWYORK,SARANAC LAKE VILLAGE PD,SARANAC LAKE,ESSEX,NY0152400,not_found,,,,,
NY,LAW ENFORCEMENT AGENCIE NEWYORK,SARANAC LAKE VILLAGE PD,,FRANKLIN,NY0162300,current,,NY0162300,Saranac Lake Village Police Department,city,"Essex, Franklin"
NY,LAW ENFORCEMENT AGENCIE NEWYORK,*STATE POLICE,SARANAC LAKE,N/A,NYU50100,not_found,,,,,
NY,LAW ENFORCEMENT AGENCIE NEWYORK,SARATOGA SPRINGS PD,SARATOGA SPRINGS,SARATOGA,NY0450100,current,,NY0450100,Saratoga Springs Police Department,city,Saratoga
NY,LAW ENFORCEMENT AGENCIE NEWYORK,SARATOGA-CAPITAL DISTRICTSTATE PARK AND RECREATION,SARATOGA SPRINGS,SARATOGA,NY0452900,current,,NY0452900,State Park: Saratoga/Capital Region,other_state,
NY,LAW ENFORCEMENT AGENCIE NEWYORK,*STATE POLICE,SARATOGA,N/A,NY1450200,not_found,,,,,
NY,LAW ENFORCEMENT AGENCIE NEWYORK,SAUGERTIES TOWN PD,SAUGERTIES,ULSTER,NY0558000,current,,NY0558000,Saugerties Town Police Department,city,Ulster
NY,LAW ENFORCEMENT AGENCIE NEWYORK,SAUGERTIES VILLAGE PD,SAUGERTIES,ULSTER,NY0552400,not_found,,,,,
NY,LAW ENFORCEMENT AGENCIE NEWYORK,SAVONA PD,SAVONA,STEUBEN,NY0502300,not_found,,,,,
NY,LAW ENFORCEMENT AGENCIE NEWYORK,SCARSDALE PD,SCARSDALE,WESTCHESTER,NY0591000,current,,NY0591000,Scarsdale Village Police Department,city,Westchester
NY,LAW ENFORCEMENT AGENCIE NEWYORK,SCHENECTADY PD,SCHENECTADY,SCHENECTADY,NY0460100,current,,NY0460100,Schenectady Police Department,city,Schenectady
NY,LAW ENFORCEMENT AGENCIE NEWYORK,*NISKAYUNA PD,SCHENECTADY,SCHENECTADY,NY0465200,current,,NY0465200,Niskayuna Town Police Department,city,Schenectady
NY,LAW ENFORCEMENT AGENCIE NEWYORK,*SHERIFF'S OFFICE,SCHENECTADY,SCHENECTADY,NY0460000,current,,NY0460000,Schenectady County Sheriff's Office,county,Schenectady
NY,LAW ENFORCEMENT AGENCIE NEWYORK,SCHODACK PD,CASTLETON ON-HUDSON,RENSSELAER,NY0415400,current,,NY0415400,Schodack Town Police Department,city,Rensselaer
NY,LAW ENFORCEMENT AGENCIE NEWYORK,SCHOHARIE PD,SCHOHARIE,SCHOHARIE,NY0472400,current,,NY0472400,Schoharie Village Police Department,city,Schoharie
NY,LAW ENFORCEMENT AGENCIE NEWYORK,*SHERIFF'S OFFICE,SCHOHARIE,SCHOHARIE,NY0470000,current,,NY0470000,Schoharie County Sheriff's Office,county,Schoharie
NY,LAW ENFORCEMENT AGENCIE NEWYORK,SCHUYLERVILLE PD,SCHUYLERVILLE,SARATOGA,NY0452500,not_found,,,,,
NY,LAW ENFORCEMENT AGENCIE NEWYORK,SCOTIA PD,SCOTIA,SCHENECTADY,NY0462000,current,,NY0462000,Scotia Village Police Department,city,Schenectady
NY,LAW ENFORCEMENT AGENCIE NEWYORK,*GLENVILLE PD,SCOTIA,SCHENECTADY,NY0465100,current,,NY0465100,Glenville Town Police Department,city,Schenectady
NY,LAW ENFORCEMENT AGENCIE NEWYORK,*WHEATLAND PD,SCOTTSVILLE,MONROE,NY0270300,not_found,,,,,
NY,LAW ENFORCEMENT AGENCIE NEWYORK,SEA CLIFF PD,SEA CLIFF,NASSAU,NY0292600,not_found,,,,,
NY,LAW ENFORCEMENT AGENCIE NEWYORK,SENECA FALLS PD,SENECA FALLS,SENECA,NY0492300,not_found,,,,,
NY,LAW ENFORCEMENT AGENCIE NEWYORK,SHANDAKEN TOWN PD,SHANDAKEN,ULSTER,NY0558100,current,,NY0558100,Shandaken Town Police Department,city,Ulster
NY,LAW ENFORCEMENT AGENCIE NEWYORK,SHARON SPRINGS PD,SHARON SPRINGS,SCHOHARIE,NY0472500,not_found,,,,,
NY,LAW ENFORCEMENT AGENCIE NEWYORK,SHAWANGUNK TOWN PD,WALLKILL,ULSTER,NY0559900,current,,NY0559900,Shawangunk Town Police Department,city,Ulster
NY,LAW ENFORCEMENT AGENCIE NEWYORK,SHELTER ISLAND PD,SHELTER ISLAND,SUFFOLK,NY0515600,current,,NY0515600,Shelter Island Town Police Department,city,Suffolk
NY,LAW ENFORCEMENT AGENCIE NEWYORK,SHERBURNE PD,SHERBURNE,CHENANGO,NY0082700,current,,NY0082700,Sherburne Village Police Department,city,Chenango
NY,LAW ENFORCEMENT AGENCIE NEWYORK,SHERIDAN PD,SHERIDAN,CHAUTAUQUA,NY0067100,not_found,,,,,
NY,LAW ENFORCEMENT AGENCIE NEWYORK,SHERIFF'S OFFICE,ALBANY,ALBANY,NY0010000,current,,NY0010000,Albany County Sheriff's Office,county,Albany
NY,LAW ENFORCEMENT AGENCIE NEWYORK,SHERIFF'S OFFICE,BELMONT,ALLEGANY,NY0020000,current,,NY0020000,Allegany County Sheriff's Office,county,Allegany
NY,LAW ENFORCEMENT AGENCIE NEWYORK,SHERIFF'S OFFICE,BINGHAMTON,BROOME,NY0030000,current,,NY0030000,Broome County Sheriff's Office,county,Broome
NY,LAW ENFORCEMENT AGENCIE NEWYORK,SHERIFF'S OFFICE,NEW YORK,BRONX,NY0620000,not_found,,,,,
NY,LAW ENFORCEMENT AGENCIE NEWYORK,SHERIFF'S OFFICE,AUBURN,CAYUGA,NY0050000,current,,NY0050000,Cayuga County Sheriff's Office,county,Cayuga
NY,LAW ENFORCEMENT AGENCIE NEWYORK,SHERIFFS OFFICE,LITTLE VALLEY,CATTARAUGUS,NY0040000,current,,NY0040000,Cattaraugus County Sheriff's Office,county,Cattaraugus
NY,LAW ENFORCEMENT AGENCIE NEWYORK,SHERIFF'S OFFICE,ELMIRA,CHEMUNG,NY0070000,current,,NY0070000,Chemung County Sheriff's Office,county,Chemung
NY,LAW ENFORCEMENT AGENCIE NEWYORK,SHERIFF’S OFFICE,MAYVILLE,CHAUTAUQUA,NY0060000,current,,NY0060000,Chautauqua County Sheriff's Office,county,Chautauqua
NY,LAW ENFORCEMENT AGENCIE NEWYORK,SHERIFF'S OFFICE,NORWICH,CHENANGO,NY0080000,current,,NY0080000,Chenango County Sheriff's Office,county,Chenango
NY,LAW ENFORCEMENT AGENCIE NEWYORK,SHERIFF’S OFFICE,PLATTSBURGH,CLINTON,NY0090000,current,,NY0090000,Clinton County Sheriff's Office,county,Clinton
NY,LAW ENFORCEMENT AGENCIE NEWYORK,SHERIFF'S OFFICE,CORTLAND,CORTLAND,NY0110000,current,,NY0110000,Cortland County Sheriff's Office,county,Cortland
NY,LAW ENFORCEMENT AGENCIE NEWYORK,SHERIFF'S OFFICE,HUDSON,COLUMBIA,NY0100000,current,,NY0100000,Columbia County Sheriff's Office,county,Columbia
NY,LAW ENFORCEMENT AGENCIE NEWYORK,SHERIFF'S OFFICE,DELHI,DELAWARE,NY0120000,current,,NY0120000,Delaware County Sheriff's Office,county,Delaware
NY,LAW ENFORCEMENT AGENCIE NEWYORK,SHERIFF'S OFFICE,POUGHKEEPSIE,DUTCHESS,NY0130000,current,,NY0130000,Dutchess County Sheriff's Office,county,Dutchess
NY,LAW ENFORCEMENT AGENCIE NEWYORK,SHERIFF'S OFFICE,BUFFALO,ERIE,NY0140000,current,,NY0140000,Erie County Sheriff's Office,county,Erie
NY,LAW ENFORCEMENT AGENCIE NEWYORK,SHERIFF’S OFFICE,ELIZABETHTOWN,ESSEX,NY0150000,current,,NY0150000,Essex County Sheriff's Office,county,Essex
NY,LAW ENFORCEMENT AGENCIE NEWYORK,SHERIFF’S OFFICE,MALONE,FRANKLIN,NY0160000,current,,NY0160000,Franklin County Sheriff's Office,county,Franklin
NY,LAW ENFORCEMENT AGENCIE NEWYORK,SHERIFF'S OFFICE,JOHNSTOWN,FULTON,NY0170000,current,,NY0170000,Fulton County Sheriff's Office,county,Fulton
NY,LAW ENFORCEMENT AGENCIE NEWYORK,SHERIFF'S OFFICE,BATAVIA,GENESEE,NY0180000,current,,NY0180000,Genesee County Sheriff's Office,county,Genesee
NY,LAW ENFORCEMENT AGENCIE NEWYORK,SHERIFF'S OFFICE,CATSKILL,GREENE,NY0190000,current,,NY0190000,Greene County Sheriff's Office,county,Greene
NY,LAW ENFORCEMENT AGENCIE NEWYORK,SHERIFF'S OFFICE,LAKE PLEASANT,HAMILTON,NY0200000,current,,NY0200000,Hamilton County Sheriff's Office,county,Hamilton
NY,LAW ENFORCEMENT AGENCIE NEWYORK,SHERIFF'S OFFICE,HERKIMER,HERKIMER,NY0210000,current,,NY0210000,Herkimer County Sheriff's Office,county,Herkimer
NY,LAW ENFORCEMENT AGENCIE NEWYORK,SHERIFF'S OFFICE,WATERTOWN,JEFFERSON,NY0220000,current,,NY0220000,Jefferson County Sheriff's Office,county,Jefferson
NY,LAW ENFORCEMENT AGENCIE NEWYORK,SHERIFF’S OFFICE,NEW YORK,KINGS,NY0230000,not_found,,,,,
NY,LAW ENFORCEMENT AGENCIE NEWYORK,SHERIFF’S OFFICE,LOWVILLE,LEWIS,NY0240000,current,,NY0240000,Lewis County Sheriff's Office,county,Lewis
NY,LAW ENFORCEMENT AGENCIE NEWYORK,SHERIFF’S OFFICE,GENESEO,LIVINGSTON,NY0250000,current,,NY0250000,Livingston County Sheriff's Office,county,Livingston
NY,LAW ENFORCEMENT AGENCIE NEWYORK,SHERIFF'S OFFICE,WAMPSVILLE,MADISON,NY0260000,current,,NY0260000,Madison County Sheriff's Office,county,Madison
NY,LAW ENFORCEMENT AGENCIE NEWYORK,SHERIFF’S OFFICE,FONDA,MONTGOMERY,NY0280000,current,,NY0280000,Montgomery County Sheriff's Office,county,Montgomery
NY,LAW ENFORCEMENT AGENCIE NEWYORK,SHERIFF'S OFFICE,ROCHESTER,MONROE,NY0270000,current,,NY0270000,Monroe County Sheriff's Office,county,Monroe
NY,LAW ENFORCEMENT AGENCIE NEWYORK,SHERIFF’S OFFICE,MINEOLA,NASSAU,NY0299000,not_found,,,,,
NY,LAW ENFORCEMENT AGENCIE NEWYORK,SHERIFF'S OFFICE,NEW YORK,NEW YORK,NY0300000,not_found,,,,,
NY,LAW ENFORCEMENT AGENCIE NEWYORK,SHERIFF’S OFFICE,LOCKPORT,NIAGARA,NY0310000,current,,NY0310000,Niagara County Sheriff's Office,county,Niagara
NY,LAW ENFORCEMENT AGENCIE NEWYORK,SHERIFF'S OFFICE,CANANDAIGUA,ONTARIO,NY0340000,current,,NY0340000,Ontario County Sheriff's Office,county,Ontario
NY,LAW ENFORCEMENT AGENCIE NEWYORK,SHERIFF'S OFFICE,ORISKANY,ONEIDA,NY0320000,current,,NY0320000,Oneida County Sheriff's Office,county,Oneida
NY,LAW ENFORCEMENT AGENCIE NEWYORK,SHERIFF'S OFFICE,SYRACUSE,ONONDAGA,NY0330000,current,,NY0330000,Onondaga County Sheriff's Office,county,Onondaga
NY,LAW ENFORCEMENT AGENCIE NEWYORK,SHERIFF’S OFFICE,ALBION,ORLEANS,NY0360000,current,,NY0360000,Orleans County Sheriff's Office,county,Orleans
NY,LAW ENFORCEMENT AGENCIE NEWYORK,SHERIFF'S OFFICE,GOSHEN,ORANGE,NY0350000,current,,NY0350000,Orange County Sheriff's Office,county,Orange
NY,LAW ENFORCEMENT AGENCIE NEWYORK,SHERIFF'S OFFICE,OSWEGO,OSWEGO,NY0370000,current,,NY0370000,Oswego County Sheriff's Office,county,Oswego
NY,LAW ENFORCEMENT AGENCIE NEWYORK,SHERIFF'S OFFICE,COOPERSTOWN,OTSEGO,NY0380000,current,,NY0380000,Otsego County Sheriff's Office,county,Otsego
NY,LAW ENFORCEMENT AGENCIE NEWYORK,SHERIFF'S OFFICE,CARMEL,PUTNAM,NY0390000,current,,NY0390000,Putnam County Sheriff's Office,county,Putnam
NY,LAW ENFORCEMENT AGENCIE NEWYORK,SHERIFF'S OFFICE,NEW YORK,QUEENS,NY0400000,not_found,,,,,
NY,LAW ENFORCEMENT AGENCIE NEWYORK,SHERIFF'S OFFICE,TROY,RENSSELAER,NY0410000,current,,NY0410000,Rensselaer County Sheriff's Office,county,Rensselaer
NY,LAW ENFORCEMENT AGENCIE NEWYORK,SHERIFF'S OFFICE,NEW YORK,RICHMOND,NY0420000,not_found,,,,,
NY,LAW ENFORCEMENT AGENCIE NEWYORK,SHERIFF'S OFFICE,NEW CITY,ROCKLAND,NY0430000,current,,NY0430000,Rockland County Sheriff's Office,county,Rockland
NY,LAW ENFORCEMENT AGENCIE NEWYORK,SHERIFF'S OFFICE,BALLSTON SPA,SARATOGA,NY0450000,current,,NY0450000,Saratoga County Sheriff's Office,county,Saratoga
NY,LAW ENFORCEMENT AGENCIE NEWYORK,SHERIFF'S OFFICE,SCHENECTADY,SCHENECTADY,NY0460000,current,,NY0460000,Schenectady County Sheriff's Office,county,Schenectady
NY,LAW ENFORCEMENT AGENCIE NEWYORK,SHERIFF'S OFFICE,SCHOHARIE,SCHOHARIE,NY0470000,current,,NY0470000,Schoharie County Sheriff's Office,county,Schoharie
NY,LAW ENFORCEMENT AGENCIE NEWYORK,SHERIFF'S OFFICE,WATKINS GLEN,SCHUYLER,NY0480000,current,,NY0480000,Schuyler County Sheriff's Office,county,Schuyler
NY,LAW ENFORCEMENT AGENCIE NEWYORK,SHERIFF'S OFFICE,WATERLOO,SENECA,NY0490000,current,,NY0490000,Seneca County Sheriff's Office,county,Seneca
NY,LAW ENFORCEMENT AGENCIE NEWYORK,SHERIFF'S OFFICE,BATH,STEUBEN,NY0500000,current,,NY0500000,Steuben County Sheriff's Office,county,Steuben
NY,LAW ENFORCEMENT AGENCIE NEWYORK,SHERIFF’S OFFICE,CANTON,ST. LAWRENCE,NY0440000,current,,NY0440000,St. Lawrence County Sheriff's Office,county,St Lawrence
NY,LAW ENFORCEMENT AGENCIE NEWYORK,SHERIFF'S OFFICE,MONTICELLO,SULLIVAN,NY0520000,current,,NY0520000,Sullivan County Sheriff's Office,county,Sullivan
NY,LAW ENFORCEMENT AGENCIE NEWYORK,SHERIFF’S OFFICE,RIVERHEAD,SUFFOLK,NY0510000,current,,NY0510000,Suffolk County Sheriff's Office,county,Suffolk
NY,LAW ENFORCEMENT AGENCIE NEWYORK,SHERIFF’S OFFICE,OWEGO,TIOGA,NY0530000,current,,NY0530000,Tioga County Sheriff's Office,county,Tioga
NY,LAW ENFORCEMENT AGENCIE NEWYORK,SHERIFF'S OFFICE,ITHACA,TOMPKINS,NY0540000,current,,NY0540000,Tompkins County Sheriff's Office,county,Tompkins
NY,LAW ENFORCEMENT AGENCIE NEWYORK,SHERIFF'S OFFICE,KINGSTON,ULSTER,NY0550000..,not_found,,,,,
NY,LAW ENFORCEMENT AGENCIE NEWYORK,SHERIFF'S OFFICE,LAKE GEORGE,WARREN,!7F0560000,not_found,,,,,
NY,LAW ENFORCEMENT AGENCIE NEWYORK,SHERIFF’S OFFICE,LYONS,WAYNE,NY0580000,current,,NY0580000,Wayne County Sheriff's Office,county,Wayne
NY,LAW ENFORCEMENT AGENCIE NEWYORK,SHERIFF'S OFFICE,SALEM,WASHINGTON,NY0570000,current,,NY0570000,Washington County Sheriff's Office,county,Washington
NY,LAW ENFORCEMENT AGENCIE NEWYORK,SHERIFF'S OFFICE,WHITE PLAINS,WESTCHESTER,NY0590000,current,,NY0590000,Westchester Public Safety County Sheriff's Office,county,Westchester
NY,LAW ENFORCEMENT AGENCIE NEWYORK,SHERIFF’S OFFICE,WARSAW,WYOMING,NY0600000,current,,NY0600000,Wyoming County Sheriff's Office,county,Wyoming
NY,LAW ENFORCEMENT AGENCIE NEWYORK,SHERIFF'S OFFICE,PENN YAN,YATES,NY0610000,current,,NY0610000,Yates County Sheriff's Office,county,Yates
NY,LAW ENFORCEMENT AGENCIE NEWYORK,SHERMAN TOWN PD,SHERMAN,CHAUTAUQUA,NY0067200,not_found,,,,,
NY,LAW ENFORCEMENT AGENCIE NEWYORK,SHERMAN VILLAGE PD,SHERMAN,CHAUTAUQUA,NY0063100,not_found,,,,,
NY,LAW ENFORCEMENT AGENCIE NEWYORK,SHERRILL PD,SHERRILL,ONEIDA,NY0322400,current,,NY0322400,Sherrill Police Department,city,Oneida
NY,LAW ENFORCEMENT AGENCIE NEWYORK,SHORTSVILLE PD,SHORTSVILLE,ONTARIO,NY0342300,not_found,,,,,
NY,LAW ENFORCEMENT AGENCIE NEWYORK,SIDNEY PD,SIDNEY,DELAWARE,NY0122700,current,,NY0122700,Sidney Village Police Department,city,Delaware
NY,LAW ENFORCEMENT AGENCIE NEWYORK,*STATE POLICE,SIDNEY,N/A,NY1120100,not_found,,,,,
NY,LAW ENFORCEMENT AGENCIE NEWYORK,SILVER CREEK PD,SILVER CREEK,CHAUTAUQUA,NY0062700,not_found,,,,,
NY,LAW ENFORCEMENT AGENCIE NEWYORK,SILVER SPRINGS PD,SILVER SPRINGS,WYOMING,NY0602500,not_found,,,,,
NY,LAW ENFORCEMENT AGENCIE NEWYORK,SINCLAIRVILLE PD,SINCLAIRVILLE,CHAUTAUQUA,NY0062100,not_found,,,,,
NY,LAW ENFORCEMENT AGENCIE NEWYORK,*CHARLOTTE TOWN PD,SINCLAIRVILLE,CHAUTAUQUA,NY0067300,not_found,,,,,
NY,LAW ENFORCEMENT AGENCIE NEWYORK,SKANEATELES PD,SKANEATELES,ONONDAGA,NY0333200,current,,NY0333200,Skaneateles Village Police Department,city,Onondaga
NY,LAW ENFORCEMENT AGENCIE NEWYORK,SLOAN PD,BUFFALO,ERIE,NY0142500,not_found,,,,,
NY,LAW ENFORCEMENT AGENCIE NEWYORK,SLOATSBURG PD,SLOATSBURG,ROCKLAND,NY0433000,not_found,,,,,
NY,LAW ENFORCEMENT AGENCIE NEWYORK,SMITHTOWN HARBOR PD,SMITHTOWN,SUFFOLK,NY0516200,not_found,,,,,
NY,LAW ENFORCEMENT AGENCIE NEWYORK,SODUS POINT PD,SODUS POINT,WAYNE,NY0582900,not_found,,,,,
NY,LAW ENFORCEMENT AGENCIE NEWYORK,SODUS TOWN PD,SODUS,WAYNE,NY0586100,not_found,,,,,
NY,LAW ENFORCEMENT AGENCIE NEWYORK,SODUS VILLAGE PD,SODUS,WAYNE,NY0582800,current,,NY0582800,Sodus Village Police Department,city,Wayne
NY,LAW ENFORCEMENT AGENCIE NEWYORK,SOLVAY PD,SYRACUSE,ONONDAGA,NY0332600,current,,NY0332600,Solvay Village Police Department,city,Onondaga
NY,LAW ENFORCEMENT AGENCIE NEWYORK,*GEDDES PD,SOLVAY,ONONDAGA,NY0335600,current,,NY0335600,Geddes Town Police Department,city,Onondaga
NY,LAW ENFORCEMENT AGENCIE NEWYORK,SOMERS TOWN PD,SOMERS,WESTCHESTER,NY0594200,not_found,,,,,
NY,LAW ENFORCEMENT AGENCIE NEWYORK,SOMERSET TOWN PD,BARKER,NIAGARA,NY0315900,current,,NY0315900,Somerset Town Police Department,city,Niagara
NY,LAW ENFORCEMENT AGENCIE NEWYORK,*STATE POLICE,SOMERS,N/A,NY1590300,not_found,,,,,
NY,LAW ENFORCEMENT AGENCIE NEWYORK,SOUTH CORNING PD,CORNING,STEUBEN,NY0503200,not_found,,,,,
NY,LAW ENFORCEMENT AGENCIE NEWYORK,SOUTH DAYTON PD,SOUTH DAYTON,CATTARAUGUS,NY0043000,not_found,,,,,
NY,LAW ENFORCEMENT AGENCIE NEWYORK,*FALLSBURG PD,SOUTH FALLSBURG,SULLIVAN,NY0525400,current,,NY0525400,Fallsburg Town Police Department,city,Sullivan
NY,LAW ENFORCEMENT AGENCIE NEWYORK,SOUTH GLENS FALLS PD,GLENS FALLS,SARATOGA,NY0452400,current,,NY0452400,South Glens Falls Village Police Department,city,Saratoga
NY,LAW ENFORCEMENT AGENCIE NEWYORK,*STATE POLICE,SOUTH GLENS FALLS,N/A,NY1450100,not_found,,,,,
NY,LAW ENFORCEMENT AGENCIE NEWYORK,SOUTH NYACK PD,NYACK,ROCKLAND,NY0432600,not_found,,,,,
NY,LAW ENFORCEMENT AGENCIE NEWYORK,*LEWISBORO PD,SOUTH SALEM,WESTCHESTER,NY0597000,not_found,,,,,
NY,LAW ENFORCEMENT AGENCIE NEWYORK,*LEWISBORO TOWN PD,SOUTH SALEM,WESTCHESTER,NY0595500,current,,NY0595500,Lewisboro Town Police Department,city,Westchester
NY,LAW ENFORCEMENT AGENCIE NEWYORK,SOUTHAMPTON TOWN PD,HAMPTON BAYS,SUFFOLK,NY0515800,current,,NY0515800,Southampton Town Police Department,city,Suffolk
NY,LAW ENFORCEMENT AGENCIE NEWYORK,SOUTHAMPTON VILLAGE PD,SOUTHAMPTON,SUFFOLK,NY0512600,current,,NY0512600,Southampton Village Police Department,city,Suffolk
NY,LAW ENFORCEMENT AGENCIE NEWYORK,SOUTHOLD PD,SOUTHOLD,SUFFOLK,NY0515900,current,,NY0515900,Southold Town Police Department,city,Suffolk
NY,LAW ENFORCEMENT AGENCIE NEWYORK,SOUTHPORT PD,ELMIRA,CHEMUNG,NY0075800,not_found,,,,,
NY,LAW ENFORCEMENT AGENCIE NEWYORK,SPENCER PD,SPENCER,TIOGA,NY0532500,not_found,,,,,
NY,LAW ENFORCEMENT AGENCIE NEWYORK,SPENCERPORT PD,SPENCERPORT,MONROE,NY0272200,not_found,,,,,
NY,LAW ENFORCEMENT AGENCIE NEWYORK,*OGDEN PD,SPENCERPORT,MONROE,NY0275900,current,,NY0275900,Ogden Town Police Department,city,Monroe
NY,LAW ENFORCEMENT AGENCIE NEWYORK,SPRING VALLEY PD,SPRING VALLEY,ROCKLAND,NY0432800,current,,NY0432800,Spring Valley Village Police Department,city,Rockland
NY,LAW ENFORCEMENT AGENCIE NEWYORK,SPRINGVILLE PD,SPRINGVILLE,ERIE,NY0142700,not_found,,,,,
NY,LAW ENFORCEMENT AGENCIE NEWYORK,CONCORD PD,SPRINGVILLE,ERIE,NY0145900,not_found,,,,,
NY,LAW ENFORCEMENT AGENCIE NEWYORK,STAMFORD HARPERSFIELD PD,STAMFORD,DELAWARE,NY0122500,not_found,,,,,
NY,LAW ENFORCEMENT AGENCIE NEWYORK,STATE PARK AND RECREATIONCOMMISSION FOR THE,NEW YORK,NEW YORK,NY0303100,current,,NY0303100,State Park: New York City Region,other_state,
NY,LAW ENFORCEMENT AGENCIE NEWYORK,STATE POLICE-THRUWAY,ALBANY,N/A,NY1010500,not_found,,,,,
NY,LAW ENFORCEMENT AGENCIE NEWYORK,STATE POLICE-THRUWAY,BUFFALO,N/A,NY1140400,not_found,,,,,
NY,LAW ENFORCEMENT AGENCIE NEWYORK,STATE POLICE-THRUWAY,FREDONIA,N/A,NY1060300,not_found,,,,,
NY,LAW ENFORCEMENT AGENCIE NEWYORK,STATE POLICE-THRUWAY,FULTONVILLE,N/A,NY1280200,not_found,,,,,
NY,LAW ENFORCEMENT AGENCIE NEWYORK,STATE POLICE-THRUWAY,HENRIETTA,N/A,NY1270300,not_found,,,,,
NY,LAW ENFORCEMENT AGENCIE NEWYORK,STATE POLICE-THRUWAY,KINGSTON,N/A,NY1550400,not_found,,,,,
NY,LAW ENFORCEMENT AGENCIE NEWYORK,STATE POLICE-THRUWAY,NEW ROCHELLE,N/A,NY1590500,not_found,,,,,
NY,LAW ENFORCEMENT AGENCIE NEWYORK,STATE POLICE-THRUWAY,NEWBURGH,N/A,NY1350400,not_found,,,,,
NY,LAW ENFORCEMENT AGENCIE NEWYORK,STATE POLICE-THRUWAY,SCHUYLER,N/A,NY1210200,not_found,,,,,
NY,LAW ENFORCEMENT AGENCIE NEWYORK,STATE POLICE-THRUWAY,SYRACUSE,N/A,NY1330200,not_found,,,,,
NY,LAW ENFORCEMENT AGENCIE NEWYORK,STATE POLICE-THRUWAY,TARRYTOWN,N/A,NY1590400,not_found,,,,,
NY,LAW ENFORCEMENT AGENCIE NEWYORK,STATE POLICE,ORCHARD PARK,BRONX,NY1140500,not_found,,,,,
NY,LAW ENFORCEMENT AGENCIE NEWYORK,STATE POLICE,ALLEGANY,N/A,NY1040100,not_found,,,,,
NY,LAW ENFORCEMENT AGENCIE NEWYORK,STATE POLICE,ALBION,N/A,NY1360100,not_found,,,,,
NY,LAW ENFORCEMENT AGENCIE NEWYORK,STATE POLICE,ALEXANDRIA BAY,N/A,NY1220300,not_found,,,,,
NY,LAW ENFORCEMENT AGENCIE NEWYORK,STATE POLICE,ATHOL SPRIÑGS,N/A,NY1140100,not_found,,,,,
NY,LAW ENFORCEMENT AGENCIE NEWYORK,STATE POLICE,AUBURN,N/A,NY1050100,not_found,,,,,
NY,LAW ENFORCEMENT AGENCIE NEWYORK,STATE POLICE,BATH,N/A,NY1500100,not_found,,,,,
NY,LAW ENFORCEMENT AGENCIE NEWYORK,STATE POLICE,BATAVIA,N/A,NY1180100,not_found,,,,,
NY,LAW ENFORCEMENT AGENCIE NEWYORK,STATE POLICE,BINGHAMTON,N/A,NY1030100,not_found,,,,,
NY,LAW ENFORCEMENT AGENCIE NEWYORK,STATE POLICE,BREWSTER,N/A,NY1390200,not_found,,,,,
NY,LAW ENFORCEMENT AGENCIE NEWYORK,STATE POLICE,BRUNSWICK,N/A,NY1410100,not_found,,,,,
NY,LAW ENFORCEMENT AGENCIE NEWYORK,STATE POLICE,BRONX,N/A,NY1620100,not_found,,,,,
NY,LAW ENFORCEMENT AGENCIE NEWYORK,STATE POLICE,CANANDAIGUA,N/A,NY1340100,not_found,,,,,
NY,LAW ENFORCEMENT AGENCIE NEWYORK,STATE POLICE,CANTON,N/A,NY1440100,not_found,,,,,
NY,LAW ENFORCEMENT AGENCIE NEWYORK,STATE POLICE,CHESTERTOWN,N/A,NY1560100,not_found,,,,,
NY,LAW ENFORCEMENT AGENCIE NEWYORK,STATE POLICE,CHAZY,N/A,NY1090200,not_found,,,,,
NY,LAW ENFORCEMENT AGENCIE NEWYORK,STATE POLICE,CLARENCE,N/A,NY1140200,not_found,,,,,
NY,LAW ENFORCEMENT AGENCIE NEWYORK,STATE POLICE,CLARKSON,N/A,NY1270200,not_found,,,,,
NY,LAW ENFORCEMENT AGENCIE NEWYORK,STATE POLICE,CLAVERACK,N/A,NY1100100,not_found,,,,,
NY,LAW ENFORCEMENT AGENCIE NEWYORK,STATE POLICE,CORTLAND,N/A,NY1110100,not_found,,,,,
NY,LAW ENFORCEMENT AGENCIE NEWYORK,STATE POLICE,DEPOSIT,N/A,NY1120200,not_found,,,,,
NY,LAW ENFORCEMENT AGENCIE NEWYORK,STATE POLICE,DOVER PLAINS,N/A,NY1130300,not_found,,,,,
NY,LAW ENFORCEMENT AGENCIE NEWYORK,STATE POLICE,DRESDEN,N/A,NY1610100,not_found,,,,,
NY,LAW ENFORCEMENT AGENCIE NEWYORK,STATE POLICE,DUANESBURG,N/A,NY1460100,not_found,,,,,
NY,LAW ENFORCEMENT AGENCIE NEWYORK,STATE POLICE,EAST GREENBUSH,N/A,NY1410200,not_found,,,,,
NY,LAW ENFORCEMENT AGENCIE NEWYORK,STATE POLICE,EAST AURORA,N/A,NY1140300,not_found,,,,,
NY,LAW ENFORCEMENT AGENCIE NEWYORK,STATE POLICE THRUWAY HEADQUARTERS,ELSMERE,N/A,NY1010100,not_found,,,,,
NY,LAW ENFORCEMENT AGENCIE NEWYORK,STATE POLICE,ELLENVILLE,N/A,NY1550100,not_found,,,,,
NY,LAW ENFORCEMENT AGENCIE NEWYORK,STATE POLICE,FALCONER,N/A,NY1060100,not_found,,,,,
NY,LAW ENFORCEMENT AGENCIE NEWYORK,STATE POLICE,FERNDALE,N/A,NY1520100,not_found,,,,,
NY,LAW ENFORCEMENT AGENCIE NEWYORK,STATE POLICE,FISHERS ISLAND,N/A,NY1510200,not_found,,,,,
NY,LAW ENFORCEMENT AGENCIE NEWYORK,STATE POLICE,FISHKILL,N/A,NY1130100,not_found,,,,,
NY,LAW ENFORCEMENT AGENCIE NEWYORK,STATE POLICE,FONDA,N/A,NY1280100,not_found,,,,,
NY,LAW ENFORCEMENT AGENCIE NEWYORK,STATE POLICE,FRANKLINVILLE,N/A,NY1040200,not_found,,,,,
NY,LAW ENFORCEMENT AGENCIE NEWYORK,STATE POLICE,FREDONIA,N/A,NYÍ060200,not_found,,,,,
NY,LAW ENFORCEMENT AGENCIE NEWYORK,STATE POLICE,FULTON,N/A,NY1370100,not_found,,,,,
NY,LAW ENFORCEMENT AGENCIE NEWYORK,STATE POLICE,GENESEO,N/A,NY1250100,not_found,,,,,
NY,LAW ENFORCEMENT AGENCIE NEWYORK,STATE POLICE,GOUVERNEUR,N/A,NY1440200,not_found,,,,,
NY,LAW ENFORCEMENT AGENCIE NEWYORK,STATE POLICE,HAWTHORNE,N/A,NY1590100,not_found,,,,,
NY,LAW ENFORCEMENT AGENCIE NEWYORK,*SUFFOLK COUNTY PARK RANGERS,WEST SAYVILLE,SUFFOLK,NY0516000,not_found,,,,,
NY,LAW ENFORCEMENT AGENCIE NEWYORK,WEST SENECA PD,BUFFALO,ERIE,NY014740G,not_found,,,,,
NY,LAW ENFORCEMENT AGENCIE NEWYORK,*OLIVE TOWN PD,WEST SHOKAN,ULSTER,NY0559M0,not_found,,,,,
NY,LAW ENFORCEMENT AGENCIE NEWYORK,WEST WINFIELD PD,WEST WINFIELD,HERKIMER,NY021F000,not_found,,,,,
NY,LAW ENFORCEMENT AGENCIE NEWYORK,WESTBURY PD,WESTBURY,NASSAU,NY0292900,not_found,,,,,
NY,LAW ENFORCEMENT AGENCIE NEWYORK,*OLD WESTBURY PD,WESTBURY,NASSAU,NY0294300,current,,NY0294300,Old Westbury Village Police Department,city,Nassau
NY,LAW ENFORCEMENT AGENCIE NEWYORK,WESTCHESTER COUNTY PARKWA,HAWTHORNE,WESTCHESTER,NY0599000,not_found,,,,,
NY,LAW ENFORCEMENT AGENCIE NEWYORK,WESTFIELD PD,WESTFIELD,CHAUTAUQUA,NY0063200,current,,NY0063200,Westfield Village Police Department,city,Chautauqua
NY,LAW ENFORCEMENT AGENCIE NEWYORK,WESTHAMPTON BEACH VILLAGE,WESTHAMPTON BEACH,SUFFOLK,NY0514000,current,,NY0514000,Westhampton Beach Village Police Department,city,Suffolk
NY,LAW ENFORCEMENT AGENCIE NEWYORK,*STATE POLICE,WESTPORT,N/A,NY1150200,not_found,,,,,
NY,LAW ENFORCEMENT AGENCIE NEWYORK,WHEATLAND PD,SCOTTSVILLE,MONROE,NY0270300,not_found,,,,,
NY,LAW ENFORCEMENT AGENCIE NEWYORK,WHITE PLAINS PD,WHITE PLAINS,WESTCHESTER,NY0590200,current,,NY0590200,White Plains Police Department,city,Westchester
NY,LAW ENFORCEMENT AGENCIE NEWYORK,*GREENBURGH PD,WHITE PLAINS,WESTCHESTER,NY0595300,current,,NY0595300,Greenburgh Town Police Department,city,Westchester
NY,LAW ENFORCEMENT AGENCIE NEWYORK,*SHERIFF'S OFFICE,WHITE PLAINS,WESTCHESTER,NY0590000,current,,NY0590000,Westchester Public Safety County Sheriff's Office,county,Westchester
NY,LAW ENFORCEMENT AGENCIE NEWYORK,WHITEHALL PD,WHITEHALL,WASHINGTON,NY0572800,current,,NY0572800,Whitehall Village Police Department,city,Washington
NY,LAW ENFORCEMENT AGENCIE NEWYORK,*STATE POLICE,WHITEHALL,N/A,NY1570100,not_found,,,,,
NY,LAW ENFORCEMENT AGENCIE NEWYORK,WHITESBORO PD,WHITESBORO,ONEIDA,NY0323700,current,,NY0323700,Whitesboro Village Police Department,city,Oneida
NY,LAW ENFORCEMENT AGENCIE NEWYORK,*INDEPENDENCE PD,WHITESVILLE,ALLEGANY,NY0027000,current,,NY0027000,Independence Town Police Department,city,Allegany
NY,LAW ENFORCEMENT AGENCIE NEWYORK,WHITNEY POINT PD,WHITNEY POINT,BROOME,NY0036500,not_found,,,,,
NY,LAW ENFORCEMENT AGENCIE NEWYORK,WILLIAMSVILLE PD,BUFFALO,ERIE,NY0147500,not_found,,,,,
NY,LAW ENFORCEMENT AGENCIE NEWYORK,*AMHERST TOWN PD,WILLIAMSVILLE,ERIE,NY0145100,current,,NY0145100,Amherst Town Police Department,city,Erie
NY,LAW ENFORCEMENT AGENCIE NEWYORK,WILLISTON PARK PD,WILLISTON PARK,NASSAU,NY0293000,not_found,,,,,
NY,LAW ENFORCEMENT AGENCIE NEWYORK,WILLSBORO PD,WILLSBORO,ESSEX,NY0156600,not_found,,,,,
NY,LAW ENFORCEMENT AGENCIE NEWYORK,WINDHAM TOWN PD,WINDHAM,GREENE,NY0192500,current,,NY0192500,Windham Town Police Department,city,Greene
NY,LAW ENFORCEMENT AGENCIE NEWYORK,*WINDSOR TOWN PD,WINDSOR,BROOME,NY0032700,not_found,,,,,
NY,LAW ENFORCEMENT AGENCIE NEWYORK,WINDSOR VILLAGE PD,WINDSOR,BROOME,NY0036600,not_found,,,,,
NY,LAW ENFORCEMENT AGENCIE NEWYORK,WOLCOTT PD,WOLCOTT,WAYNE,NY0582100,current,,NY0582100,Wolcott Village Police Department,city,Wayne
NY,LAW ENFORCEMENT AGENCIE NEWYORK,*STATE POLICE,WOLCOTT,N/A,NY1580200,not_found,,,,,
NY,LAW ENFORCEMENT AGENCIE NEWYORK,WOODBURY TOWN PD,HIGHLAND MILLS,ORANGE,NY0356900,current,,NY0356900,Woodbury Town Police Department,city,Orange
NY,LAW ENFORCEMENT AGENCIE NEWYORK,WOODHULL PD,WOODHULL,STEUBEN,NY0503000,not_found,,,,,
NY,LAW ENFORCEMENT AGENCIE NEWYORK,WOODRIDGE PD,WOODRIDGE,SULLIVAN,NY0522300,current,,NY0522300,Woodridge Village Police Department,city,Sullivan
NY,LAW ENFORCEMENT AGENCIE NEWYORK,WOODSTOCK TOWN PD,WOODSTOCK,ULSTER,NY0556600,current,,NY0556600,Woodstock Town Police Department,city,Ulster
NY,LAW ENFORCEMENT AGENCIE NEWYORK,WYOMING PD,WYOMING,WYOMING,NY0602800,not_found,,,,,
NY,LAW ENFORCEMENT AGENCIE NEWYORK,VATES TOWN PD,LYNDONVILLE,ORLEANS,NY0365900,not_found,,,,,
NY,LAW ENFORCEMENT AGENCIE NEWYORK,YONKERS PD,YONKERS,WESTCHESTER,NY059070G,not_found,,,,,
NY,LAW ENFORCEMENT AGENCIE NEWYORK,YORKTOWN PD,YORKTOWN HEIGHTS,WESTCHESTER,NY0596800,current,,NY0596800,Yorktown Town Police Department,city,Westchester
NY,LAW ENFORCEMENT AGENCIE NEWYORK,YORKVILLE PD,YORKVILLE,ONEIDA,NY0323800,current,,NY0323800,Yorkville Village Police Department,city,Oneida
NY,LAW ENFORCEMENT AGENCIE NEWYORK,YOUNGSTOWN PD,YOUNGSTOWN,NIAGARA,NY0312300,current,,NY0312300,Youngstown Village Police Department,city,Niagara
NY,FEDERAL AGENCIES NEW YORK,ARMY PICTORIAL CENTER,LONG ISLAND CITY,N/A,NYUSA0000,federal,,,,,
NY,FEDERAL AGENCIES NEW YORK,BORDER PATROL,OGDENSBURG,N/A,NYINS0200,federal,,,,,
NY,FEDERAL AGENCIES NEW YORK,BORDER PATROL,BUFFALO,N/A,NYINS0100,federal,,,,,
NY,FEDERAL AGENCIES NEW YORK,BROOKLYN ARMY TERMINAL,BROOKLYN,N/A,NYUSA0100,federal,,,,,
NY,FEDERAL AGENCIES NEW YORK,"BUREAU OF ALCOHOL, TOBACCO AND FIREARMS",PLATTSBURGH,N/A,NYATF0900,federal,,,,,
NY,FEDERAL AGENCIES NEW YORK,"BUREAU OF ALCOHOL, TOBACCO AND FIREARMS",ELMIRA,N/A,NYATF0600,federal,,,,,
NY,FEDERAL AGENCIES NEW YORK,"BUREAU OF ALCOHOL, TOBACCO AND FIREARMS",SYRACUSE,N/A,NYATF1100,federal,,,,,
NY,FEDERAL AGENCIES NEW YORK,"BUREAU OF ALCOHOL, TOBACCO AND FIREARMS",WHITE PLAINS,N/A,NYATF1300,federal,,,,,
NY,FEDERAL AGENCIES NEW YORK,"BUREAU OF ALCOHOL, TOBACCO AND FIREARMS",BUFFALO,N/A,NYATF0200,federal,,,,,
NY,FEDERAL AGENCIES NEW YORK,"BUREAU OF ALCOHOL, TOBACCO AND FIREARMS",NEWBURGH,N/A,NYATF0800,federal,,,,,
NY,FEDERAL AGENCIES NEW YORK,"BUREAU OF ALCOHOL, TOBACCO AND FIREARMS",ROCHESTER,N/A,NYATF1000,federal,,,,,
NY,FEDERAL AGENCIES NEW YORK,"BUREAU OF ALCOHOL, TOBACCO AND FIREARMS",NEW YORK CITY,N/A,NYATFNY00,federal,,,,,
NY,FEDERAL AGENCIES NEW YORK,"BUREAU OF ALCOHOL, TOBACCO AND FIREARMS",BINGHAMPTON,N/A,NYATF0400,federal,,,,,
NY,FEDERAL AGENCIES NEW YORK,"BUREAU OF ALCOHOL, TOBACCO AND FIREARMS",UTICA,N/A,NYATF1200,federal,,,,,
NY,FEDERAL AGENCIES NEW YORK,"BUREAU OF ALCOHOL, TOBACCO AND FIREARMS",BROOKLYN,N/A,NYATF0500,federal,,,,,
NY,FEDERAL AGENCIES NEW YORK,"BUREAU OF ALCOHOL, TOBACCO AND FIREARMS",ALBANY,N/A,NYATF0300,federal,,,,,
NY,FEDERAL AGENCIES NEW YORK,"BUREAU OF ALCOHOL, TOBACCO AND FIREARMS",NEW YORK CITY,N/A,NYATF0100,federal,,,,,
NY,FEDERAL AGENCIES NEW YORK,"BUREAU OF ALCOHOL, TOBACCO AND FIREARMS",MINEOLA,N/A,NYATF0700,federal,,,,,
NY,FEDERAL AGENCIES NEW YORK,"BUREAU OF ALCOHOL, TOBACCAND FIREARMS",QUEENS,N/A,NYATF1400,federal,,,,,
NY,FEDERAL AGENCIES NEW YORK,BUREAU OF CUSTOMS CUSTOMS AGENCY SERVICE,ROUSES POINT,N/A,NYCASRP00,federal,,,,,
NY,FEDERAL AGENCIES NEW YORK,BUREAU OF CUSTOMS CUSTOMS AGENCY SERVICE,NEW YORK,N/A,NYCASNY00,federal,,,,,
NY,FEDERAL AGENCIES NEW YORK,BUREAU OF CUSTOMS CUSTOMS AGENCY SERVICE,OGDENSBURG,N/A,NYCAS0G00,federal,,,,,
NY,FEDERAL AGENCIES NEW YORK,BUREAU OF CUSTOMS CUSTOMS AGENCY SERVICE,NEW YORK,N/A,NYCASS100,federal,,,,,
NY,FEDERAL AGENCIES NEW YORK,BUREAU OF CUSTOMS CUSTOMS AGENCY SERVICE,BUFFALO,N/A,NYCASBU00,federal,,,,,
NY,FEDERAL AGENCIES NEW YORK,BUREAU OF CUSTOMS CUSTOMS AGENCY SERVICE,NEW YORK,N/A,NYCASJK00,federal,,,,,
NY,FEDERAL AGENCIES NEW YORK,BUREAU OF NARCOTICS AND DANGEROUS DRUGS,NEW YORK CITY,N/A,NYBNDNY00,federal,,,,,
NY,FEDERAL AGENCIES NEW YORK,BUREAU OF NARCOTICS AND DANGEROUS DRUGS,BUFFALO,N/A,NYBNDBU00,federal,,,,,
NY,FEDERAL AGENCIES NEW YORK,BUREAU OF NARCOTICS AND DANGEROUS DRUGS,ALBANY,N/A,NYBNDAL00,federal,,,,,
NY,FEDERAL AGENCIES NEW YORK,CAMP DRUM,GREAT BEND,N/A,NYUSA0200,federal,,,,,
NY,FEDERAL AGENCIES NEW YORK,CAMP HERO,"MONTAUK, LONG ISLAND",N/A,NYUSA0300,federal,,,,,
NY,FEDERAL AGENCIES NEW YORK,CASTLE CLINTON NATIONAL MONUMENT,BATTERY PARK,N/A,NYDI00300,federal,,,,,
NY,FEDERAL AGENCIES NEW YORK,DRUG ENFORCEMENT ADMINISTRATION,BUFFALO,N/A,NYDEA0200,federal,,,,,
NY,FEDERAL AGENCIES NEW YORK,DRUG ENFORCEMENT ADMINISTRATION,ALBANY,N/A,NYDEA0100,federal,,,,,
NY,FEDERAL AGENCIES NEW YORK,DRUG ENFORCEMENT ADMINISTRATION,WESTBURY,N/A,NYDEA0500,federal,,,,,
NY,FEDERAL AGENCIES NEW YORK,DRUG ENFORCEMENT ADMINISTRATION,NEW YORK,N/A,NYDEA0300,federal,,,,,
NY,FEDERAL AGENCIES NEW YORK,DRUG ENFORCEMENT ADMINISTRATION,ROUSES POINT,N/A,NYDEA0400,federal,,,,,
NY,FEDERAL AGENCIES NEW YORK,FBI,NEW ROCHELLE,N/A,NYFBINR00,federal,,,,,
NY,FEDERAL AGENCIES NEW YORK,FBI,ALBANY,N/A,NYFBIAL00,federal,,,,,
NY,FEDERAL AGENCIES NEW YORK,FBI,BUFFALO,N/A,NYFBIBU00,federal,,,,,
NY,FEDERAL AGENCIES NEW YORK,FBI,NEW YORK,N/A,NYFBINY00,federal,,,,,
NY,FEDERAL AGENCIES NEW YORK,FEDERAL AVIATIONADMINISTRATION AIR,JAMAICA,N/A,NYFAA0100,federal,,,,,
NY,FEDERAL AGENCIES NEW YORK,FEDERAL HALL NATIONAL MEMORIAL,NEW YORK,N/A,NYDI00400,federal,,,,,
NY,FEDERAL AGENCIES NEW YORK,FIRE ISLAND NATIONAL SEAS,PATCHOGUE,N/A,NYDI00500,federal,,,,,
NY,FEDERAL AGENCIES NEW YORK,FOOD AND DRUG ADMINISTRATION,NEW YORK,N/A,NYFDANY00,federal,,,,,
NY,FEDERAL AGENCIES NEW YORK,FORT HAMILTON,BROOKLYN,N/A,NYUSA0400,federal,,,,,
NY,FEDERAL AGENCIES NEW YORK,FORT JAY,GOVERNOR IS,N/A,NYUSA0500,federal,,,,,
NY,FEDERAL AGENCIES NEW YORK,FORT NIAGARA,YOUNGSTOWN,N/A,NYUSA0600,federal,,,,,
NY,FEDERAL AGENCIES NEW YORK,FORT SLOCUM,NEW ROCHELLE,N/A,NYUSA0700,federal,,,,,
NY,FEDERAL AGENCIES NEW YORK,FORT STANWIX NATIONAL MONUMENT,NEW YORK,N/A,NYDI00600,federal,,,,,
NY,FEDERAL AGENCIES NEW YORK,FORT TILDEN,ROCKWAY PARK,N/A,NYUSA0800,federal,,,,,
NY,FEDERAL AGENCIES NEW YORK,FORT TOTTEN,"BAYSIDE, LONG ISLAND",N/A,NYUSA0900,federal,,,,,
NY,FEDERAL AGENCIES NEW YORK,FORT WADSWORTH,STATEN ISLAND,N/A,NYUSA1000,federal,,,,,
NY,FEDERAL AGENCIES NEW YORK,GATEWAY NATIONAL RECREATIAREA,BROOKLYN,N/A,NYDI01500,federal,,,,,
NY,FEDERAL AGENCIES NEW YORK,GENERAL GRANT NATIONAL MEMORIAL,NEW YORK,N/A,NYDI00700,federal,,,,,
NY,FEDERAL AGENCIES NEW YORK,HAMILTON GRANGE NATIONAL MEMORIAL,NEW YORK,N/A,NYDI00800,federal,,,,,
NY,FEDERAL AGENCIES NEW YORK,HOME OF FRANKLIN D. ROOSEVELT NATIONAL HISTOR,HYDE PARK,N/A,NYD100900,federal,,,,,
NY,FEDERAL AGENCIES NEW YORK,IMMIGRATION AND NATURALIZATION SERVICE,BUFFALO,N/A,NYINSBU00,federal,,,,,
NY,FEDERAL AGENCIES NEW YORK,IMMIGRATION AND NATURALIZATION SERVICE,NEW YORK,N/A,NYINSNY00,federal,,,,,
NY,FEDERAL AGENCIES NEW YORK,IMMIGRATION AND NATURALIZATION SERVICE,ALBANY,N/A,NYINSAL00,federal,,,,,
NY,FEDERAL AGENCIES NEW YORK,INTERNAL REVENUE INSEPCTION SERVICE,NEW YORK CITY,N/A,NYIRS8000,federal,,,,,
NY,FEDERAL AGENCIES NEW YORK,INTERNAL REVENUE SERVICE INTELLIGENCE DIVISION,HOLTSVILLE,N/A,NYIRS4400,federal,,,,,
NY,FEDERAL AGENCIES NEW YORK,INTERNAL REVENUE SERVICE INTELLIGENCE DIVISION,NEW YORK,N/A,NYIRS9600,federal,,,,,
NY,FEDERAL AGENCIES NEW YORK,INTERNAL REVENUE SERVICE INTELLIGENCE DiVISION,BROOKLYN,N/A,NYIRS1100,federal,,,,,
NY,FEDERAL AGENCIES NEW YORK,INTERNAL REVENUE SERVICE INTELLIGENCE DIVISION,NEW YORK,N/A,NYIRS1300,federal,,,,,
NY,FEDERAL AGENCIES NEW YORK,INTERNAL REVENUE SERVICE INTELLIGENCE DIVISION,BUFFALO,N/A,NYIRS1600,federal,,,,,
NY,FEDERAL AGENCIES NEW YORK,INTERNAL REVENUE SERVICE INTELLIGENCE DIVISION,ALBANY,N/A,NYIRS1400,federal,,,,,
NY,FEDERAL AGENCIES NEW YORK,"MARINE BARRACKS, NAVAL BASE",BROOKLYN,N/A,NYMC00100,federal,,,,,
NY,FEDERAL AGENCIES NEW YORK,MILLER FIELD,STATEN ISLAND,N/A,NYUSA1100,federal,,,,,
NY,FEDERAL AGENCIES NEW YORK,NIAGARA FALLS ARMY CMP,NIAGRA FALLS,N/A,NYUSA1200,federal,,,,,
NY,FEDERAL AGENCIES NEW YORK,OFFICE OF INVESTIGATION DEPARTMENT OF AGRICULTURE,,N/A,NYD0ANY00,federal,,,,,
NY,FEDERAL AGENCIES NEW YORK,"OSI, QRIFFISS AFB",ROME,N/A,NY0SI2200,federal,,,,,
NY,FEDERAL AGENCIES NEW YORK,"OSI, USAF",NEW YORK CITY,N/A,NY0SI0200,federal,,,,,
NY,FEDERAL AGENCIES NEW YORK,POSTAL INSPECTOR IN CHARGE,BROOKLYN,N/A,NYP0BK000,federal,,,,,
NY,FEDERAL AGENCIES NEW YORK,POSTAL INSPECTOR IN CHARGE,NEW YORK,N/A,NYP0NY000,federal,,,,,
NY,FEDERAL AGENCIES NEW YORK,REGIONAL CHIEF POSTAL INSPECTOR,NEW YORK,N/A,NYP0NY1C0,federal,,,,,
NY,FEDERAL AGENCIES NEW YORK,SAGAMORE HILL NATIONAL HISTORIC SITE,OYSTER BAY,N/A,NYDI01000,federal,,,,,
NY,FEDERAL AGENCIES NEW YORK,SARATOGA NATIONAL HISTORICAL PARK,STILLWATER,N/A,NYDI00100,federal,,,,,
NY,FEDERAL AGENCIES NEW YORK,SCHENECTADY ARMY DEPOT,SCHNECTADY,N/A,NYUSA1300,federal,,,,,
NY,FEDERAL AGENCIES NEW YORK,SECURITY POLICE,GRIFFISS AIR FORCE,N/A,NYAF00100,federal,,,,,
NY,FEDERAL AGENCIES NEW YORK,SENECA ARMY DEPOT,ROMULUS,N/A,NYUSA1400,federal,,,,,
NY,FEDERAL AGENCIES NEW YORK,ST. PAUL’S CHURCH NATIONAHISTORIC SITE,NEW YORK,N/A,NYDI01100,federal,,,,,
NY,FEDERAL AGENCIES NEW YORK,STATUE OF LIBERTY NATIONAL MONUMENT,NEW YORK,N/A,NYDI01200,federal,,,,,
NY,FEDERAL AGENCIES NEW YORK,THEODORE ROOSEVELT BIRTHPAND INAUGURAL NATIONAL,NEW YORK,N/A,NYDI01300,federal,,,,,
NY,FEDERAL AGENCIES NEW YORK,U. S. COAST GUARD DISTRICT OFFICE,NEW YORK,N/A,NYCG00300,federal,,,,,
NY,FEDERAL AGENCIES NEW YORK,U. S. COAST GUARD SUPPLY CENTER,BROOKLYN,N/A,NYCG00000,federal,,,,,
NY,FEDERAL AGENCIES NEW YORK,"U. S. COAST GUARD COMMANDER, EASTERN AREA",NEW YORK,N/A,NYCGC0M00,federal,,,,,
NY,FEDERAL AGENCIES NEW YORK,U. S. CUSTOMS SERVICE INSPECTION AND CONTROL,ALEXANDRIA BAY,N/A,NYUSC0100,federal,,,,,
NY,FEDERAL AGENCIES NEW YORK,U. S. CUSTOMS SERVICE INSPECTION AND CONTROL,ALBANY,N/A,NYUSC2000,federal,,,,,
NY,FEDERAL AGENCIES NEW YORK,U. S. CUSTOMS SERVICE INSPECTION AND CONTROL,WADDINGTON,N/A,NYUSC1200,federal,,,,,
NY,FEDERAL AGENCIES NEW YORK,"U, S. CUSTOMS SERVICE INSPECTION AND CONTROL",NEW YORK,N/A,NYUSC2200,federal,,,,,
NY,FEDERAL AGENCIES NEW YORK,U. S. CUSTOMS SERVICE INSPECTION AND CONTROL,CHAMPLAIN,N/A,NYUSC0300,federal,,,,,
NY,FEDERAL AGENCIES NEW YORK,U. S. CUSTOMS SERVICE INSPECTION AND CONTROL,OGDENSBURG,N/A,NYUSC0900,federal,,,,,
NY,FEDERAL AGENCIES NEW YORK,U. S. CUSTOMS SERVICE INSPECTION AND CONTROL,JAMAICA,N/A,NYUSC2100,federal,,,,,
NY,FEDERAL AGENCIES NEW YORK,U. S. CUSTOMS SERVICE INSPECTION AND CONTROL,NIAGARA FALLS,N/A,NYUSC1500,federal,,,,,
NY,FEDERAL AGENCIES NEW YORK,U. S. CUSTOMS SERVICE INSPECTION AND CONTROL,ROUSES POINT,N/A,NYUSC1000,federal,,,,,
NY,FEDERAL AGENCIES NEW YORK,U. S. CUSTOMS SERVICE INSPECTION AND CONTROL,CLAYTON,N/A,NYUSC0500,federal,,,,,
NY,FEDERAL AGENCIES NEW YORK,U. S. CUSTOMS SERVICE INSPECTION AND CONTROL,MASSENA,N/A,NYUSC0700,federal,,,,,
NY,FEDERAL AGENCIES NEW YORK,U. S. CUSTOMS SERVICE INSPECTION AND CONTROL,MORRISTOWN,N/A,NYUSC0800,federal,,,,,
NY,FEDERAL AGENCIES NEW YORK,U. S. CUSTOMS SERVICE INSPECTION AND CONTROL,UTICA,N/A,NYUSC1900,federal,,,,,
NY,FEDERAL AGENCIES NEW YORK,U. S. CUSTOMS SERVICE INSPECTION AND CONTROL,ROCHESTER,N/A,NYUSC1600,federal,,,,,
NY,FEDERAL AGENCIES NEW YORK,U. S. CUSTOMS SERVICE INSPECTION AND CONTROL,SYRACUSE,N/A,NYU3C1800,federal,,,,,
NY,FEDERAL AGENCIES NEW YORK,U. S. CUSTOMS SERVICE SECURITY DIVISION,NEW YORK,N/A,NYUSC9000,federal,,,,,
NY,FEDERAL AGENCIES NEW YORK,U. S. CUSTOMS SERVICE INSPECTION AND CONTROL,CAPE VINCENT,N/A,NYUSC0200,federal,,,,,
NY,FEDERAL AGENCIES NEW YORK,U. S. CUSTOMS SERVICE INSPECTION AND CONTROL,TROUT RIVER,N/A,NYUSC1100,federal,,,,,
NY,FEDERAL AGENCIES NEW YORK,U. S. CUSTOMS SERVICE INSPECTION AND CONTROL,BUFFALO,N/A,NYUSC1300,federal,,,,,
NY,FEDERAL AGENCIES NEW YORK,U. S. CUSTOMS SERVICE INSPECTION AND CONTROL,CHATEAUGAY,N/A,NYUSC0400,federal,,,,,
NY,FEDERAL AGENCIES NEW YORK,U. S. CUSTOMS SERVICE OFFICE OF INVESTIGATIONS,JAMAICA,N/A,NYUSC5100,federal,,,,,
NY,FEDERAL AGENCIES NEW YORK,U. S. CUSTOMS SERVICE INSPECTION AND CONTROL,FORT COVINGTON,N/A,NYUSC0600,federal,,,,,
NY,FEDERAL AGENCIES NEW YORK,U. S. CUSTOMS SERVICE INSPECTION AND CONTROL,SODUS POINT,N/A,NYUSC1700,federal,,,,,
NY,FEDERAL AGENCIES NEW YORK,U. S. CUSTOMS SERVICE INSPECTION AND CONTROL,OSWEGO,N/A,NYUSC1400,federal,,,,,
NY,FEDERAL AGENCIES NEW YORK,U. S. MILITARY ACADEMY,WEST POINT,N/A,NYUSA1700,federal,,,,,
NY,FEDERAL AGENCIES NEW YORK,U. S. SECRET SERVICE,WHITE PLAINS,N/A,NYSS13700,federal,,,,,
NY,FEDERAL AGENCIES NEW YORK,U. S. SECRET SERVICE,BUFFALO,N/A,NYSS10300,federal,,,,,
NY,FEDERAL AGENCIES NEW YORK,U. S. SECRET SERVICE,ROCHESTER,N/A,NYSS13600,federal,,,,,
NY,FEDERAL AGENCIES NEW YORK,U. S. SECRET SERVICE,NEW YORK,N/A,NYSS10800,federal,,,,,
NY,FEDERAL AGENCIES NEW YORK,U. S. SECRET SERVICE,ALBANY,N/A,NYSS12000,federal,,,,,
NY,FEDERAL AGENCIES NEW YORK,U. S. SECRET SERVICE,SYRACUSE,N/A,NYSS11400,federal,,,,,
NY,FEDERAL AGENCIES NEW YORK,US. CUSTOMS SERVICE OFFICE OF INVESTIGATIONS,NEW YORK,N/A,NYUSC5200,federal,,,,,
NY,FEDERAL AGENCIES NEW YORK,U.& CUSTOMS SERVICE OFFICE OF INVESTIGATIONS,BUFFALO,N/A,NYUSC5000,federal,,,,,
NY,FEDERAL AGENCIES NEW YORK,U.S. CUSTOMS SERVICE OFFICE OF INVESTIGATIONS,OGDENBURG,N/A,NYUSC5300,federal,,,,,
NY,FEDERAL AGENCIES NEW YORK,U.S. CUSTOMS SERVICE OFFICE OF INVESTIGATIONS,ROUSES POINT,N/A,NYUSC5400,federal,,,,,
NY,FEDERAL AGENCIES NEW YORK,US. DEPARTMENT OF STATE,NEW YORK,N/A,NYD0S0000,federal,,,,,
NY,FEDERAL AGENCIES NEW YORK,US. NAVAL INVESTIGATIVE SERVICE OFFICE,NEW YORK,N/A,NYNIS0300,federal,,,,,
NY,FEDERAL AGENCIES NEW YORK,UNITED STATES MARSHAL,BUFFALO,N/A,NYUSM0100,federal,,,,,
NY,FEDERAL AGENCIES NEW YORK,UNITED STATES MARSHAL,NEW YORK,N/A,NYUSM0300,federal,,,,,
NY,FEDERAL AGENCIES NEW YORK,UNITED STATES MARSHAL,UTICA,N/A,NYUSM0400,federal,,,,,
NY,FEDERAL AGENCIES NEW YORK,UNITED STATES MARSHAL,BROOKLYN,N/A,NYUSM0200,federal,,,,,
NY,FEDERAL AGENCIES NEW YORK,USN HEADQUARTERS 3RD NAVAL DISTRICT,NEW YORK,N/A,NYUSN0000,federal,,,,,
NY,FEDERAL AGENCIES NEW YORK,VANDERBILT MANSION NATIONAL HISTORIC SITE,HYDE PARK,N/A,NYDI0020,federal,,,,,
NY,FEDERAL AGENCIES NEW YORK,WATERVLIET ARSENAL,WATERVLIET,N/A,NYUSA1500,federal,,,,,
NY,FEDERAL AGENCIES NEW YORK,WEST POINT MILITARY RESERVATION,WEST POINT,N/A,NYUSA1600,federal,,,,,
NY,FEDERAL AGENCIES NEW YORK,NATIONAL AUTOMOBILE THEFT BUREAU,"NEW YORK, NEW YORK",N/A,NYNATBNOO,federal,,,,,
